"GEO","Date","Inc10k_less","Inc10_39k","Inc40_59k","Inc60_79k","Inc80_99k","Inc100_149k","Inc100k_over","Inc150k_over"
"Alberta",2013-01-01,NA,NA,NA,NA,NA,NA,NA,NA
"Alberta",2013-02-01,NA,NA,NA,NA,NA,NA,NA,NA
"Alberta",2013-03-01,NA,NA,NA,NA,NA,NA,NA,NA
"Alberta",2013-04-01,NA,NA,NA,NA,NA,NA,NA,NA
"Alberta",2013-05-01,NA,NA,NA,NA,NA,NA,NA,NA
"Alberta",2013-06-01,NA,NA,NA,NA,NA,NA,NA,NA
"Alberta",2013-07-01,0.042,0.167,0.127,0.12,0.099,0.2,0.445,0.245
"Alberta",2013-08-01,0.041,0.166,0.127,0.12,0.1,0.201,0.446,0.244
"Alberta",2013-09-01,0.04,0.166,0.126,0.119,0.101,0.203,0.447,0.244
"Alberta",2013-10-01,0.04,0.165,0.126,0.119,0.102,0.204,0.448,0.244
"Alberta",2013-11-01,0.039,0.165,0.126,0.118,0.103,0.206,0.449,0.243
"Alberta",2013-12-01,0.038,0.164,0.126,0.118,0.104,0.207,0.45,0.242
"Alberta",2014-01-01,0.038,0.164,0.126,0.117,0.105,0.209,0.45,0.242
"Alberta",2014-02-01,0.037,0.163,0.125,0.117,0.106,0.21,0.451,0.242
"Alberta",2014-03-01,0.036,0.162,0.125,0.117,0.107,0.211,0.452,0.241
"Alberta",2014-04-01,0.035,0.162,0.125,0.116,0.108,0.213,0.453,0.24
"Alberta",2014-05-01,0.034,0.161,0.124,0.116,0.109,0.214,0.454,0.24
"Alberta",2014-06-01,0.034,0.161,0.124,0.115,0.11,0.216,0.455,0.24
"Alberta",2014-07-01,0.033,0.16,0.124,0.115,0.111,0.217,0.456,0.239
"Alberta",2014-08-01,0.032,0.16,0.125,0.116,0.111,0.216,0.456,0.24
"Alberta",2014-09-01,0.031,0.16,0.126,0.116,0.11,0.215,0.456,0.241
"Alberta",2014-10-01,0.03,0.16,0.126,0.117,0.11,0.214,0.456,0.242
"Alberta",2014-11-01,0.03,0.161,0.127,0.117,0.109,0.213,0.456,0.243
"Alberta",2014-12-01,0.029,0.161,0.128,0.118,0.109,0.212,0.456,0.244
"Alberta",2015-01-01,0.028,0.161,0.128,0.118,0.108,0.211,0.456,0.246
"Alberta",2015-02-01,0.027,0.161,0.129,0.119,0.108,0.21,0.457,0.247
"Alberta",2015-03-01,0.026,0.161,0.13,0.12,0.107,0.209,0.457,0.248
"Alberta",2015-04-01,0.026,0.162,0.131,0.12,0.106,0.208,0.457,0.249
"Alberta",2015-05-01,0.025,0.162,0.132,0.121,0.106,0.207,0.457,0.25
"Alberta",2015-06-01,0.024,0.162,0.132,0.121,0.106,0.206,0.457,0.251
"Alberta",2015-07-01,0.023,0.162,0.133,0.122,0.105,0.205,0.457,0.252
"Alberta",2015-08-01,0.023,0.164,0.132,0.122,0.104,0.207,0.456,0.249
"Alberta",2015-09-01,0.023,0.166,0.131,0.122,0.104,0.209,0.455,0.246
"Alberta",2015-10-01,0.024,0.168,0.13,0.122,0.104,0.211,0.454,0.242
"Alberta",2015-11-01,0.024,0.171,0.13,0.122,0.103,0.213,0.452,0.239
"Alberta",2015-12-01,0.024,0.173,0.129,0.122,0.102,0.215,0.451,0.236
"Alberta",2016-01-01,0.024,0.175,0.128,0.122,0.102,0.217,0.45,0.233
"Alberta",2016-02-01,0.024,0.177,0.127,0.122,0.102,0.219,0.449,0.23
"Alberta",2016-03-01,0.024,0.179,0.126,0.122,0.101,0.221,0.448,0.227
"Alberta",2016-04-01,0.024,0.182,0.126,0.122,0.1,0.223,0.446,0.224
"Alberta",2016-05-01,0.025,0.184,0.125,0.122,0.1,0.225,0.445,0.22
"Alberta",2016-06-01,0.025,0.186,0.124,0.122,0.1,0.227,0.444,0.217
"Alberta",2016-07-01,0.025,0.188,0.123,0.122,0.099,0.229,0.443,0.214
"Alberta",2016-08-01,0.024,0.188,0.124,0.122,0.099,0.226,0.442,0.216
"Alberta",2016-09-01,0.024,0.188,0.126,0.122,0.1,0.223,0.441,0.218
"Alberta",2016-10-01,0.024,0.188,0.127,0.122,0.1,0.22,0.44,0.22
"Alberta",2016-11-01,0.023,0.187,0.128,0.121,0.1,0.217,0.439,0.222
"Alberta",2016-12-01,0.022,0.187,0.13,0.121,0.101,0.214,0.438,0.224
"Alberta",2017-01-01,0.022,0.187,0.131,0.121,0.101,0.211,0.438,0.226
"Alberta",2017-02-01,0.021,0.187,0.132,0.121,0.101,0.209,0.437,0.228
"Alberta",2017-03-01,0.021,0.187,0.134,0.121,0.102,0.206,0.436,0.23
"Alberta",2017-04-01,0.02,0.186,0.135,0.12,0.102,0.203,0.435,0.232
"Alberta",2017-05-01,0.02,0.186,0.136,0.12,0.102,0.2,0.434,0.234
"Alberta",2017-06-01,0.02,0.186,0.138,0.12,0.103,0.197,0.433,0.236
"Alberta",2017-07-01,0.019,0.186,0.139,0.12,0.103,0.194,0.432,0.238
"Alberta",2017-08-01,0.02,0.185,0.138,0.12,0.104,0.194,0.432,0.238
"Alberta",2017-09-01,0.021,0.184,0.137,0.12,0.105,0.194,0.432,0.238
"Alberta",2017-10-01,0.022,0.184,0.136,0.12,0.106,0.194,0.431,0.237
"Alberta",2017-11-01,0.023,0.183,0.135,0.12,0.108,0.194,0.431,0.237
"Alberta",2017-12-01,0.024,0.182,0.134,0.12,0.109,0.194,0.431,0.237
"Alberta",2018-01-01,0.025,0.181,0.134,0.12,0.11,0.194,0.43,0.236
"Alberta",2018-02-01,0.026,0.18,0.133,0.119,0.111,0.193,0.43,0.236
"Alberta",2018-03-01,0.027,0.179,0.132,0.119,0.112,0.193,0.43,0.236
"Alberta",2018-04-01,0.028,0.179,0.131,0.119,0.113,0.193,0.43,0.236
"Alberta",2018-05-01,0.029,0.178,0.13,0.119,0.115,0.193,0.43,0.236
"Alberta",2018-06-01,0.03,0.177,0.129,0.119,0.116,0.193,0.429,0.235
"Alberta",2018-07-01,0.031,0.176,0.128,0.119,0.117,0.193,0.429,0.235
"Alberta",2018-08-01,0.031,0.175,0.13,0.119,0.117,0.192,0.428,0.236
"Alberta",2018-09-01,0.031,0.174,0.131,0.12,0.117,0.19,0.427,0.236
"Alberta",2018-10-01,0.03,0.174,0.133,0.12,0.116,0.188,0.426,0.237
"Alberta",2018-11-01,0.03,0.173,0.135,0.121,0.116,0.187,0.425,0.238
"Alberta",2018-12-01,0.03,0.172,0.136,0.121,0.116,0.186,0.424,0.238
"Alberta",2019-01-01,0.03,0.171,0.138,0.122,0.116,0.184,0.424,0.239
"Alberta",2019-02-01,0.03,0.17,0.14,0.122,0.116,0.182,0.423,0.24
"Alberta",2019-03-01,0.03,0.169,0.141,0.122,0.116,0.181,0.422,0.24
"Alberta",2019-04-01,0.029,0.168,0.143,0.123,0.116,0.18,0.421,0.241
"Alberta",2019-05-01,0.029,0.168,0.145,0.123,0.115,0.178,0.42,0.242
"Alberta",2019-06-01,0.029,0.167,0.146,0.124,0.115,0.176,0.419,0.242
"Alberta",2019-07-01,0.029,0.166,0.148,0.124,0.115,0.175,0.418,0.243
"Alberta",2019-08-01,0.028,0.167,0.147,0.123,0.115,0.176,0.419,0.243
"Alberta",2019-09-01,0.028,0.168,0.145,0.123,0.116,0.178,0.42,0.243
"Alberta",2019-10-01,0.027,0.169,0.144,0.122,0.116,0.179,0.422,0.243
"Alberta",2019-11-01,0.026,0.17,0.143,0.121,0.117,0.18,0.423,0.243
"Alberta",2019-12-01,0.026,0.171,0.141,0.121,0.117,0.181,0.424,0.243
"Alberta",2020-01-01,0.025,0.172,0.14,0.12,0.117,0.182,0.426,0.244
"Alberta",2020-02-01,0.024,0.173,0.139,0.119,0.118,0.184,0.427,0.244
"Alberta",2020-03-01,0.024,0.174,0.137,0.119,0.118,0.185,0.428,0.244
"Alberta",2020-04-01,0.023,0.175,0.136,0.118,0.119,0.186,0.429,0.244
"Alberta",2020-05-01,0.022,0.176,0.135,0.117,0.119,0.188,0.43,0.244
"Alberta",2020-06-01,0.022,0.177,0.133,0.117,0.12,0.189,0.432,0.244
"Alberta",2020-07-01,0.021,0.178,0.132,0.116,0.12,0.19,0.433,0.244
"Alberta",2020-08-01,NA,NA,NA,NA,NA,NA,NA,NA
"Alberta",2020-09-01,NA,NA,NA,NA,NA,NA,NA,NA
"Alberta",2020-10-01,NA,NA,NA,NA,NA,NA,NA,NA
"Alberta",2020-11-01,NA,NA,NA,NA,NA,NA,NA,NA
"Alberta",2020-12-01,NA,NA,NA,NA,NA,NA,NA,NA
"Alberta",2021-01-01,NA,NA,NA,NA,NA,NA,NA,NA
"Alberta",2021-02-01,NA,NA,NA,NA,NA,NA,NA,NA
"Alberta",2021-03-01,NA,NA,NA,NA,NA,NA,NA,NA
"Alberta",2021-04-01,NA,NA,NA,NA,NA,NA,NA,NA
"Alberta",2021-05-01,NA,NA,NA,NA,NA,NA,NA,NA
"Alberta",2021-06-01,NA,NA,NA,NA,NA,NA,NA,NA
"Alberta",2021-07-01,NA,NA,NA,NA,NA,NA,NA,NA
"Alberta",2021-08-01,NA,NA,NA,NA,NA,NA,NA,NA
"Alberta",2021-09-01,NA,NA,NA,NA,NA,NA,NA,NA
"Alberta",2021-10-01,NA,NA,NA,NA,NA,NA,NA,NA
"Alberta",2021-11-01,NA,NA,NA,NA,NA,NA,NA,NA
"Alberta",2021-12-01,NA,NA,NA,NA,NA,NA,NA,NA
"British Columbia",2013-01-01,NA,NA,NA,NA,NA,NA,NA,NA
"British Columbia",2013-02-01,NA,NA,NA,NA,NA,NA,NA,NA
"British Columbia",2013-03-01,NA,NA,NA,NA,NA,NA,NA,NA
"British Columbia",2013-04-01,NA,NA,NA,NA,NA,NA,NA,NA
"British Columbia",2013-05-01,NA,NA,NA,NA,NA,NA,NA,NA
"British Columbia",2013-06-01,NA,NA,NA,NA,NA,NA,NA,NA
"British Columbia",2013-07-01,0.055,0.254,0.152,0.123,0.108,0.159,0.309,0.15
"British Columbia",2013-08-01,0.054,0.254,0.152,0.124,0.107,0.159,0.308,0.149
"British Columbia",2013-09-01,0.054,0.255,0.152,0.125,0.106,0.16,0.308,0.148
"British Columbia",2013-10-01,0.054,0.255,0.152,0.126,0.106,0.16,0.307,0.147
"British Columbia",2013-11-01,0.053,0.256,0.152,0.127,0.105,0.16,0.307,0.146
"British Columbia",2013-12-01,0.052,0.256,0.152,0.128,0.104,0.161,0.306,0.145
"British Columbia",2014-01-01,0.052,0.256,0.153,0.13,0.103,0.161,0.306,0.145
"British Columbia",2014-02-01,0.052,0.257,0.153,0.131,0.102,0.161,0.305,0.144
"British Columbia",2014-03-01,0.051,0.257,0.153,0.132,0.101,0.162,0.304,0.143
"British Columbia",2014-04-01,0.051,0.258,0.153,0.133,0.1,0.162,0.304,0.142
"British Columbia",2014-05-01,0.05,0.258,0.153,0.134,0.1,0.162,0.303,0.141
"British Columbia",2014-06-01,0.05,0.259,0.153,0.135,0.099,0.163,0.303,0.14
"British Columbia",2014-07-01,0.049,0.259,0.153,0.136,0.098,0.163,0.302,0.139
"British Columbia",2014-08-01,0.05,0.261,0.151,0.134,0.098,0.163,0.304,0.141
"British Columbia",2014-09-01,0.051,0.263,0.15,0.131,0.098,0.163,0.305,0.143
"British Columbia",2014-10-01,0.052,0.265,0.148,0.129,0.098,0.162,0.306,0.144
"British Columbia",2014-11-01,0.053,0.267,0.146,0.126,0.098,0.162,0.308,0.146
"British Columbia",2014-12-01,0.054,0.269,0.145,0.124,0.098,0.162,0.31,0.148
"British Columbia",2015-01-01,0.054,0.271,0.143,0.122,0.098,0.162,0.311,0.15
"British Columbia",2015-02-01,0.055,0.273,0.141,0.119,0.099,0.162,0.312,0.151
"British Columbia",2015-03-01,0.056,0.275,0.14,0.117,0.099,0.162,0.314,0.153
"British Columbia",2015-04-01,0.057,0.277,0.138,0.114,0.099,0.162,0.316,0.155
"British Columbia",2015-05-01,0.058,0.279,0.136,0.112,0.099,0.161,0.317,0.156
"British Columbia",2015-06-01,0.059,0.281,0.135,0.109,0.099,0.161,0.318,0.158
"British Columbia",2015-07-01,0.06,0.283,0.133,0.107,0.099,0.161,0.32,0.16
"British Columbia",2015-08-01,0.06,0.281,0.134,0.108,0.1,0.161,0.319,0.159
"British Columbia",2015-09-01,0.059,0.279,0.136,0.108,0.1,0.161,0.318,0.158
"British Columbia",2015-10-01,0.059,0.277,0.138,0.109,0.101,0.162,0.317,0.156
"British Columbia",2015-11-01,0.059,0.275,0.139,0.11,0.101,0.162,0.316,0.155
"British Columbia",2015-12-01,0.058,0.273,0.141,0.111,0.102,0.162,0.315,0.154
"British Columbia",2016-01-01,0.058,0.272,0.142,0.112,0.103,0.162,0.314,0.153
"British Columbia",2016-02-01,0.058,0.27,0.144,0.112,0.103,0.162,0.314,0.152
"British Columbia",2016-03-01,0.057,0.268,0.145,0.113,0.104,0.162,0.313,0.151
"British Columbia",2016-04-01,0.057,0.266,0.146,0.114,0.104,0.162,0.312,0.15
"British Columbia",2016-05-01,0.057,0.264,0.148,0.114,0.105,0.163,0.311,0.148
"British Columbia",2016-06-01,0.056,0.262,0.15,0.115,0.105,0.163,0.31,0.147
"British Columbia",2016-07-01,0.056,0.26,0.151,0.116,0.106,0.163,0.309,0.146
"British Columbia",2016-08-01,0.055,0.26,0.15,0.116,0.106,0.165,0.311,0.146
"British Columbia",2016-09-01,0.053,0.26,0.15,0.117,0.106,0.166,0.313,0.147
"British Columbia",2016-10-01,0.052,0.259,0.149,0.118,0.106,0.168,0.315,0.147
"British Columbia",2016-11-01,0.051,0.259,0.148,0.118,0.107,0.169,0.317,0.147
"British Columbia",2016-12-01,0.05,0.259,0.147,0.119,0.107,0.171,0.319,0.148
"British Columbia",2017-01-01,0.048,0.258,0.147,0.119,0.107,0.172,0.32,0.148
"British Columbia",2017-02-01,0.047,0.258,0.146,0.12,0.107,0.174,0.322,0.148
"British Columbia",2017-03-01,0.046,0.258,0.145,0.12,0.107,0.176,0.324,0.149
"British Columbia",2017-04-01,0.045,0.258,0.144,0.12,0.108,0.177,0.326,0.149
"British Columbia",2017-05-01,0.044,0.258,0.144,0.121,0.108,0.179,0.328,0.149
"British Columbia",2017-06-01,0.042,0.257,0.143,0.122,0.108,0.18,0.33,0.15
"British Columbia",2017-07-01,0.041,0.257,0.142,0.122,0.108,0.182,0.332,0.15
"British Columbia",2017-08-01,0.042,0.256,0.144,0.122,0.107,0.182,0.332,0.151
"British Columbia",2017-09-01,0.042,0.254,0.145,0.122,0.106,0.182,0.333,0.151
"British Columbia",2017-10-01,0.043,0.253,0.147,0.121,0.105,0.181,0.333,0.152
"British Columbia",2017-11-01,0.044,0.252,0.148,0.121,0.104,0.181,0.333,0.152
"British Columbia",2017-12-01,0.044,0.251,0.15,0.121,0.103,0.181,0.334,0.153
"British Columbia",2018-01-01,0.045,0.25,0.151,0.12,0.102,0.18,0.334,0.154
"British Columbia",2018-02-01,0.046,0.248,0.152,0.12,0.1,0.18,0.334,0.154
"British Columbia",2018-03-01,0.046,0.247,0.154,0.12,0.099,0.18,0.335,0.155
"British Columbia",2018-04-01,0.047,0.246,0.156,0.12,0.098,0.18,0.335,0.155
"British Columbia",2018-05-01,0.048,0.244,0.157,0.12,0.097,0.18,0.335,0.156
"British Columbia",2018-06-01,0.048,0.243,0.158,0.119,0.096,0.179,0.336,0.156
"British Columbia",2018-07-01,0.049,0.242,0.16,0.119,0.095,0.179,0.336,0.157
"British Columbia",2018-08-01,0.049,0.241,0.159,0.119,0.096,0.178,0.336,0.157
"British Columbia",2018-09-01,0.05,0.241,0.158,0.119,0.098,0.178,0.336,0.158
"British Columbia",2018-10-01,0.05,0.24,0.158,0.118,0.099,0.177,0.335,0.158
"British Columbia",2018-11-01,0.05,0.24,0.157,0.118,0.1,0.177,0.335,0.158
"British Columbia",2018-12-01,0.051,0.239,0.156,0.118,0.101,0.176,0.335,0.159
"British Columbia",2019-01-01,0.051,0.238,0.156,0.118,0.103,0.176,0.334,0.159
"British Columbia",2019-02-01,0.051,0.238,0.155,0.118,0.104,0.175,0.334,0.159
"British Columbia",2019-03-01,0.052,0.237,0.154,0.118,0.105,0.174,0.334,0.16
"British Columbia",2019-04-01,0.052,0.237,0.153,0.117,0.106,0.174,0.334,0.16
"British Columbia",2019-05-01,0.052,0.236,0.153,0.117,0.108,0.173,0.333,0.16
"British Columbia",2019-06-01,0.053,0.236,0.152,0.117,0.109,0.173,0.333,0.161
"British Columbia",2019-07-01,0.053,0.235,0.151,0.117,0.11,0.172,0.333,0.161
"British Columbia",2019-08-01,0.051,0.233,0.151,0.119,0.11,0.173,0.335,0.162
"British Columbia",2019-09-01,0.05,0.23,0.152,0.12,0.111,0.174,0.336,0.163
"British Columbia",2019-10-01,0.048,0.228,0.152,0.122,0.112,0.174,0.338,0.164
"British Columbia",2019-11-01,0.046,0.226,0.152,0.124,0.112,0.175,0.34,0.165
"British Columbia",2019-12-01,0.044,0.223,0.153,0.126,0.112,0.176,0.341,0.166
"British Columbia",2020-01-01,0.042,0.221,0.153,0.128,0.113,0.176,0.343,0.166
"British Columbia",2020-02-01,0.041,0.219,0.153,0.129,0.114,0.177,0.345,0.167
"British Columbia",2020-03-01,0.039,0.216,0.154,0.131,0.114,0.178,0.346,0.168
"British Columbia",2020-04-01,0.037,0.214,0.154,0.133,0.114,0.179,0.348,0.169
"British Columbia",2020-05-01,0.036,0.212,0.154,0.134,0.115,0.18,0.35,0.17
"British Columbia",2020-06-01,0.034,0.209,0.155,0.136,0.116,0.18,0.351,0.171
"British Columbia",2020-07-01,0.032,0.207,0.155,0.138,0.116,0.181,0.353,0.172
"British Columbia",2020-08-01,NA,NA,NA,NA,NA,NA,NA,NA
"British Columbia",2020-09-01,NA,NA,NA,NA,NA,NA,NA,NA
"British Columbia",2020-10-01,NA,NA,NA,NA,NA,NA,NA,NA
"British Columbia",2020-11-01,NA,NA,NA,NA,NA,NA,NA,NA
"British Columbia",2020-12-01,NA,NA,NA,NA,NA,NA,NA,NA
"British Columbia",2021-01-01,NA,NA,NA,NA,NA,NA,NA,NA
"British Columbia",2021-02-01,NA,NA,NA,NA,NA,NA,NA,NA
"British Columbia",2021-03-01,NA,NA,NA,NA,NA,NA,NA,NA
"British Columbia",2021-04-01,NA,NA,NA,NA,NA,NA,NA,NA
"British Columbia",2021-05-01,NA,NA,NA,NA,NA,NA,NA,NA
"British Columbia",2021-06-01,NA,NA,NA,NA,NA,NA,NA,NA
"British Columbia",2021-07-01,NA,NA,NA,NA,NA,NA,NA,NA
"British Columbia",2021-08-01,NA,NA,NA,NA,NA,NA,NA,NA
"British Columbia",2021-09-01,NA,NA,NA,NA,NA,NA,NA,NA
"British Columbia",2021-10-01,NA,NA,NA,NA,NA,NA,NA,NA
"British Columbia",2021-11-01,NA,NA,NA,NA,NA,NA,NA,NA
"British Columbia",2021-12-01,NA,NA,NA,NA,NA,NA,NA,NA
"Calgary",2013-01-01,NA,NA,NA,NA,NA,NA,NA,NA
"Calgary",2013-02-01,NA,NA,NA,NA,NA,NA,NA,NA
"Calgary",2013-03-01,NA,NA,NA,NA,NA,NA,NA,NA
"Calgary",2013-04-01,NA,NA,NA,NA,NA,NA,NA,NA
"Calgary",2013-05-01,NA,NA,NA,NA,NA,NA,NA,NA
"Calgary",2013-06-01,NA,NA,NA,NA,NA,NA,NA,NA
"Calgary",2013-07-01,0.051,0.173,0.119,0.105,0.081,0.186,0.471,0.286
"Calgary",2013-08-01,0.05,0.169,0.119,0.104,0.084,0.188,0.475,0.289
"Calgary",2013-09-01,0.05,0.166,0.119,0.103,0.086,0.189,0.48,0.291
"Calgary",2013-10-01,0.049,0.162,0.119,0.102,0.088,0.191,0.484,0.294
"Calgary",2013-11-01,0.048,0.159,0.119,0.101,0.091,0.192,0.488,0.297
"Calgary",2013-12-01,0.048,0.156,0.119,0.1,0.094,0.194,0.493,0.299
"Calgary",2014-01-01,0.047,0.152,0.119,0.1,0.096,0.196,0.497,0.302
"Calgary",2014-02-01,0.046,0.148,0.119,0.099,0.098,0.197,0.501,0.305
"Calgary",2014-03-01,0.046,0.145,0.119,0.098,0.101,0.199,0.506,0.307
"Calgary",2014-04-01,0.045,0.142,0.119,0.097,0.104,0.2,0.51,0.31
"Calgary",2014-05-01,0.045,0.138,0.119,0.096,0.106,0.202,0.514,0.313
"Calgary",2014-06-01,0.044,0.134,0.119,0.095,0.108,0.203,0.519,0.315
"Calgary",2014-07-01,0.043,0.131,0.119,0.094,0.111,0.205,0.523,0.318
"Calgary",2014-08-01,0.043,0.134,0.12,0.097,0.111,0.203,0.517,0.313
"Calgary",2014-09-01,0.042,0.136,0.12,0.1,0.111,0.202,0.51,0.308
"Calgary",2014-10-01,0.041,0.139,0.121,0.102,0.111,0.2,0.504,0.303
"Calgary",2014-11-01,0.041,0.141,0.121,0.105,0.111,0.199,0.497,0.298
"Calgary",2014-12-01,0.04,0.144,0.122,0.108,0.111,0.197,0.491,0.293
"Calgary",2015-01-01,0.039,0.147,0.122,0.11,0.111,0.196,0.485,0.288
"Calgary",2015-02-01,0.039,0.149,0.123,0.113,0.112,0.194,0.478,0.284
"Calgary",2015-03-01,0.038,0.152,0.124,0.116,0.112,0.193,0.472,0.279
"Calgary",2015-04-01,0.037,0.154,0.124,0.119,0.112,0.192,0.465,0.274
"Calgary",2015-05-01,0.037,0.157,0.125,0.122,0.112,0.19,0.459,0.269
"Calgary",2015-06-01,0.036,0.159,0.125,0.124,0.112,0.188,0.452,0.264
"Calgary",2015-07-01,0.035,0.162,0.126,0.127,0.112,0.187,0.446,0.259
"Calgary",2015-08-01,0.035,0.165,0.124,0.129,0.113,0.189,0.442,0.253
"Calgary",2015-09-01,0.034,0.168,0.122,0.131,0.114,0.192,0.439,0.248
"Calgary",2015-10-01,0.034,0.171,0.121,0.133,0.114,0.194,0.436,0.242
"Calgary",2015-11-01,0.033,0.174,0.119,0.135,0.115,0.196,0.432,0.236
"Calgary",2015-12-01,0.032,0.177,0.117,0.137,0.116,0.199,0.428,0.23
"Calgary",2016-01-01,0.032,0.18,0.116,0.139,0.117,0.201,0.425,0.224
"Calgary",2016-02-01,0.031,0.184,0.114,0.141,0.118,0.203,0.422,0.219
"Calgary",2016-03-01,0.03,0.187,0.112,0.143,0.119,0.206,0.418,0.213
"Calgary",2016-04-01,0.03,0.19,0.11,0.145,0.12,0.208,0.414,0.207
"Calgary",2016-05-01,0.029,0.193,0.109,0.147,0.12,0.21,0.411,0.202
"Calgary",2016-06-01,0.028,0.196,0.107,0.149,0.121,0.213,0.408,0.196
"Calgary",2016-07-01,0.028,0.199,0.105,0.151,0.122,0.215,0.404,0.19
"Calgary",2016-08-01,0.027,0.197,0.108,0.148,0.12,0.215,0.409,0.194
"Calgary",2016-09-01,0.026,0.194,0.11,0.146,0.117,0.215,0.414,0.199
"Calgary",2016-10-01,0.026,0.192,0.113,0.143,0.115,0.216,0.418,0.204
"Calgary",2016-11-01,0.025,0.189,0.116,0.14,0.113,0.216,0.423,0.208
"Calgary",2016-12-01,0.025,0.187,0.118,0.138,0.111,0.216,0.428,0.212
"Calgary",2017-01-01,0.024,0.184,0.121,0.135,0.108,0.216,0.432,0.217
"Calgary",2017-02-01,0.023,0.182,0.124,0.132,0.106,0.216,0.437,0.222
"Calgary",2017-03-01,0.023,0.18,0.126,0.13,0.104,0.216,0.442,0.226
"Calgary",2017-04-01,0.022,0.177,0.129,0.127,0.102,0.216,0.447,0.23
"Calgary",2017-05-01,0.021,0.175,0.132,0.124,0.1,0.217,0.452,0.235
"Calgary",2017-06-01,0.021,0.172,0.134,0.122,0.097,0.217,0.456,0.24
"Calgary",2017-07-01,0.02,0.17,0.137,0.119,0.095,0.217,0.461,0.244
"Calgary",2017-08-01,0.021,0.17,0.136,0.118,0.097,0.216,0.459,0.243
"Calgary",2017-09-01,0.022,0.171,0.136,0.116,0.1,0.214,0.456,0.242
"Calgary",2017-10-01,0.024,0.171,0.135,0.115,0.102,0.213,0.454,0.242
"Calgary",2017-11-01,0.025,0.172,0.135,0.114,0.104,0.211,0.452,0.241
"Calgary",2017-12-01,0.026,0.172,0.134,0.112,0.106,0.21,0.45,0.24
"Calgary",2018-01-01,0.028,0.173,0.134,0.111,0.108,0.209,0.448,0.239
"Calgary",2018-02-01,0.029,0.174,0.133,0.11,0.111,0.207,0.445,0.238
"Calgary",2018-03-01,0.03,0.174,0.132,0.108,0.113,0.206,0.443,0.237
"Calgary",2018-04-01,0.031,0.175,0.132,0.107,0.115,0.204,0.441,0.236
"Calgary",2018-05-01,0.032,0.175,0.131,0.106,0.117,0.203,0.438,0.236
"Calgary",2018-06-01,0.034,0.176,0.131,0.104,0.12,0.201,0.436,0.235
"Calgary",2018-07-01,0.035,0.176,0.13,0.103,0.122,0.2,0.434,0.234
"Calgary",2018-08-01,0.034,0.176,0.132,0.104,0.122,0.198,0.435,0.237
"Calgary",2018-09-01,0.034,0.177,0.135,0.106,0.122,0.196,0.435,0.239
"Calgary",2018-10-01,0.033,0.177,0.137,0.108,0.122,0.194,0.436,0.242
"Calgary",2018-11-01,0.032,0.177,0.14,0.109,0.122,0.192,0.436,0.245
"Calgary",2018-12-01,0.032,0.177,0.142,0.11,0.122,0.19,0.437,0.247
"Calgary",2019-01-01,0.031,0.178,0.145,0.112,0.122,0.188,0.438,0.25
"Calgary",2019-02-01,0.031,0.178,0.147,0.113,0.123,0.185,0.438,0.253
"Calgary",2019-03-01,0.03,0.178,0.149,0.115,0.123,0.183,0.439,0.255
"Calgary",2019-04-01,0.029,0.178,0.152,0.116,0.123,0.181,0.439,0.258
"Calgary",2019-05-01,0.029,0.179,0.154,0.118,0.123,0.179,0.44,0.261
"Calgary",2019-06-01,0.028,0.179,0.157,0.12,0.123,0.177,0.44,0.263
"Calgary",2019-07-01,0.028,0.179,0.159,0.121,0.123,0.175,0.441,0.266
"Calgary",2019-08-01,0.027,0.179,0.157,0.121,0.123,0.176,0.44,0.264
"Calgary",2019-09-01,0.026,0.18,0.154,0.121,0.122,0.176,0.438,0.262
"Calgary",2019-10-01,0.026,0.18,0.152,0.121,0.122,0.177,0.437,0.26
"Calgary",2019-11-01,0.025,0.18,0.15,0.121,0.122,0.178,0.436,0.258
"Calgary",2019-12-01,0.024,0.18,0.148,0.121,0.122,0.179,0.435,0.256
"Calgary",2020-01-01,0.024,0.18,0.146,0.121,0.122,0.18,0.434,0.254
"Calgary",2020-02-01,0.023,0.181,0.143,0.121,0.121,0.18,0.432,0.252
"Calgary",2020-03-01,0.022,0.181,0.141,0.121,0.121,0.181,0.431,0.25
"Calgary",2020-04-01,0.022,0.181,0.139,0.121,0.121,0.182,0.43,0.248
"Calgary",2020-05-01,0.021,0.182,0.136,0.121,0.121,0.182,0.428,0.246
"Calgary",2020-06-01,0.021,0.182,0.134,0.121,0.12,0.183,0.427,0.244
"Calgary",2020-07-01,0.02,0.182,0.132,0.121,0.12,0.184,0.426,0.242
"Calgary",2020-08-01,NA,NA,NA,NA,NA,NA,NA,NA
"Calgary",2020-09-01,NA,NA,NA,NA,NA,NA,NA,NA
"Calgary",2020-10-01,NA,NA,NA,NA,NA,NA,NA,NA
"Calgary",2020-11-01,NA,NA,NA,NA,NA,NA,NA,NA
"Calgary",2020-12-01,NA,NA,NA,NA,NA,NA,NA,NA
"Calgary",2021-01-01,NA,NA,NA,NA,NA,NA,NA,NA
"Calgary",2021-02-01,NA,NA,NA,NA,NA,NA,NA,NA
"Calgary",2021-03-01,NA,NA,NA,NA,NA,NA,NA,NA
"Calgary",2021-04-01,NA,NA,NA,NA,NA,NA,NA,NA
"Calgary",2021-05-01,NA,NA,NA,NA,NA,NA,NA,NA
"Calgary",2021-06-01,NA,NA,NA,NA,NA,NA,NA,NA
"Calgary",2021-07-01,NA,NA,NA,NA,NA,NA,NA,NA
"Calgary",2021-08-01,NA,NA,NA,NA,NA,NA,NA,NA
"Calgary",2021-09-01,NA,NA,NA,NA,NA,NA,NA,NA
"Calgary",2021-10-01,NA,NA,NA,NA,NA,NA,NA,NA
"Calgary",2021-11-01,NA,NA,NA,NA,NA,NA,NA,NA
"Calgary",2021-12-01,NA,NA,NA,NA,NA,NA,NA,NA
"Edmonton",2013-01-01,NA,NA,NA,NA,NA,NA,NA,NA
"Edmonton",2013-02-01,NA,NA,NA,NA,NA,NA,NA,NA
"Edmonton",2013-03-01,NA,NA,NA,NA,NA,NA,NA,NA
"Edmonton",2013-04-01,NA,NA,NA,NA,NA,NA,NA,NA
"Edmonton",2013-05-01,NA,NA,NA,NA,NA,NA,NA,NA
"Edmonton",2013-06-01,NA,NA,NA,NA,NA,NA,NA,NA
"Edmonton",2013-07-01,NA,0.151,0.101,0.126,0.105,0.215,0.457,0.242
"Edmonton",2013-08-01,NA,0.151,0.103,0.126,0.104,0.216,0.455,0.239
"Edmonton",2013-09-01,NA,0.151,0.104,0.127,0.104,0.217,0.454,0.236
"Edmonton",2013-10-01,NA,0.151,0.106,0.127,0.103,0.218,0.452,0.234
"Edmonton",2013-11-01,NA,0.151,0.107,0.128,0.102,0.219,0.45,0.231
"Edmonton",2013-12-01,NA,0.151,0.109,0.128,0.101,0.22,0.448,0.228
"Edmonton",2014-01-01,NA,0.152,0.111,0.128,0.1,0.22,0.446,0.225
"Edmonton",2014-02-01,NA,0.152,0.112,0.129,0.1,0.221,0.445,0.223
"Edmonton",2014-03-01,NA,0.152,0.114,0.129,0.099,0.222,0.443,0.22
"Edmonton",2014-04-01,NA,0.152,0.115,0.13,0.098,0.223,0.441,0.217
"Edmonton",2014-05-01,NA,0.152,0.117,0.13,0.098,0.224,0.44,0.214
"Edmonton",2014-06-01,NA,0.152,0.118,0.131,0.097,0.225,0.438,0.212
"Edmonton",2014-07-01,NA,0.152,0.12,0.131,0.096,0.226,0.436,0.209
"Edmonton",2014-08-01,NA,0.152,0.121,0.128,0.097,0.226,0.44,0.214
"Edmonton",2014-09-01,NA,0.152,0.122,0.126,0.098,0.225,0.445,0.219
"Edmonton",2014-10-01,NA,0.152,0.124,0.123,0.099,0.225,0.449,0.224
"Edmonton",2014-11-01,NA,0.152,0.125,0.121,0.1,0.225,0.454,0.229
"Edmonton",2014-12-01,NA,0.152,0.126,0.118,0.101,0.224,0.458,0.234
"Edmonton",2015-01-01,NA,0.152,0.127,0.116,0.102,0.224,0.462,0.238
"Edmonton",2015-02-01,NA,0.153,0.128,0.113,0.102,0.224,0.467,0.243
"Edmonton",2015-03-01,NA,0.153,0.129,0.11,0.103,0.223,0.471,0.248
"Edmonton",2015-04-01,NA,0.153,0.13,0.108,0.104,0.223,0.476,0.253
"Edmonton",2015-05-01,NA,0.153,0.132,0.105,0.105,0.223,0.48,0.258
"Edmonton",2015-06-01,NA,0.153,0.133,0.103,0.106,0.222,0.485,0.263
"Edmonton",2015-07-01,NA,0.153,0.134,0.1,0.107,0.222,0.489,0.268
"Edmonton",2015-08-01,NA,0.152,0.131,0.1,0.104,0.228,0.493,0.267
"Edmonton",2015-09-01,NA,0.152,0.129,0.101,0.101,0.233,0.498,0.265
"Edmonton",2015-10-01,NA,0.151,0.126,0.101,0.098,0.239,0.502,0.264
"Edmonton",2015-11-01,NA,0.15,0.123,0.101,0.096,0.245,0.507,0.263
"Edmonton",2015-12-01,NA,0.15,0.121,0.102,0.093,0.25,0.511,0.261
"Edmonton",2016-01-01,NA,0.149,0.118,0.102,0.09,0.256,0.516,0.26
"Edmonton",2016-02-01,NA,0.148,0.115,0.102,0.087,0.262,0.52,0.259
"Edmonton",2016-03-01,NA,0.148,0.113,0.103,0.084,0.267,0.524,0.257
"Edmonton",2016-04-01,NA,0.147,0.11,0.103,0.082,0.273,0.529,0.256
"Edmonton",2016-05-01,NA,0.146,0.107,0.103,0.079,0.279,0.533,0.255
"Edmonton",2016-06-01,NA,0.146,0.105,0.104,0.076,0.284,0.538,0.253
"Edmonton",2016-07-01,0.035,0.145,0.102,0.104,0.073,0.29,0.542,0.252
"Edmonton",2016-08-01,0.035,0.15,0.103,0.106,0.076,0.281,0.533,0.252
"Edmonton",2016-09-01,0.036,0.154,0.105,0.108,0.078,0.272,0.523,0.251
"Edmonton",2016-10-01,0.036,0.159,0.106,0.11,0.081,0.262,0.514,0.251
"Edmonton",2016-11-01,0.036,0.163,0.108,0.112,0.083,0.253,0.504,0.251
"Edmonton",2016-12-01,0.036,0.168,0.109,0.114,0.086,0.244,0.494,0.25
"Edmonton",2017-01-01,0.037,0.172,0.11,0.116,0.089,0.235,0.485,0.25
"Edmonton",2017-02-01,0.037,0.177,0.112,0.117,0.091,0.226,0.476,0.25
"Edmonton",2017-03-01,0.037,0.182,0.113,0.119,0.094,0.217,0.466,0.249
"Edmonton",2017-04-01,0.038,0.186,0.115,0.121,0.096,0.208,0.456,0.249
"Edmonton",2017-05-01,0.038,0.191,0.116,0.123,0.099,0.198,0.447,0.249
"Edmonton",2017-06-01,0.038,0.195,0.118,0.125,0.101,0.189,0.438,0.248
"Edmonton",2017-07-01,0.039,0.2,0.119,0.127,0.104,0.18,0.428,0.248
"Edmonton",2017-08-01,0.039,0.196,0.119,0.127,0.106,0.181,0.429,0.249
"Edmonton",2017-09-01,0.039,0.192,0.118,0.126,0.107,0.181,0.431,0.25
"Edmonton",2017-10-01,0.039,0.189,0.118,0.126,0.109,0.182,0.432,0.25
"Edmonton",2017-11-01,0.04,0.185,0.117,0.126,0.11,0.182,0.433,0.251
"Edmonton",2017-12-01,0.04,0.181,0.117,0.125,0.112,0.183,0.435,0.252
"Edmonton",2018-01-01,0.04,0.178,0.116,0.125,0.114,0.184,0.436,0.252
"Edmonton",2018-02-01,0.041,0.174,0.116,0.125,0.115,0.184,0.437,0.253
"Edmonton",2018-03-01,0.041,0.17,0.116,0.124,0.117,0.185,0.439,0.254
"Edmonton",2018-04-01,0.041,0.166,0.115,0.124,0.118,0.185,0.44,0.255
"Edmonton",2018-05-01,0.041,0.162,0.115,0.124,0.12,0.186,0.441,0.256
"Edmonton",2018-06-01,0.042,0.159,0.114,0.123,0.121,0.186,0.443,0.256
"Edmonton",2018-07-01,0.042,0.155,0.114,0.123,0.123,0.187,0.444,0.257
"Edmonton",2018-08-01,0.043,0.155,0.116,0.122,0.122,0.186,0.443,0.257
"Edmonton",2018-09-01,0.044,0.155,0.118,0.121,0.12,0.186,0.442,0.257
"Edmonton",2018-10-01,0.044,0.155,0.12,0.12,0.119,0.185,0.442,0.257
"Edmonton",2018-11-01,0.045,0.155,0.122,0.119,0.118,0.184,0.441,0.257
"Edmonton",2018-12-01,0.046,0.155,0.124,0.118,0.117,0.184,0.44,0.257
"Edmonton",2019-01-01,0.046,0.156,0.126,0.117,0.115,0.183,0.44,0.256
"Edmonton",2019-02-01,0.047,0.156,0.128,0.117,0.114,0.182,0.439,0.256
"Edmonton",2019-03-01,0.048,0.156,0.13,0.116,0.113,0.182,0.438,0.256
"Edmonton",2019-04-01,0.049,0.156,0.132,0.115,0.112,0.181,0.437,0.256
"Edmonton",2019-05-01,0.049,0.156,0.134,0.114,0.11,0.18,0.436,0.256
"Edmonton",2019-06-01,0.05,0.156,0.136,0.113,0.109,0.18,0.436,0.256
"Edmonton",2019-07-01,0.051,0.156,0.138,0.112,0.108,0.179,0.435,0.256
"Edmonton",2019-08-01,0.049,0.156,0.137,0.112,0.109,0.18,0.438,0.258
"Edmonton",2019-09-01,0.046,0.155,0.135,0.112,0.11,0.181,0.44,0.26
"Edmonton",2019-10-01,0.044,0.155,0.134,0.112,0.112,0.182,0.443,0.261
"Edmonton",2019-11-01,0.041,0.155,0.133,0.112,0.113,0.183,0.446,0.263
"Edmonton",2019-12-01,0.039,0.154,0.131,0.112,0.114,0.184,0.449,0.265
"Edmonton",2020-01-01,0.036,0.154,0.13,0.112,0.115,0.185,0.452,0.266
"Edmonton",2020-02-01,0.034,0.154,0.129,0.112,0.117,0.186,0.454,0.268
"Edmonton",2020-03-01,0.032,0.153,0.127,0.112,0.118,0.187,0.457,0.27
"Edmonton",2020-04-01,0.029,0.153,0.126,0.112,0.119,0.188,0.46,0.272
"Edmonton",2020-05-01,0.027,0.153,0.125,0.112,0.12,0.189,0.462,0.273
"Edmonton",2020-06-01,0.024,0.152,0.123,0.112,0.122,0.19,0.465,0.275
"Edmonton",2020-07-01,0.022,0.152,0.122,0.112,0.123,0.191,0.468,0.277
"Edmonton",2020-08-01,NA,NA,NA,NA,NA,NA,NA,NA
"Edmonton",2020-09-01,NA,NA,NA,NA,NA,NA,NA,NA
"Edmonton",2020-10-01,NA,NA,NA,NA,NA,NA,NA,NA
"Edmonton",2020-11-01,NA,NA,NA,NA,NA,NA,NA,NA
"Edmonton",2020-12-01,NA,NA,NA,NA,NA,NA,NA,NA
"Edmonton",2021-01-01,NA,NA,NA,NA,NA,NA,NA,NA
"Edmonton",2021-02-01,NA,NA,NA,NA,NA,NA,NA,NA
"Edmonton",2021-03-01,NA,NA,NA,NA,NA,NA,NA,NA
"Edmonton",2021-04-01,NA,NA,NA,NA,NA,NA,NA,NA
"Edmonton",2021-05-01,NA,NA,NA,NA,NA,NA,NA,NA
"Edmonton",2021-06-01,NA,NA,NA,NA,NA,NA,NA,NA
"Edmonton",2021-07-01,NA,NA,NA,NA,NA,NA,NA,NA
"Edmonton",2021-08-01,NA,NA,NA,NA,NA,NA,NA,NA
"Edmonton",2021-09-01,NA,NA,NA,NA,NA,NA,NA,NA
"Edmonton",2021-10-01,NA,NA,NA,NA,NA,NA,NA,NA
"Edmonton",2021-11-01,NA,NA,NA,NA,NA,NA,NA,NA
"Edmonton",2021-12-01,NA,NA,NA,NA,NA,NA,NA,NA
"Montreal",2013-01-01,NA,NA,NA,NA,NA,NA,NA,NA
"Montreal",2013-02-01,NA,NA,NA,NA,NA,NA,NA,NA
"Montreal",2013-03-01,NA,NA,NA,NA,NA,NA,NA,NA
"Montreal",2013-04-01,NA,NA,NA,NA,NA,NA,NA,NA
"Montreal",2013-05-01,NA,NA,NA,NA,NA,NA,NA,NA
"Montreal",2013-06-01,NA,NA,NA,NA,NA,NA,NA,NA
"Montreal",2013-07-01,0.055,0.268,0.183,0.12,0.112,0.142,0.262,0.12
"Montreal",2013-08-01,0.053,0.267,0.183,0.12,0.111,0.145,0.265,0.12
"Montreal",2013-09-01,0.052,0.266,0.184,0.121,0.11,0.148,0.267,0.12
"Montreal",2013-10-01,0.05,0.266,0.184,0.122,0.109,0.15,0.27,0.12
"Montreal",2013-11-01,0.048,0.265,0.184,0.122,0.108,0.153,0.273,0.12
"Montreal",2013-12-01,0.047,0.264,0.184,0.122,0.107,0.156,0.275,0.12
"Montreal",2014-01-01,0.045,0.263,0.184,0.123,0.107,0.158,0.278,0.12
"Montreal",2014-02-01,0.043,0.262,0.185,0.124,0.106,0.161,0.281,0.119
"Montreal",2014-03-01,0.042,0.261,0.185,0.124,0.105,0.164,0.283,0.119
"Montreal",2014-04-01,0.04,0.26,0.185,0.124,0.104,0.167,0.286,0.119
"Montreal",2014-05-01,0.038,0.26,0.186,0.125,0.103,0.169,0.289,0.119
"Montreal",2014-06-01,0.037,0.259,0.186,0.126,0.102,0.172,0.291,0.119
"Montreal",2014-07-01,0.035,0.258,0.186,0.126,0.101,0.175,0.294,0.119
"Montreal",2014-08-01,0.036,0.26,0.184,0.127,0.102,0.175,0.292,0.116
"Montreal",2014-09-01,0.037,0.261,0.183,0.127,0.103,0.175,0.289,0.114
"Montreal",2014-10-01,0.038,0.262,0.182,0.128,0.104,0.176,0.286,0.111
"Montreal",2014-11-01,0.039,0.264,0.18,0.128,0.105,0.176,0.284,0.109
"Montreal",2014-12-01,0.04,0.266,0.178,0.129,0.106,0.176,0.281,0.106
"Montreal",2015-01-01,0.04,0.267,0.177,0.13,0.108,0.176,0.279,0.104
"Montreal",2015-02-01,0.041,0.268,0.176,0.13,0.109,0.176,0.276,0.101
"Montreal",2015-03-01,0.042,0.27,0.174,0.131,0.11,0.176,0.274,0.098
"Montreal",2015-04-01,0.043,0.272,0.173,0.131,0.111,0.176,0.272,0.096
"Montreal",2015-05-01,0.044,0.273,0.171,0.132,0.112,0.177,0.269,0.093
"Montreal",2015-06-01,0.045,0.274,0.17,0.132,0.113,0.177,0.266,0.091
"Montreal",2015-07-01,0.046,0.276,0.168,0.133,0.114,0.177,0.264,0.088
"Montreal",2015-08-01,0.046,0.275,0.17,0.132,0.113,0.175,0.265,0.091
"Montreal",2015-09-01,0.046,0.273,0.173,0.131,0.112,0.172,0.266,0.095
"Montreal",2015-10-01,0.046,0.272,0.175,0.13,0.111,0.17,0.268,0.098
"Montreal",2015-11-01,0.046,0.27,0.177,0.129,0.11,0.168,0.269,0.102
"Montreal",2015-12-01,0.046,0.269,0.179,0.128,0.109,0.165,0.27,0.105
"Montreal",2016-01-01,0.046,0.268,0.182,0.126,0.108,0.163,0.271,0.109
"Montreal",2016-02-01,0.045,0.266,0.184,0.125,0.107,0.161,0.273,0.112
"Montreal",2016-03-01,0.045,0.265,0.186,0.124,0.106,0.158,0.274,0.115
"Montreal",2016-04-01,0.045,0.263,0.188,0.123,0.105,0.156,0.275,0.119
"Montreal",2016-05-01,0.045,0.262,0.19,0.122,0.104,0.154,0.276,0.122
"Montreal",2016-06-01,0.045,0.26,0.193,0.121,0.103,0.151,0.278,0.126
"Montreal",2016-07-01,0.045,0.259,0.195,0.12,0.102,0.149,0.279,0.129
"Montreal",2016-08-01,0.045,0.261,0.192,0.121,0.102,0.149,0.279,0.128
"Montreal",2016-09-01,0.045,0.263,0.189,0.122,0.103,0.15,0.278,0.128
"Montreal",2016-10-01,0.045,0.266,0.186,0.123,0.103,0.15,0.278,0.127
"Montreal",2016-11-01,0.045,0.268,0.183,0.124,0.103,0.151,0.278,0.126
"Montreal",2016-12-01,0.045,0.27,0.18,0.125,0.103,0.151,0.277,0.126
"Montreal",2017-01-01,0.044,0.272,0.176,0.126,0.104,0.152,0.277,0.125
"Montreal",2017-02-01,0.044,0.274,0.173,0.128,0.104,0.152,0.277,0.124
"Montreal",2017-03-01,0.044,0.276,0.17,0.129,0.104,0.152,0.276,0.124
"Montreal",2017-04-01,0.044,0.278,0.167,0.13,0.104,0.153,0.276,0.123
"Montreal",2017-05-01,0.044,0.281,0.164,0.131,0.105,0.153,0.276,0.122
"Montreal",2017-06-01,0.044,0.283,0.161,0.132,0.105,0.154,0.275,0.122
"Montreal",2017-07-01,0.044,0.285,0.158,0.133,0.105,0.154,0.275,0.121
"Montreal",2017-08-01,0.043,0.284,0.159,0.133,0.105,0.153,0.276,0.123
"Montreal",2017-09-01,0.042,0.283,0.16,0.133,0.105,0.153,0.277,0.124
"Montreal",2017-10-01,0.042,0.281,0.16,0.133,0.105,0.152,0.278,0.126
"Montreal",2017-11-01,0.041,0.28,0.161,0.133,0.105,0.152,0.279,0.127
"Montreal",2017-12-01,0.04,0.279,0.162,0.133,0.105,0.151,0.28,0.129
"Montreal",2018-01-01,0.039,0.278,0.163,0.132,0.106,0.15,0.281,0.13
"Montreal",2018-02-01,0.038,0.277,0.164,0.132,0.106,0.15,0.282,0.132
"Montreal",2018-03-01,0.037,0.276,0.165,0.132,0.106,0.149,0.283,0.134
"Montreal",2018-04-01,0.037,0.274,0.166,0.132,0.106,0.149,0.284,0.135
"Montreal",2018-05-01,0.036,0.273,0.166,0.132,0.106,0.148,0.285,0.137
"Montreal",2018-06-01,0.035,0.272,0.167,0.132,0.106,0.148,0.286,0.138
"Montreal",2018-07-01,0.034,0.271,0.168,0.132,0.106,0.147,0.287,0.14
"Montreal",2018-08-01,0.035,0.27,0.166,0.132,0.106,0.148,0.288,0.141
"Montreal",2018-09-01,0.035,0.27,0.164,0.133,0.106,0.149,0.29,0.141
"Montreal",2018-10-01,0.036,0.269,0.162,0.134,0.107,0.15,0.292,0.142
"Montreal",2018-11-01,0.036,0.269,0.16,0.134,0.107,0.151,0.293,0.142
"Montreal",2018-12-01,0.037,0.268,0.158,0.134,0.107,0.152,0.294,0.143
"Montreal",2019-01-01,0.038,0.268,0.156,0.135,0.108,0.153,0.296,0.143
"Montreal",2019-02-01,0.038,0.267,0.153,0.135,0.108,0.154,0.298,0.144
"Montreal",2019-03-01,0.039,0.266,0.151,0.136,0.108,0.155,0.299,0.144
"Montreal",2019-04-01,0.039,0.266,0.149,0.136,0.108,0.156,0.3,0.144
"Montreal",2019-05-01,0.04,0.265,0.147,0.137,0.109,0.157,0.302,0.145
"Montreal",2019-06-01,0.04,0.265,0.145,0.137,0.109,0.158,0.304,0.146
"Montreal",2019-07-01,0.041,0.264,0.143,0.138,0.109,0.159,0.305,0.146
"Montreal",2019-08-01,0.04,0.261,0.146,0.138,0.11,0.16,0.307,0.146
"Montreal",2019-09-01,0.038,0.258,0.148,0.137,0.11,0.162,0.308,0.146
"Montreal",2019-10-01,0.037,0.255,0.151,0.137,0.111,0.164,0.31,0.147
"Montreal",2019-11-01,0.035,0.252,0.153,0.137,0.111,0.165,0.312,0.147
"Montreal",2019-12-01,0.034,0.249,0.156,0.136,0.112,0.166,0.314,0.147
"Montreal",2020-01-01,0.032,0.246,0.158,0.136,0.112,0.168,0.316,0.148
"Montreal",2020-02-01,0.031,0.242,0.16,0.136,0.112,0.169,0.317,0.148
"Montreal",2020-03-01,0.03,0.239,0.163,0.135,0.113,0.171,0.319,0.148
"Montreal",2020-04-01,0.028,0.236,0.165,0.135,0.114,0.172,0.321,0.148
"Montreal",2020-05-01,0.027,0.233,0.168,0.135,0.114,0.174,0.322,0.148
"Montreal",2020-06-01,0.025,0.23,0.17,0.134,0.114,0.176,0.324,0.149
"Montreal",2020-07-01,0.024,0.227,0.173,0.134,0.115,0.177,0.326,0.149
"Montreal",2020-08-01,NA,NA,NA,NA,NA,NA,NA,NA
"Montreal",2020-09-01,NA,NA,NA,NA,NA,NA,NA,NA
"Montreal",2020-10-01,NA,NA,NA,NA,NA,NA,NA,NA
"Montreal",2020-11-01,NA,NA,NA,NA,NA,NA,NA,NA
"Montreal",2020-12-01,NA,NA,NA,NA,NA,NA,NA,NA
"Montreal",2021-01-01,NA,NA,NA,NA,NA,NA,NA,NA
"Montreal",2021-02-01,NA,NA,NA,NA,NA,NA,NA,NA
"Montreal",2021-03-01,NA,NA,NA,NA,NA,NA,NA,NA
"Montreal",2021-04-01,NA,NA,NA,NA,NA,NA,NA,NA
"Montreal",2021-05-01,NA,NA,NA,NA,NA,NA,NA,NA
"Montreal",2021-06-01,NA,NA,NA,NA,NA,NA,NA,NA
"Montreal",2021-07-01,NA,NA,NA,NA,NA,NA,NA,NA
"Montreal",2021-08-01,NA,NA,NA,NA,NA,NA,NA,NA
"Montreal",2021-09-01,NA,NA,NA,NA,NA,NA,NA,NA
"Montreal",2021-10-01,NA,NA,NA,NA,NA,NA,NA,NA
"Montreal",2021-11-01,NA,NA,NA,NA,NA,NA,NA,NA
"Montreal",2021-12-01,NA,NA,NA,NA,NA,NA,NA,NA
"Ontario",2013-01-01,NA,NA,NA,NA,NA,NA,NA,NA
"Ontario",2013-02-01,NA,NA,NA,NA,NA,NA,NA,NA
"Ontario",2013-03-01,NA,NA,NA,NA,NA,NA,NA,NA
"Ontario",2013-04-01,NA,NA,NA,NA,NA,NA,NA,NA
"Ontario",2013-05-01,NA,NA,NA,NA,NA,NA,NA,NA
"Ontario",2013-06-01,NA,NA,NA,NA,NA,NA,NA,NA
"Ontario",2013-07-01,0.036,0.236,0.175,0.122,0.102,0.164,0.33,0.166
"Ontario",2013-08-01,0.037,0.236,0.173,0.122,0.102,0.164,0.331,0.167
"Ontario",2013-09-01,0.037,0.236,0.171,0.122,0.103,0.165,0.332,0.167
"Ontario",2013-10-01,0.038,0.236,0.169,0.123,0.103,0.165,0.333,0.168
"Ontario",2013-11-01,0.038,0.235,0.168,0.123,0.103,0.165,0.334,0.168
"Ontario",2013-12-01,0.039,0.235,0.166,0.123,0.103,0.166,0.335,0.169
"Ontario",2014-01-01,0.039,0.235,0.164,0.124,0.104,0.166,0.336,0.17
"Ontario",2014-02-01,0.04,0.235,0.162,0.124,0.104,0.166,0.336,0.17
"Ontario",2014-03-01,0.04,0.235,0.16,0.124,0.104,0.167,0.337,0.171
"Ontario",2014-04-01,0.04,0.234,0.158,0.124,0.104,0.167,0.338,0.171
"Ontario",2014-05-01,0.041,0.234,0.157,0.124,0.105,0.167,0.339,0.172
"Ontario",2014-06-01,0.042,0.234,0.155,0.125,0.105,0.168,0.34,0.172
"Ontario",2014-07-01,0.042,0.234,0.153,0.125,0.105,0.168,0.341,0.173
"Ontario",2014-08-01,0.042,0.234,0.154,0.125,0.105,0.168,0.342,0.173
"Ontario",2014-09-01,0.042,0.234,0.154,0.124,0.104,0.169,0.342,0.174
"Ontario",2014-10-01,0.042,0.233,0.155,0.124,0.104,0.169,0.343,0.174
"Ontario",2014-11-01,0.041,0.233,0.155,0.123,0.103,0.169,0.343,0.174
"Ontario",2014-12-01,0.041,0.233,0.156,0.123,0.103,0.17,0.344,0.175
"Ontario",2015-01-01,0.041,0.233,0.156,0.122,0.103,0.17,0.345,0.175
"Ontario",2015-02-01,0.041,0.233,0.157,0.122,0.102,0.17,0.345,0.175
"Ontario",2015-03-01,0.041,0.233,0.158,0.122,0.102,0.171,0.346,0.176
"Ontario",2015-04-01,0.04,0.232,0.158,0.121,0.101,0.171,0.346,0.176
"Ontario",2015-05-01,0.04,0.232,0.159,0.121,0.101,0.171,0.347,0.176
"Ontario",2015-06-01,0.04,0.232,0.159,0.12,0.1,0.172,0.347,0.177
"Ontario",2015-07-01,0.04,0.232,0.16,0.12,0.1,0.172,0.348,0.177
"Ontario",2015-08-01,0.039,0.233,0.159,0.12,0.1,0.172,0.348,0.177
"Ontario",2015-09-01,0.039,0.234,0.158,0.121,0.1,0.172,0.348,0.176
"Ontario",2015-10-01,0.038,0.234,0.158,0.122,0.1,0.172,0.348,0.176
"Ontario",2015-11-01,0.038,0.235,0.157,0.122,0.101,0.172,0.347,0.176
"Ontario",2015-12-01,0.037,0.236,0.156,0.122,0.101,0.172,0.347,0.176
"Ontario",2016-01-01,0.037,0.237,0.156,0.123,0.101,0.172,0.347,0.176
"Ontario",2016-02-01,0.036,0.238,0.155,0.124,0.101,0.172,0.347,0.175
"Ontario",2016-03-01,0.035,0.239,0.154,0.124,0.101,0.172,0.347,0.175
"Ontario",2016-04-01,0.035,0.239,0.153,0.124,0.102,0.172,0.347,0.175
"Ontario",2016-05-01,0.034,0.24,0.153,0.125,0.102,0.172,0.346,0.174
"Ontario",2016-06-01,0.034,0.241,0.152,0.126,0.102,0.172,0.346,0.174
"Ontario",2016-07-01,0.033,0.242,0.151,0.126,0.102,0.172,0.346,0.174
"Ontario",2016-08-01,0.033,0.241,0.151,0.126,0.102,0.172,0.346,0.175
"Ontario",2016-09-01,0.034,0.24,0.151,0.126,0.103,0.172,0.347,0.175
"Ontario",2016-10-01,0.034,0.239,0.151,0.126,0.103,0.171,0.347,0.176
"Ontario",2016-11-01,0.034,0.238,0.151,0.126,0.103,0.171,0.348,0.176
"Ontario",2016-12-01,0.034,0.237,0.151,0.126,0.104,0.171,0.348,0.177
"Ontario",2017-01-01,0.034,0.236,0.152,0.126,0.104,0.171,0.349,0.178
"Ontario",2017-02-01,0.035,0.235,0.152,0.125,0.104,0.171,0.349,0.178
"Ontario",2017-03-01,0.035,0.234,0.152,0.125,0.105,0.171,0.349,0.179
"Ontario",2017-04-01,0.035,0.233,0.152,0.125,0.105,0.17,0.35,0.179
"Ontario",2017-05-01,0.036,0.232,0.152,0.125,0.105,0.17,0.35,0.18
"Ontario",2017-06-01,0.036,0.231,0.152,0.125,0.106,0.17,0.351,0.18
"Ontario",2017-07-01,0.036,0.23,0.152,0.125,0.106,0.17,0.351,0.181
"Ontario",2017-08-01,0.037,0.23,0.151,0.125,0.106,0.171,0.352,0.182
"Ontario",2017-09-01,0.037,0.229,0.149,0.126,0.106,0.171,0.353,0.182
"Ontario",2017-10-01,0.038,0.229,0.148,0.126,0.106,0.172,0.355,0.183
"Ontario",2017-11-01,0.038,0.228,0.147,0.126,0.105,0.172,0.356,0.183
"Ontario",2017-12-01,0.039,0.228,0.145,0.126,0.105,0.173,0.357,0.184
"Ontario",2018-01-01,0.039,0.227,0.144,0.126,0.105,0.174,0.358,0.184
"Ontario",2018-02-01,0.04,0.226,0.143,0.127,0.105,0.174,0.359,0.185
"Ontario",2018-03-01,0.04,0.226,0.141,0.127,0.105,0.175,0.36,0.186
"Ontario",2018-04-01,0.04,0.225,0.14,0.127,0.105,0.175,0.362,0.186
"Ontario",2018-05-01,0.041,0.225,0.139,0.128,0.104,0.176,0.363,0.187
"Ontario",2018-06-01,0.042,0.224,0.137,0.128,0.104,0.176,0.364,0.187
"Ontario",2018-07-01,0.042,0.224,0.136,0.128,0.104,0.177,0.365,0.188
"Ontario",2018-08-01,0.041,0.224,0.137,0.128,0.104,0.177,0.364,0.187
"Ontario",2018-09-01,0.041,0.224,0.138,0.128,0.105,0.176,0.364,0.187
"Ontario",2018-10-01,0.04,0.224,0.14,0.128,0.105,0.176,0.363,0.186
"Ontario",2018-11-01,0.039,0.224,0.141,0.129,0.105,0.176,0.362,0.186
"Ontario",2018-12-01,0.039,0.224,0.142,0.129,0.105,0.176,0.361,0.185
"Ontario",2019-01-01,0.038,0.224,0.144,0.129,0.106,0.176,0.361,0.184
"Ontario",2019-02-01,0.037,0.224,0.145,0.129,0.106,0.175,0.36,0.184
"Ontario",2019-03-01,0.037,0.224,0.146,0.129,0.106,0.175,0.359,0.183
"Ontario",2019-04-01,0.036,0.224,0.147,0.13,0.106,0.175,0.358,0.183
"Ontario",2019-05-01,0.035,0.224,0.148,0.13,0.106,0.174,0.358,0.182
"Ontario",2019-06-01,0.035,0.224,0.15,0.13,0.107,0.174,0.357,0.182
"Ontario",2019-07-01,0.034,0.224,0.151,0.13,0.107,0.174,0.356,0.181
"Ontario",2019-08-01,0.033,0.222,0.15,0.13,0.108,0.175,0.358,0.183
"Ontario",2019-09-01,0.032,0.221,0.15,0.13,0.108,0.176,0.361,0.184
"Ontario",2019-10-01,0.032,0.219,0.149,0.13,0.109,0.176,0.363,0.186
"Ontario",2019-11-01,0.031,0.217,0.148,0.13,0.109,0.177,0.365,0.187
"Ontario",2019-12-01,0.03,0.216,0.148,0.13,0.11,0.178,0.367,0.188
"Ontario",2020-01-01,0.03,0.214,0.147,0.13,0.11,0.179,0.37,0.19
"Ontario",2020-02-01,0.029,0.212,0.146,0.131,0.111,0.18,0.372,0.192
"Ontario",2020-03-01,0.028,0.211,0.146,0.131,0.112,0.181,0.374,0.193
"Ontario",2020-04-01,0.027,0.209,0.145,0.131,0.112,0.182,0.376,0.194
"Ontario",2020-05-01,0.027,0.207,0.144,0.131,0.113,0.182,0.378,0.196
"Ontario",2020-06-01,0.026,0.206,0.144,0.131,0.113,0.183,0.381,0.197
"Ontario",2020-07-01,0.025,0.204,0.143,0.131,0.114,0.184,0.383,0.199
"Ontario",2020-08-01,NA,NA,NA,NA,NA,NA,NA,NA
"Ontario",2020-09-01,NA,NA,NA,NA,NA,NA,NA,NA
"Ontario",2020-10-01,NA,NA,NA,NA,NA,NA,NA,NA
"Ontario",2020-11-01,NA,NA,NA,NA,NA,NA,NA,NA
"Ontario",2020-12-01,NA,NA,NA,NA,NA,NA,NA,NA
"Ontario",2021-01-01,NA,NA,NA,NA,NA,NA,NA,NA
"Ontario",2021-02-01,NA,NA,NA,NA,NA,NA,NA,NA
"Ontario",2021-03-01,NA,NA,NA,NA,NA,NA,NA,NA
"Ontario",2021-04-01,NA,NA,NA,NA,NA,NA,NA,NA
"Ontario",2021-05-01,NA,NA,NA,NA,NA,NA,NA,NA
"Ontario",2021-06-01,NA,NA,NA,NA,NA,NA,NA,NA
"Ontario",2021-07-01,NA,NA,NA,NA,NA,NA,NA,NA
"Ontario",2021-08-01,NA,NA,NA,NA,NA,NA,NA,NA
"Ontario",2021-09-01,NA,NA,NA,NA,NA,NA,NA,NA
"Ontario",2021-10-01,NA,NA,NA,NA,NA,NA,NA,NA
"Ontario",2021-11-01,NA,NA,NA,NA,NA,NA,NA,NA
"Ontario",2021-12-01,NA,NA,NA,NA,NA,NA,NA,NA
"Ottawa",2013-01-01,NA,NA,NA,NA,NA,NA,NA,NA
"Ottawa",2013-02-01,NA,NA,NA,NA,NA,NA,NA,NA
"Ottawa",2013-03-01,NA,NA,NA,NA,NA,NA,NA,NA
"Ottawa",2013-04-01,NA,NA,NA,NA,NA,NA,NA,NA
"Ottawa",2013-05-01,NA,NA,NA,NA,NA,NA,NA,NA
"Ottawa",2013-06-01,NA,NA,NA,NA,NA,NA,NA,NA
"Ottawa",2013-07-01,0.045,0.22,0.147,0.085,0.093,0.197,0.41,0.214
"Ottawa",2013-08-01,0.045,0.22,0.145,0.088,0.093,0.195,0.408,0.215
"Ottawa",2013-09-01,0.045,0.221,0.144,0.091,0.092,0.192,0.407,0.215
"Ottawa",2013-10-01,0.046,0.221,0.142,0.094,0.092,0.19,0.405,0.216
"Ottawa",2013-11-01,0.046,0.222,0.141,0.097,0.092,0.188,0.404,0.216
"Ottawa",2013-12-01,0.046,0.222,0.139,0.1,0.091,0.186,0.402,0.217
"Ottawa",2014-01-01,0.046,0.223,0.138,0.103,0.091,0.184,0.4,0.218
"Ottawa",2014-02-01,0.046,0.223,0.136,0.106,0.091,0.181,0.399,0.218
"Ottawa",2014-03-01,0.046,0.223,0.134,0.109,0.09,0.179,0.397,0.219
"Ottawa",2014-04-01,0.046,0.224,0.133,0.112,0.09,0.177,0.396,0.219
"Ottawa",2014-05-01,0.047,0.224,0.131,0.115,0.09,0.175,0.394,0.22
"Ottawa",2014-06-01,0.047,0.225,0.13,0.118,0.089,0.172,0.393,0.22
"Ottawa",2014-07-01,0.047,0.225,0.128,0.121,0.089,0.17,0.391,0.221
"Ottawa",2014-08-01,0.047,0.226,0.13,0.119,0.09,0.169,0.389,0.22
"Ottawa",2014-09-01,0.046,0.227,0.131,0.117,0.092,0.169,0.388,0.219
"Ottawa",2014-10-01,0.046,0.228,0.133,0.115,0.093,0.168,0.386,0.218
"Ottawa",2014-11-01,0.045,0.229,0.134,0.113,0.095,0.168,0.385,0.217
"Ottawa",2014-12-01,0.045,0.23,0.136,0.111,0.096,0.167,0.383,0.216
"Ottawa",2015-01-01,0.044,0.231,0.138,0.109,0.098,0.166,0.382,0.215
"Ottawa",2015-02-01,0.044,0.232,0.139,0.107,0.099,0.166,0.38,0.213
"Ottawa",2015-03-01,0.044,0.233,0.141,0.105,0.1,0.165,0.378,0.212
"Ottawa",2015-04-01,0.043,0.234,0.142,0.103,0.102,0.165,0.377,0.211
"Ottawa",2015-05-01,0.043,0.235,0.144,0.101,0.103,0.164,0.375,0.21
"Ottawa",2015-06-01,0.042,0.236,0.145,0.099,0.105,0.164,0.374,0.209
"Ottawa",2015-07-01,0.042,0.237,0.147,0.097,0.106,0.163,0.372,0.208
"Ottawa",2015-08-01,0.041,0.236,0.145,0.099,0.107,0.166,0.373,0.207
"Ottawa",2015-09-01,0.04,0.235,0.143,0.101,0.108,0.168,0.375,0.206
"Ottawa",2015-10-01,0.04,0.234,0.141,0.103,0.109,0.171,0.376,0.204
"Ottawa",2015-11-01,0.039,0.233,0.139,0.104,0.11,0.173,0.377,0.203
"Ottawa",2015-12-01,0.038,0.232,0.137,0.106,0.111,0.176,0.378,0.202
"Ottawa",2016-01-01,0.038,0.231,0.134,0.108,0.111,0.178,0.38,0.2
"Ottawa",2016-02-01,0.037,0.231,0.132,0.11,0.112,0.181,0.381,0.199
"Ottawa",2016-03-01,0.036,0.23,0.13,0.112,0.113,0.184,0.382,0.198
"Ottawa",2016-04-01,0.035,0.229,0.128,0.113,0.114,0.186,0.383,0.197
"Ottawa",2016-05-01,0.034,0.228,0.126,0.115,0.115,0.189,0.384,0.196
"Ottawa",2016-06-01,0.034,0.227,0.124,0.117,0.116,0.191,0.386,0.194
"Ottawa",2016-07-01,0.033,0.226,0.122,0.119,0.117,0.194,0.387,0.193
"Ottawa",2016-08-01,0.032,0.225,0.125,0.119,0.115,0.192,0.386,0.195
"Ottawa",2016-09-01,0.032,0.225,0.128,0.12,0.114,0.189,0.386,0.196
"Ottawa",2016-10-01,0.031,0.224,0.13,0.12,0.112,0.187,0.385,0.198
"Ottawa",2016-11-01,0.03,0.224,0.133,0.12,0.111,0.185,0.384,0.2
"Ottawa",2016-12-01,0.029,0.224,0.136,0.121,0.109,0.182,0.384,0.201
"Ottawa",2017-01-01,0.028,0.223,0.139,0.121,0.108,0.18,0.383,0.203
"Ottawa",2017-02-01,0.028,0.222,0.142,0.121,0.106,0.178,0.382,0.205
"Ottawa",2017-03-01,0.027,0.222,0.145,0.122,0.104,0.175,0.382,0.206
"Ottawa",2017-04-01,0.026,0.222,0.148,0.122,0.103,0.173,0.381,0.208
"Ottawa",2017-05-01,0.026,0.221,0.15,0.122,0.101,0.171,0.38,0.21
"Ottawa",2017-06-01,0.025,0.221,0.153,0.123,0.1,0.168,0.38,0.211
"Ottawa",2017-07-01,0.024,0.22,0.156,0.123,0.098,0.166,0.379,0.213
"Ottawa",2017-08-01,0.024,0.219,0.154,0.123,0.098,0.167,0.38,0.213
"Ottawa",2017-09-01,0.024,0.219,0.153,0.123,0.099,0.168,0.382,0.214
"Ottawa",2017-10-01,0.024,0.218,0.152,0.124,0.1,0.17,0.384,0.214
"Ottawa",2017-11-01,0.025,0.217,0.15,0.124,0.1,0.171,0.385,0.214
"Ottawa",2017-12-01,0.025,0.216,0.148,0.124,0.1,0.172,0.386,0.215
"Ottawa",2018-01-01,0.025,0.216,0.147,0.124,0.101,0.173,0.388,0.215
"Ottawa",2018-02-01,0.025,0.215,0.146,0.124,0.102,0.174,0.39,0.215
"Ottawa",2018-03-01,0.025,0.214,0.144,0.124,0.102,0.175,0.391,0.216
"Ottawa",2018-04-01,0.025,0.213,0.143,0.124,0.103,0.176,0.392,0.216
"Ottawa",2018-05-01,0.025,0.212,0.141,0.125,0.103,0.178,0.394,0.216
"Ottawa",2018-06-01,0.026,0.212,0.14,0.125,0.104,0.179,0.396,0.217
"Ottawa",2018-07-01,0.026,0.211,0.138,0.125,0.104,0.18,0.397,0.217
"Ottawa",2018-08-01,0.026,0.21,0.139,0.126,0.104,0.18,0.396,0.216
"Ottawa",2018-09-01,0.026,0.209,0.14,0.128,0.105,0.18,0.394,0.214
"Ottawa",2018-10-01,0.026,0.208,0.141,0.129,0.105,0.181,0.393,0.212
"Ottawa",2018-11-01,0.026,0.206,0.142,0.13,0.106,0.181,0.392,0.211
"Ottawa",2018-12-01,0.026,0.205,0.143,0.131,0.106,0.181,0.391,0.21
"Ottawa",2019-01-01,0.026,0.204,0.144,0.132,0.107,0.182,0.39,0.208
"Ottawa",2019-02-01,0.027,0.203,0.144,0.134,0.107,0.182,0.388,0.206
"Ottawa",2019-03-01,0.027,0.202,0.145,0.135,0.107,0.182,0.387,0.205
"Ottawa",2019-04-01,0.027,0.2,0.146,0.136,0.108,0.182,0.386,0.203
"Ottawa",2019-05-01,0.027,0.199,0.147,0.138,0.108,0.182,0.384,0.202
"Ottawa",2019-06-01,0.027,0.198,0.148,0.139,0.109,0.183,0.383,0.2
"Ottawa",2019-07-01,0.027,0.197,0.149,0.14,0.109,0.183,0.382,0.199
"Ottawa",2019-08-01,0.027,0.195,0.148,0.139,0.109,0.183,0.386,0.203
"Ottawa",2019-09-01,0.028,0.193,0.147,0.138,0.108,0.183,0.39,0.207
"Ottawa",2019-10-01,0.028,0.191,0.146,0.138,0.108,0.182,0.393,0.211
"Ottawa",2019-11-01,0.028,0.189,0.145,0.137,0.107,0.182,0.397,0.215
"Ottawa",2019-12-01,0.028,0.187,0.144,0.136,0.107,0.182,0.401,0.219
"Ottawa",2020-01-01,0.028,0.185,0.143,0.135,0.107,0.182,0.404,0.222
"Ottawa",2020-02-01,0.028,0.183,0.141,0.134,0.106,0.182,0.408,0.226
"Ottawa",2020-03-01,0.028,0.181,0.14,0.133,0.106,0.182,0.412,0.23
"Ottawa",2020-04-01,0.029,0.179,0.139,0.132,0.105,0.182,0.416,0.234
"Ottawa",2020-05-01,0.029,0.177,0.138,0.132,0.105,0.181,0.42,0.238
"Ottawa",2020-06-01,0.029,0.175,0.137,0.131,0.104,0.181,0.423,0.242
"Ottawa",2020-07-01,0.029,0.173,0.136,0.13,0.104,0.181,0.427,0.246
"Ottawa",2020-08-01,NA,NA,NA,NA,NA,NA,NA,NA
"Ottawa",2020-09-01,NA,NA,NA,NA,NA,NA,NA,NA
"Ottawa",2020-10-01,NA,NA,NA,NA,NA,NA,NA,NA
"Ottawa",2020-11-01,NA,NA,NA,NA,NA,NA,NA,NA
"Ottawa",2020-12-01,NA,NA,NA,NA,NA,NA,NA,NA
"Ottawa",2021-01-01,NA,NA,NA,NA,NA,NA,NA,NA
"Ottawa",2021-02-01,NA,NA,NA,NA,NA,NA,NA,NA
"Ottawa",2021-03-01,NA,NA,NA,NA,NA,NA,NA,NA
"Ottawa",2021-04-01,NA,NA,NA,NA,NA,NA,NA,NA
"Ottawa",2021-05-01,NA,NA,NA,NA,NA,NA,NA,NA
"Ottawa",2021-06-01,NA,NA,NA,NA,NA,NA,NA,NA
"Ottawa",2021-07-01,NA,NA,NA,NA,NA,NA,NA,NA
"Ottawa",2021-08-01,NA,NA,NA,NA,NA,NA,NA,NA
"Ottawa",2021-09-01,NA,NA,NA,NA,NA,NA,NA,NA
"Ottawa",2021-10-01,NA,NA,NA,NA,NA,NA,NA,NA
"Ottawa",2021-11-01,NA,NA,NA,NA,NA,NA,NA,NA
"Ottawa",2021-12-01,NA,NA,NA,NA,NA,NA,NA,NA
"Quebec",2013-01-01,NA,NA,NA,NA,NA,NA,NA,NA
"Quebec",2013-02-01,NA,NA,NA,NA,NA,NA,NA,NA
"Quebec",2013-03-01,NA,NA,NA,NA,NA,NA,NA,NA
"Quebec",2013-04-01,NA,NA,NA,NA,NA,NA,NA,NA
"Quebec",2013-05-01,NA,NA,NA,NA,NA,NA,NA,NA
"Quebec",2013-06-01,NA,NA,NA,NA,NA,NA,NA,NA
"Quebec",2013-07-01,0.037,0.282,0.19,0.132,0.11,0.148,0.249,0.102
"Quebec",2013-08-01,0.037,0.282,0.19,0.132,0.11,0.149,0.25,0.102
"Quebec",2013-09-01,0.036,0.283,0.189,0.132,0.11,0.15,0.25,0.101
"Quebec",2013-10-01,0.036,0.283,0.189,0.132,0.11,0.151,0.251,0.101
"Quebec",2013-11-01,0.035,0.283,0.189,0.132,0.11,0.152,0.252,0.101
"Quebec",2013-12-01,0.034,0.284,0.188,0.132,0.11,0.153,0.252,0.1
"Quebec",2014-01-01,0.034,0.284,0.188,0.132,0.11,0.154,0.253,0.1
"Quebec",2014-02-01,0.034,0.284,0.188,0.131,0.109,0.154,0.254,0.1
"Quebec",2014-03-01,0.033,0.285,0.187,0.131,0.109,0.155,0.254,0.099
"Quebec",2014-04-01,0.032,0.285,0.187,0.131,0.109,0.156,0.255,0.099
"Quebec",2014-05-01,0.032,0.285,0.187,0.131,0.109,0.157,0.256,0.099
"Quebec",2014-06-01,0.032,0.286,0.186,0.131,0.109,0.158,0.256,0.098
"Quebec",2014-07-01,0.031,0.286,0.186,0.131,0.109,0.159,0.257,0.098
"Quebec",2014-08-01,0.031,0.287,0.185,0.131,0.109,0.159,0.257,0.097
"Quebec",2014-09-01,0.032,0.287,0.184,0.131,0.11,0.16,0.256,0.097
"Quebec",2014-10-01,0.032,0.288,0.183,0.132,0.11,0.16,0.256,0.096
"Quebec",2014-11-01,0.032,0.288,0.182,0.132,0.111,0.16,0.255,0.095
"Quebec",2014-12-01,0.033,0.289,0.181,0.132,0.111,0.16,0.255,0.095
"Quebec",2015-01-01,0.033,0.29,0.18,0.132,0.111,0.16,0.254,0.094
"Quebec",2015-02-01,0.033,0.29,0.178,0.132,0.112,0.161,0.254,0.093
"Quebec",2015-03-01,0.034,0.291,0.177,0.132,0.112,0.161,0.254,0.093
"Quebec",2015-04-01,0.034,0.291,0.176,0.132,0.113,0.161,0.253,0.092
"Quebec",2015-05-01,0.034,0.292,0.175,0.133,0.113,0.162,0.253,0.091
"Quebec",2015-06-01,0.035,0.292,0.174,0.133,0.114,0.162,0.252,0.091
"Quebec",2015-07-01,0.035,0.293,0.173,0.133,0.114,0.162,0.252,0.09
"Quebec",2015-08-01,0.035,0.292,0.174,0.133,0.113,0.161,0.253,0.092
"Quebec",2015-09-01,0.035,0.291,0.176,0.132,0.112,0.161,0.254,0.093
"Quebec",2015-10-01,0.034,0.29,0.178,0.132,0.111,0.16,0.255,0.095
"Quebec",2015-11-01,0.034,0.289,0.179,0.132,0.111,0.16,0.256,0.097
"Quebec",2015-12-01,0.034,0.288,0.18,0.131,0.11,0.159,0.257,0.098
"Quebec",2016-01-01,0.034,0.286,0.182,0.131,0.109,0.158,0.258,0.1
"Quebec",2016-02-01,0.034,0.285,0.184,0.131,0.108,0.158,0.259,0.102
"Quebec",2016-03-01,0.034,0.284,0.185,0.13,0.107,0.157,0.26,0.103
"Quebec",2016-04-01,0.034,0.283,0.186,0.13,0.106,0.157,0.261,0.105
"Quebec",2016-05-01,0.033,0.282,0.188,0.13,0.106,0.156,0.262,0.107
"Quebec",2016-06-01,0.033,0.281,0.19,0.129,0.105,0.156,0.263,0.108
"Quebec",2016-07-01,0.033,0.28,0.191,0.129,0.104,0.155,0.264,0.11
"Quebec",2016-08-01,0.033,0.281,0.189,0.129,0.104,0.155,0.264,0.11
"Quebec",2016-09-01,0.033,0.282,0.187,0.13,0.104,0.155,0.264,0.11
"Quebec",2016-10-01,0.034,0.283,0.184,0.13,0.105,0.155,0.264,0.11
"Quebec",2016-11-01,0.034,0.284,0.182,0.13,0.105,0.155,0.265,0.11
"Quebec",2016-12-01,0.034,0.285,0.18,0.131,0.105,0.155,0.265,0.11
"Quebec",2017-01-01,0.034,0.287,0.178,0.131,0.106,0.156,0.265,0.11
"Quebec",2017-02-01,0.034,0.288,0.176,0.131,0.106,0.156,0.265,0.11
"Quebec",2017-03-01,0.034,0.289,0.174,0.132,0.106,0.156,0.265,0.11
"Quebec",2017-04-01,0.034,0.29,0.172,0.132,0.106,0.156,0.266,0.11
"Quebec",2017-05-01,0.035,0.291,0.169,0.132,0.107,0.156,0.266,0.11
"Quebec",2017-06-01,0.035,0.292,0.167,0.133,0.107,0.156,0.266,0.11
"Quebec",2017-07-01,0.035,0.293,0.165,0.133,0.107,0.156,0.266,0.11
"Quebec",2017-08-01,0.034,0.292,0.166,0.133,0.107,0.156,0.266,0.11
"Quebec",2017-09-01,0.034,0.292,0.167,0.133,0.107,0.155,0.266,0.111
"Quebec",2017-10-01,0.034,0.291,0.168,0.134,0.107,0.155,0.266,0.112
"Quebec",2017-11-01,0.033,0.29,0.169,0.134,0.107,0.154,0.266,0.112
"Quebec",2017-12-01,0.032,0.29,0.17,0.134,0.107,0.154,0.266,0.112
"Quebec",2018-01-01,0.032,0.289,0.172,0.134,0.107,0.154,0.266,0.113
"Quebec",2018-02-01,0.032,0.288,0.173,0.134,0.106,0.153,0.267,0.113
"Quebec",2018-03-01,0.031,0.288,0.174,0.134,0.106,0.153,0.267,0.114
"Quebec",2018-04-01,0.03,0.287,0.175,0.134,0.106,0.152,0.267,0.114
"Quebec",2018-05-01,0.03,0.286,0.176,0.135,0.106,0.152,0.267,0.115
"Quebec",2018-06-01,0.029,0.286,0.177,0.135,0.106,0.151,0.267,0.115
"Quebec",2018-07-01,0.029,0.285,0.178,0.135,0.106,0.151,0.267,0.116
"Quebec",2018-08-01,0.029,0.285,0.177,0.135,0.106,0.152,0.268,0.117
"Quebec",2018-09-01,0.029,0.284,0.175,0.135,0.106,0.152,0.27,0.118
"Quebec",2018-10-01,0.03,0.284,0.174,0.135,0.106,0.153,0.272,0.119
"Quebec",2018-11-01,0.03,0.283,0.172,0.135,0.106,0.153,0.273,0.12
"Quebec",2018-12-01,0.03,0.283,0.171,0.135,0.106,0.154,0.274,0.121
"Quebec",2019-01-01,0.03,0.282,0.17,0.136,0.106,0.154,0.276,0.122
"Quebec",2019-02-01,0.031,0.282,0.168,0.136,0.107,0.155,0.277,0.122
"Quebec",2019-03-01,0.031,0.281,0.167,0.136,0.107,0.156,0.279,0.123
"Quebec",2019-04-01,0.031,0.28,0.165,0.136,0.107,0.156,0.28,0.124
"Quebec",2019-05-01,0.032,0.28,0.164,0.136,0.107,0.157,0.282,0.125
"Quebec",2019-06-01,0.032,0.28,0.162,0.136,0.107,0.157,0.284,0.126
"Quebec",2019-07-01,0.032,0.279,0.161,0.136,0.107,0.158,0.285,0.127
"Quebec",2019-08-01,0.031,0.277,0.162,0.136,0.107,0.16,0.287,0.127
"Quebec",2019-09-01,0.03,0.274,0.164,0.136,0.108,0.161,0.289,0.128
"Quebec",2019-10-01,0.029,0.272,0.165,0.135,0.108,0.163,0.291,0.128
"Quebec",2019-11-01,0.028,0.269,0.167,0.135,0.109,0.165,0.293,0.128
"Quebec",2019-12-01,0.027,0.267,0.168,0.135,0.109,0.166,0.295,0.128
"Quebec",2020-01-01,0.026,0.264,0.169,0.134,0.11,0.168,0.296,0.128
"Quebec",2020-02-01,0.024,0.262,0.171,0.134,0.11,0.17,0.298,0.129
"Quebec",2020-03-01,0.023,0.26,0.172,0.134,0.111,0.171,0.3,0.129
"Quebec",2020-04-01,0.022,0.257,0.174,0.134,0.111,0.173,0.302,0.129
"Quebec",2020-05-01,0.021,0.255,0.175,0.134,0.112,0.175,0.304,0.13
"Quebec",2020-06-01,0.02,0.252,0.177,0.133,0.112,0.176,0.306,0.13
"Quebec",2020-07-01,0.019,0.25,0.178,0.133,0.113,0.178,0.308,0.13
"Quebec",2020-08-01,NA,NA,NA,NA,NA,NA,NA,NA
"Quebec",2020-09-01,NA,NA,NA,NA,NA,NA,NA,NA
"Quebec",2020-10-01,NA,NA,NA,NA,NA,NA,NA,NA
"Quebec",2020-11-01,NA,NA,NA,NA,NA,NA,NA,NA
"Quebec",2020-12-01,NA,NA,NA,NA,NA,NA,NA,NA
"Quebec",2021-01-01,NA,NA,NA,NA,NA,NA,NA,NA
"Quebec",2021-02-01,NA,NA,NA,NA,NA,NA,NA,NA
"Quebec",2021-03-01,NA,NA,NA,NA,NA,NA,NA,NA
"Quebec",2021-04-01,NA,NA,NA,NA,NA,NA,NA,NA
"Quebec",2021-05-01,NA,NA,NA,NA,NA,NA,NA,NA
"Quebec",2021-06-01,NA,NA,NA,NA,NA,NA,NA,NA
"Quebec",2021-07-01,NA,NA,NA,NA,NA,NA,NA,NA
"Quebec",2021-08-01,NA,NA,NA,NA,NA,NA,NA,NA
"Quebec",2021-09-01,NA,NA,NA,NA,NA,NA,NA,NA
"Quebec",2021-10-01,NA,NA,NA,NA,NA,NA,NA,NA
"Quebec",2021-11-01,NA,NA,NA,NA,NA,NA,NA,NA
"Quebec",2021-12-01,NA,NA,NA,NA,NA,NA,NA,NA
"Toronto",2013-01-01,NA,NA,NA,NA,NA,NA,NA,NA
"Toronto",2013-02-01,NA,NA,NA,NA,NA,NA,NA,NA
"Toronto",2013-03-01,NA,NA,NA,NA,NA,NA,NA,NA
"Toronto",2013-04-01,NA,NA,NA,NA,NA,NA,NA,NA
"Toronto",2013-05-01,NA,NA,NA,NA,NA,NA,NA,NA
"Toronto",2013-06-01,NA,NA,NA,NA,NA,NA,NA,NA
"Toronto",2013-07-01,0.038,0.235,0.176,0.114,0.092,0.155,0.345,0.19
"Toronto",2013-08-01,0.039,0.235,0.173,0.114,0.093,0.155,0.346,0.191
"Toronto",2013-09-01,0.041,0.235,0.17,0.114,0.094,0.156,0.347,0.191
"Toronto",2013-10-01,0.042,0.234,0.168,0.113,0.095,0.156,0.348,0.192
"Toronto",2013-11-01,0.044,0.234,0.165,0.113,0.096,0.156,0.348,0.192
"Toronto",2013-12-01,0.045,0.234,0.162,0.113,0.097,0.156,0.349,0.193
"Toronto",2014-01-01,0.046,0.234,0.159,0.112,0.098,0.156,0.35,0.194
"Toronto",2014-02-01,0.048,0.233,0.156,0.112,0.099,0.157,0.351,0.194
"Toronto",2014-03-01,0.049,0.233,0.153,0.112,0.1,0.157,0.352,0.195
"Toronto",2014-04-01,0.051,0.233,0.151,0.112,0.101,0.157,0.352,0.195
"Toronto",2014-05-01,0.052,0.233,0.148,0.111,0.102,0.158,0.353,0.196
"Toronto",2014-06-01,0.054,0.232,0.145,0.111,0.103,0.158,0.354,0.196
"Toronto",2014-07-01,0.055,0.232,0.142,0.111,0.104,0.158,0.355,0.197
"Toronto",2014-08-01,0.055,0.231,0.143,0.111,0.102,0.159,0.356,0.197
"Toronto",2014-09-01,0.054,0.231,0.145,0.112,0.101,0.16,0.356,0.197
"Toronto",2014-10-01,0.054,0.23,0.146,0.112,0.099,0.16,0.357,0.197
"Toronto",2014-11-01,0.054,0.23,0.147,0.113,0.098,0.161,0.358,0.197
"Toronto",2014-12-01,0.053,0.229,0.148,0.113,0.096,0.162,0.359,0.197
"Toronto",2015-01-01,0.053,0.229,0.15,0.114,0.095,0.162,0.36,0.197
"Toronto",2015-02-01,0.053,0.228,0.151,0.114,0.094,0.163,0.36,0.197
"Toronto",2015-03-01,0.052,0.227,0.152,0.115,0.092,0.164,0.361,0.197
"Toronto",2015-04-01,0.052,0.227,0.153,0.116,0.09,0.165,0.362,0.197
"Toronto",2015-05-01,0.052,0.226,0.154,0.116,0.089,0.165,0.362,0.197
"Toronto",2015-06-01,0.051,0.226,0.156,0.116,0.088,0.166,0.363,0.197
"Toronto",2015-07-01,0.051,0.225,0.157,0.117,0.086,0.167,0.364,0.197
"Toronto",2015-08-01,0.05,0.227,0.156,0.117,0.086,0.167,0.364,0.197
"Toronto",2015-09-01,0.049,0.228,0.156,0.116,0.086,0.166,0.364,0.198
"Toronto",2015-10-01,0.048,0.23,0.155,0.116,0.087,0.166,0.365,0.198
"Toronto",2015-11-01,0.047,0.231,0.154,0.116,0.087,0.166,0.365,0.199
"Toronto",2015-12-01,0.046,0.233,0.153,0.115,0.087,0.166,0.365,0.199
"Toronto",2016-01-01,0.045,0.234,0.153,0.115,0.088,0.165,0.366,0.2
"Toronto",2016-02-01,0.044,0.236,0.152,0.115,0.088,0.165,0.366,0.2
"Toronto",2016-03-01,0.043,0.238,0.151,0.114,0.088,0.165,0.366,0.201
"Toronto",2016-04-01,0.042,0.239,0.15,0.114,0.088,0.165,0.366,0.202
"Toronto",2016-05-01,0.041,0.241,0.15,0.114,0.088,0.164,0.367,0.202
"Toronto",2016-06-01,0.04,0.242,0.149,0.113,0.089,0.164,0.367,0.202
"Toronto",2016-07-01,0.039,0.244,0.148,0.113,0.089,0.164,0.367,0.203
"Toronto",2016-08-01,0.04,0.24,0.148,0.114,0.09,0.165,0.369,0.204
"Toronto",2016-09-01,0.041,0.235,0.147,0.114,0.092,0.166,0.371,0.205
"Toronto",2016-10-01,0.042,0.231,0.147,0.115,0.093,0.167,0.373,0.206
"Toronto",2016-11-01,0.042,0.226,0.146,0.115,0.094,0.168,0.375,0.207
"Toronto",2016-12-01,0.043,0.222,0.146,0.116,0.096,0.169,0.377,0.208
"Toronto",2017-01-01,0.044,0.218,0.146,0.116,0.097,0.17,0.379,0.209
"Toronto",2017-02-01,0.045,0.213,0.145,0.117,0.098,0.172,0.381,0.209
"Toronto",2017-03-01,0.046,0.209,0.145,0.118,0.1,0.173,0.383,0.21
"Toronto",2017-04-01,0.046,0.204,0.144,0.118,0.101,0.174,0.385,0.211
"Toronto",2017-05-01,0.047,0.2,0.144,0.119,0.102,0.175,0.387,0.212
"Toronto",2017-06-01,0.048,0.195,0.143,0.119,0.104,0.176,0.389,0.213
"Toronto",2017-07-01,0.049,0.191,0.143,0.12,0.105,0.177,0.391,0.214
"Toronto",2017-08-01,0.05,0.192,0.141,0.121,0.105,0.177,0.39,0.214
"Toronto",2017-09-01,0.052,0.194,0.138,0.122,0.105,0.176,0.389,0.213
"Toronto",2017-10-01,0.053,0.195,0.136,0.122,0.105,0.176,0.388,0.213
"Toronto",2017-11-01,0.054,0.197,0.133,0.123,0.104,0.175,0.388,0.212
"Toronto",2017-12-01,0.056,0.198,0.131,0.124,0.104,0.175,0.387,0.212
"Toronto",2018-01-01,0.057,0.2,0.128,0.124,0.104,0.174,0.386,0.212
"Toronto",2018-02-01,0.058,0.201,0.126,0.125,0.104,0.174,0.385,0.211
"Toronto",2018-03-01,0.06,0.202,0.124,0.126,0.104,0.174,0.384,0.211
"Toronto",2018-04-01,0.061,0.204,0.121,0.127,0.104,0.173,0.384,0.21
"Toronto",2018-05-01,0.062,0.205,0.119,0.128,0.103,0.173,0.383,0.21
"Toronto",2018-06-01,0.064,0.207,0.116,0.128,0.103,0.172,0.382,0.209
"Toronto",2018-07-01,0.065,0.208,0.114,0.129,0.103,0.172,0.381,0.209
"Toronto",2018-08-01,0.062,0.208,0.116,0.129,0.103,0.172,0.382,0.209
"Toronto",2018-09-01,0.06,0.209,0.117,0.129,0.103,0.173,0.383,0.21
"Toronto",2018-10-01,0.057,0.209,0.119,0.129,0.103,0.174,0.384,0.21
"Toronto",2018-11-01,0.054,0.209,0.121,0.129,0.103,0.174,0.384,0.21
"Toronto",2018-12-01,0.051,0.21,0.122,0.129,0.103,0.174,0.385,0.21
"Toronto",2019-01-01,0.048,0.21,0.124,0.129,0.103,0.175,0.386,0.21
"Toronto",2019-02-01,0.046,0.21,0.126,0.129,0.103,0.176,0.387,0.211
"Toronto",2019-03-01,0.043,0.211,0.127,0.129,0.103,0.176,0.388,0.211
"Toronto",2019-04-01,0.04,0.211,0.129,0.129,0.103,0.177,0.388,0.211
"Toronto",2019-05-01,0.038,0.211,0.131,0.129,0.103,0.177,0.389,0.212
"Toronto",2019-06-01,0.035,0.212,0.132,0.129,0.103,0.178,0.39,0.212
"Toronto",2019-07-01,0.032,0.212,0.134,0.129,0.103,0.178,0.391,0.212
"Toronto",2019-08-01,0.032,0.211,0.134,0.129,0.104,0.178,0.392,0.212
"Toronto",2019-09-01,0.032,0.21,0.134,0.129,0.105,0.179,0.392,0.213
"Toronto",2019-10-01,0.032,0.208,0.133,0.128,0.106,0.179,0.393,0.214
"Toronto",2019-11-01,0.032,0.207,0.133,0.128,0.107,0.179,0.394,0.214
"Toronto",2019-12-01,0.032,0.206,0.133,0.128,0.108,0.18,0.395,0.214
"Toronto",2020-01-01,0.032,0.205,0.132,0.128,0.109,0.18,0.396,0.215
"Toronto",2020-02-01,0.031,0.203,0.132,0.128,0.109,0.18,0.396,0.216
"Toronto",2020-03-01,0.031,0.202,0.132,0.128,0.11,0.181,0.397,0.216
"Toronto",2020-04-01,0.031,0.201,0.132,0.128,0.111,0.181,0.398,0.216
"Toronto",2020-05-01,0.031,0.2,0.132,0.127,0.112,0.181,0.398,0.217
"Toronto",2020-06-01,0.031,0.198,0.131,0.127,0.113,0.182,0.399,0.218
"Toronto",2020-07-01,0.031,0.197,0.131,0.127,0.114,0.182,0.4,0.218
"Toronto",2020-08-01,NA,NA,NA,NA,NA,NA,NA,NA
"Toronto",2020-09-01,NA,NA,NA,NA,NA,NA,NA,NA
"Toronto",2020-10-01,NA,NA,NA,NA,NA,NA,NA,NA
"Toronto",2020-11-01,NA,NA,NA,NA,NA,NA,NA,NA
"Toronto",2020-12-01,NA,NA,NA,NA,NA,NA,NA,NA
"Toronto",2021-01-01,NA,NA,NA,NA,NA,NA,NA,NA
"Toronto",2021-02-01,NA,NA,NA,NA,NA,NA,NA,NA
"Toronto",2021-03-01,NA,NA,NA,NA,NA,NA,NA,NA
"Toronto",2021-04-01,NA,NA,NA,NA,NA,NA,NA,NA
"Toronto",2021-05-01,NA,NA,NA,NA,NA,NA,NA,NA
"Toronto",2021-06-01,NA,NA,NA,NA,NA,NA,NA,NA
"Toronto",2021-07-01,NA,NA,NA,NA,NA,NA,NA,NA
"Toronto",2021-08-01,NA,NA,NA,NA,NA,NA,NA,NA
"Toronto",2021-09-01,NA,NA,NA,NA,NA,NA,NA,NA
"Toronto",2021-10-01,NA,NA,NA,NA,NA,NA,NA,NA
"Toronto",2021-11-01,NA,NA,NA,NA,NA,NA,NA,NA
"Toronto",2021-12-01,NA,NA,NA,NA,NA,NA,NA,NA
"Vancouver",2013-01-01,NA,NA,NA,NA,NA,NA,NA,NA
"Vancouver",2013-02-01,NA,NA,NA,NA,NA,NA,NA,NA
"Vancouver",2013-03-01,NA,NA,NA,NA,NA,NA,NA,NA
"Vancouver",2013-04-01,NA,NA,NA,NA,NA,NA,NA,NA
"Vancouver",2013-05-01,NA,NA,NA,NA,NA,NA,NA,NA
"Vancouver",2013-06-01,NA,NA,NA,NA,NA,NA,NA,NA
"Vancouver",2013-07-01,0.076,0.239,0.135,0.113,0.111,0.139,0.327,0.188
"Vancouver",2013-08-01,0.074,0.239,0.135,0.115,0.11,0.141,0.327,0.186
"Vancouver",2013-09-01,0.073,0.239,0.135,0.116,0.109,0.143,0.328,0.184
"Vancouver",2013-10-01,0.071,0.24,0.136,0.118,0.108,0.145,0.328,0.183
"Vancouver",2013-11-01,0.069,0.24,0.136,0.12,0.107,0.147,0.328,0.181
"Vancouver",2013-12-01,0.068,0.24,0.136,0.121,0.106,0.149,0.329,0.179
"Vancouver",2014-01-01,0.066,0.24,0.136,0.123,0.106,0.152,0.329,0.178
"Vancouver",2014-02-01,0.064,0.24,0.137,0.125,0.105,0.154,0.329,0.176
"Vancouver",2014-03-01,0.063,0.24,0.137,0.126,0.104,0.156,0.33,0.174
"Vancouver",2014-04-01,0.061,0.241,0.137,0.128,0.103,0.158,0.33,0.172
"Vancouver",2014-05-01,0.059,0.241,0.138,0.13,0.102,0.16,0.33,0.17
"Vancouver",2014-06-01,0.058,0.241,0.138,0.131,0.101,0.162,0.331,0.169
"Vancouver",2014-07-01,0.056,0.241,0.138,0.133,0.1,0.164,0.331,0.167
"Vancouver",2014-08-01,0.056,0.243,0.136,0.13,0.1,0.165,0.333,0.168
"Vancouver",2014-09-01,0.057,0.245,0.134,0.127,0.101,0.165,0.334,0.169
"Vancouver",2014-10-01,0.057,0.247,0.133,0.124,0.102,0.166,0.336,0.17
"Vancouver",2014-11-01,0.058,0.249,0.131,0.122,0.102,0.166,0.338,0.171
"Vancouver",2014-12-01,0.058,0.251,0.129,0.119,0.103,0.167,0.34,0.172
"Vancouver",2015-01-01,0.058,0.253,0.128,0.116,0.103,0.167,0.342,0.174
"Vancouver",2015-02-01,0.059,0.255,0.126,0.113,0.104,0.168,0.343,0.175
"Vancouver",2015-03-01,0.059,0.257,0.124,0.11,0.104,0.169,0.345,0.176
"Vancouver",2015-04-01,0.06,0.259,0.122,0.108,0.104,0.169,0.347,0.177
"Vancouver",2015-05-01,0.06,0.261,0.12,0.105,0.105,0.17,0.349,0.178
"Vancouver",2015-06-01,0.061,0.263,0.119,0.102,0.106,0.17,0.35,0.179
"Vancouver",2015-07-01,0.061,0.265,0.117,0.099,0.106,0.171,0.352,0.18
"Vancouver",2015-08-01,0.061,0.261,0.119,0.101,0.106,0.173,0.353,0.179
"Vancouver",2015-09-01,0.06,0.256,0.12,0.102,0.107,0.174,0.354,0.179
"Vancouver",2015-10-01,0.06,0.252,0.122,0.104,0.107,0.176,0.355,0.178
"Vancouver",2015-11-01,0.06,0.247,0.123,0.106,0.108,0.177,0.356,0.178
"Vancouver",2015-12-01,0.059,0.243,0.125,0.107,0.108,0.179,0.357,0.177
"Vancouver",2016-01-01,0.059,0.239,0.126,0.109,0.109,0.18,0.358,0.176
"Vancouver",2016-02-01,0.059,0.234,0.128,0.111,0.109,0.182,0.358,0.176
"Vancouver",2016-03-01,0.058,0.23,0.13,0.112,0.109,0.184,0.359,0.175
"Vancouver",2016-04-01,0.058,0.225,0.131,0.114,0.11,0.185,0.36,0.175
"Vancouver",2016-05-01,0.058,0.221,0.133,0.116,0.11,0.187,0.361,0.174
"Vancouver",2016-06-01,0.057,0.216,0.134,0.117,0.111,0.188,0.362,0.174
"Vancouver",2016-07-01,0.057,0.212,0.136,0.119,0.111,0.19,0.363,0.173
"Vancouver",2016-08-01,0.056,0.214,0.136,0.119,0.11,0.19,0.363,0.173
"Vancouver",2016-09-01,0.055,0.216,0.136,0.119,0.11,0.19,0.363,0.173
"Vancouver",2016-10-01,0.054,0.219,0.135,0.12,0.109,0.189,0.363,0.174
"Vancouver",2016-11-01,0.053,0.221,0.135,0.12,0.108,0.189,0.363,0.174
"Vancouver",2016-12-01,0.052,0.223,0.135,0.12,0.107,0.189,0.363,0.174
"Vancouver",2017-01-01,0.052,0.225,0.134,0.12,0.107,0.188,0.363,0.174
"Vancouver",2017-02-01,0.051,0.227,0.134,0.12,0.106,0.188,0.362,0.174
"Vancouver",2017-03-01,0.05,0.229,0.134,0.12,0.105,0.188,0.362,0.174
"Vancouver",2017-04-01,0.049,0.231,0.134,0.12,0.104,0.188,0.362,0.174
"Vancouver",2017-05-01,0.048,0.234,0.134,0.121,0.104,0.188,0.362,0.175
"Vancouver",2017-06-01,0.047,0.236,0.133,0.121,0.103,0.187,0.362,0.175
"Vancouver",2017-07-01,0.046,0.238,0.133,0.121,0.102,0.187,0.362,0.175
"Vancouver",2017-08-01,0.047,0.236,0.136,0.121,0.101,0.187,0.362,0.175
"Vancouver",2017-09-01,0.047,0.234,0.139,0.121,0.1,0.186,0.361,0.175
"Vancouver",2017-10-01,0.048,0.232,0.142,0.12,0.099,0.186,0.361,0.175
"Vancouver",2017-11-01,0.048,0.23,0.145,0.12,0.098,0.185,0.36,0.175
"Vancouver",2017-12-01,0.049,0.228,0.148,0.12,0.097,0.185,0.36,0.175
"Vancouver",2018-01-01,0.05,0.226,0.15,0.12,0.096,0.184,0.359,0.174
"Vancouver",2018-02-01,0.05,0.225,0.153,0.12,0.094,0.184,0.359,0.174
"Vancouver",2018-03-01,0.051,0.223,0.156,0.12,0.093,0.184,0.358,0.174
"Vancouver",2018-04-01,0.051,0.221,0.159,0.12,0.092,0.183,0.358,0.174
"Vancouver",2018-05-01,0.052,0.219,0.162,0.119,0.091,0.183,0.357,0.174
"Vancouver",2018-06-01,0.052,0.217,0.165,0.119,0.09,0.182,0.357,0.174
"Vancouver",2018-07-01,0.053,0.215,0.168,0.119,0.089,0.182,0.356,0.174
"Vancouver",2018-08-01,0.054,0.213,0.166,0.118,0.091,0.181,0.357,0.176
"Vancouver",2018-09-01,0.056,0.211,0.164,0.118,0.093,0.18,0.359,0.178
"Vancouver",2018-10-01,0.057,0.209,0.163,0.117,0.094,0.179,0.36,0.18
"Vancouver",2018-11-01,0.058,0.207,0.161,0.117,0.096,0.178,0.361,0.183
"Vancouver",2018-12-01,0.059,0.205,0.159,0.116,0.098,0.177,0.363,0.185
"Vancouver",2019-01-01,0.06,0.203,0.158,0.116,0.1,0.176,0.364,0.187
"Vancouver",2019-02-01,0.062,0.201,0.156,0.116,0.102,0.176,0.365,0.189
"Vancouver",2019-03-01,0.063,0.199,0.154,0.115,0.104,0.175,0.367,0.191
"Vancouver",2019-04-01,0.064,0.197,0.152,0.115,0.106,0.174,0.368,0.194
"Vancouver",2019-05-01,0.066,0.195,0.151,0.114,0.107,0.173,0.369,0.196
"Vancouver",2019-06-01,0.067,0.193,0.149,0.114,0.109,0.172,0.371,0.198
"Vancouver",2019-07-01,0.068,0.191,0.147,0.113,0.111,0.171,0.372,0.2
"Vancouver",2019-08-01,0.066,0.191,0.146,0.115,0.111,0.172,0.373,0.2
"Vancouver",2019-09-01,0.063,0.191,0.146,0.117,0.112,0.173,0.373,0.2
"Vancouver",2019-10-01,0.061,0.191,0.145,0.119,0.112,0.174,0.374,0.199
"Vancouver",2019-11-01,0.058,0.191,0.145,0.121,0.112,0.175,0.375,0.199
"Vancouver",2019-12-01,0.056,0.191,0.144,0.123,0.112,0.176,0.375,0.199
"Vancouver",2020-01-01,0.054,0.191,0.144,0.125,0.112,0.177,0.376,0.198
"Vancouver",2020-02-01,0.051,0.191,0.143,0.127,0.113,0.178,0.377,0.198
"Vancouver",2020-03-01,0.049,0.191,0.142,0.129,0.113,0.179,0.377,0.198
"Vancouver",2020-04-01,0.046,0.191,0.142,0.131,0.113,0.18,0.378,0.198
"Vancouver",2020-05-01,0.044,0.191,0.141,0.133,0.114,0.181,0.379,0.197
"Vancouver",2020-06-01,0.041,0.191,0.141,0.135,0.114,0.182,0.379,0.197
"Vancouver",2020-07-01,0.039,0.191,0.14,0.137,0.114,0.183,0.38,0.197
"Vancouver",2020-08-01,NA,NA,NA,NA,NA,NA,NA,NA
"Vancouver",2020-09-01,NA,NA,NA,NA,NA,NA,NA,NA
"Vancouver",2020-10-01,NA,NA,NA,NA,NA,NA,NA,NA
"Vancouver",2020-11-01,NA,NA,NA,NA,NA,NA,NA,NA
"Vancouver",2020-12-01,NA,NA,NA,NA,NA,NA,NA,NA
"Vancouver",2021-01-01,NA,NA,NA,NA,NA,NA,NA,NA
"Vancouver",2021-02-01,NA,NA,NA,NA,NA,NA,NA,NA
"Vancouver",2021-03-01,NA,NA,NA,NA,NA,NA,NA,NA
"Vancouver",2021-04-01,NA,NA,NA,NA,NA,NA,NA,NA
"Vancouver",2021-05-01,NA,NA,NA,NA,NA,NA,NA,NA
"Vancouver",2021-06-01,NA,NA,NA,NA,NA,NA,NA,NA
"Vancouver",2021-07-01,NA,NA,NA,NA,NA,NA,NA,NA
"Vancouver",2021-08-01,NA,NA,NA,NA,NA,NA,NA,NA
"Vancouver",2021-09-01,NA,NA,NA,NA,NA,NA,NA,NA
"Vancouver",2021-10-01,NA,NA,NA,NA,NA,NA,NA,NA
"Vancouver",2021-11-01,NA,NA,NA,NA,NA,NA,NA,NA
"Vancouver",2021-12-01,NA,NA,NA,NA,NA,NA,NA,NA
