"GEO","Date","cpl_nokid","cpl_child","cpl_kids"
"Alberta",2013-01-01,431812,186990,305083
"Alberta",2013-02-01,435821,187872,306442
"Alberta",2013-03-01,439531,188710,307729
"Alberta",2013-04-01,442952,189503,308946
"Alberta",2013-05-01,446094,190253,310095
"Alberta",2013-06-01,448966,190962,311179
"Alberta",2013-07-01,451580,191630,312200
"Alberta",2013-08-01,453944,192259,313161
"Alberta",2013-09-01,456070,192850,314066
"Alberta",2013-10-01,457966,193405,314915
"Alberta",2013-11-01,459643,193924,315713
"Alberta",2013-12-01,461110,194409,316462
"Alberta",2014-01-01,462378,194861,317163
"Alberta",2014-02-01,463457,195281,317821
"Alberta",2014-03-01,464357,195671,318437
"Alberta",2014-04-01,465087,196031,319015
"Alberta",2014-05-01,465657,196364,319556
"Alberta",2014-06-01,466078,196670,320063
"Alberta",2014-07-01,466360,196950,320540
"Alberta",2014-08-01,466512,197206,320989
"Alberta",2014-09-01,466547,197440,321414
"Alberta",2014-10-01,466476,197652,321820
"Alberta",2014-11-01,466310,197846,322212
"Alberta",2014-12-01,466063,198023,322594
"Alberta",2015-01-01,465746,198184,322972
"Alberta",2015-02-01,465370,198332,323350
"Alberta",2015-03-01,464947,198468,323732
"Alberta",2015-04-01,464490,198594,324123
"Alberta",2015-05-01,464010,198712,324529
"Alberta",2015-06-01,463520,198823,324953
"Alberta",2015-07-01,463030,198930,325400
"Alberta",2015-08-01,462552,199033,325874
"Alberta",2015-09-01,462088,199133,326370
"Alberta",2015-10-01,461643,199228,326883
"Alberta",2015-11-01,461217,199317,327407
"Alberta",2015-12-01,460813,199399,327936
"Alberta",2016-01-01,460434,199474,328466
"Alberta",2016-02-01,460082,199540,328989
"Alberta",2016-03-01,459760,199597,329501
"Alberta",2016-04-01,459469,199643,329996
"Alberta",2016-05-01,459212,199678,330467
"Alberta",2016-06-01,458992,199701,330911
"Alberta",2016-07-01,458810,199710,331320
"Alberta",2016-08-01,458669,199706,331692
"Alberta",2016-09-01,458565,199690,332030
"Alberta",2016-10-01,458495,199666,332344
"Alberta",2016-11-01,458456,199638,332639
"Alberta",2016-12-01,458444,199607,332923
"Alberta",2017-01-01,458456,199577,333204
"Alberta",2017-02-01,458488,199551,333488
"Alberta",2017-03-01,458537,199532,333782
"Alberta",2017-04-01,458599,199524,334094
"Alberta",2017-05-01,458671,199529,334432
"Alberta",2017-06-01,458749,199550,334801
"Alberta",2017-07-01,458830,199590,335210
"Alberta",2017-08-01,458911,199652,335663
"Alberta",2017-09-01,458994,199734,336158
"Alberta",2017-10-01,459082,199833,336688
"Alberta",2017-11-01,459178,199948,337249
"Alberta",2017-12-01,459283,200076,337836
"Alberta",2018-01-01,459402,200214,338441
"Alberta",2018-02-01,459537,200360,339062
"Alberta",2018-03-01,459689,200512,339691
"Alberta",2018-04-01,459863,200667,340324
"Alberta",2018-05-01,460061,200824,340955
"Alberta",2018-06-01,460286,200979,341579
"Alberta",2018-07-01,460540,201130,342190
"Alberta",2018-08-01,460826,201275,342784
"Alberta",2018-09-01,461146,201413,343357
"Alberta",2018-10-01,461500,201542,343907
"Alberta",2018-11-01,461892,201662,344430
"Alberta",2018-12-01,462321,201769,344924
"Alberta",2019-01-01,462790,201865,345386
"Alberta",2019-02-01,463300,201946,345812
"Alberta",2019-03-01,463853,202012,346201
"Alberta",2019-04-01,464450,202062,346549
"Alberta",2019-05-01,465092,202094,346853
"Alberta",2019-06-01,465782,202107,347111
"Alberta",2019-07-01,466520,202100,347320
"Alberta",2019-08-01,467308,202071,347476
"Alberta",2019-09-01,468148,202019,347578
"Alberta",2019-10-01,469041,201943,347621
"Alberta",2019-11-01,469988,201842,347604
"Alberta",2019-12-01,470991,201713,347523
"Alberta",2020-01-01,472052,201557,347376
"Alberta",2020-02-01,473172,201371,347159
"Alberta",2020-03-01,474352,201155,346870
"Alberta",2020-04-01,475595,200907,346506
"Alberta",2020-05-01,476900,200625,346064
"Alberta",2020-06-01,478271,200309,345542
"Alberta",2020-07-01,479709,199957,344936
"Alberta",2020-08-01,481214,199568,344243
"Alberta",2020-09-01,482789,199141,343461
"Alberta",2020-10-01,484434,198674,342586
"Alberta",2020-11-01,486153,198166,341617
"Alberta",2020-12-01,487945,197616,340550
"Alberta",2021-01-01,489812,197022,339382
"Alberta",2021-02-01,491757,196383,338110
"Alberta",2021-03-01,493780,195698,336732
"Alberta",2021-04-01,495883,194966,335244
"Alberta",2021-05-01,498067,194185,333644
"Alberta",2021-06-01,500334,193354,331930
"Alberta",2021-07-01,502686,192472,330097
"Alberta",2021-08-01,505123,191537,328143
"Alberta",2021-09-01,507648,190548,326066
"Alberta",2021-10-01,510262,189504,323862
"Alberta",2021-11-01,512966,188404,321529
"Alberta",2021-12-01,515762,187246,319064
"British Columbia",2013-01-01,564871,227559,303387
"British Columbia",2013-02-01,566408,227701,303916
"British Columbia",2013-03-01,567918,227855,304410
"British Columbia",2013-04-01,569401,228021,304873
"British Columbia",2013-05-01,570859,228197,305304
"British Columbia",2013-06-01,572292,228384,305706
"British Columbia",2013-07-01,573700,228580,306080
"British Columbia",2013-08-01,575085,228785,306428
"British Columbia",2013-09-01,576447,228998,306750
"British Columbia",2013-10-01,577787,229218,307049
"British Columbia",2013-11-01,579106,229446,307327
"British Columbia",2013-12-01,580404,229679,307583
"British Columbia",2014-01-01,581683,229917,307821
"British Columbia",2014-02-01,582943,230160,308041
"British Columbia",2014-03-01,584184,230407,308245
"British Columbia",2014-04-01,585407,230657,308434
"British Columbia",2014-05-01,586614,230910,308611
"British Columbia",2014-06-01,587805,231164,308775
"British Columbia",2014-07-01,588980,231420,308930
"British Columbia",2014-08-01,590141,231676,309076
"British Columbia",2014-09-01,591287,231933,309217
"British Columbia",2014-10-01,592421,232189,309357
"British Columbia",2014-11-01,593542,232445,309498
"British Columbia",2014-12-01,594652,232702,309645
"British Columbia",2015-01-01,595750,232957,309801
"British Columbia",2015-02-01,596838,233212,309969
"British Columbia",2015-03-01,597917,233466,310153
"British Columbia",2015-04-01,598987,233719,310357
"British Columbia",2015-05-01,600048,233971,310584
"British Columbia",2015-06-01,601102,234221,310837
"British Columbia",2015-07-01,602150,234470,311120
"British Columbia",2015-08-01,603192,234717,311435
"British Columbia",2015-09-01,604228,234959,311777
"British Columbia",2015-10-01,605260,235193,312139
"British Columbia",2015-11-01,606289,235418,312515
"British Columbia",2015-12-01,607315,235630,312898
"British Columbia",2016-01-01,608339,235827,313281
"British Columbia",2016-02-01,609362,236005,313657
"British Columbia",2016-03-01,610384,236163,314021
"British Columbia",2016-04-01,611408,236297,314364
"British Columbia",2016-05-01,612433,236405,314682
"British Columbia",2016-06-01,613460,236483,314966
"British Columbia",2016-07-01,614490,236530,315210
"British Columbia",2016-08-01,615524,236544,315410
"British Columbia",2016-09-01,616562,236530,315572
"British Columbia",2016-10-01,617603,236496,315702
"British Columbia",2016-11-01,618649,236448,315808
"British Columbia",2016-12-01,619698,236393,315898
"British Columbia",2017-01-01,620750,236339,315979
"British Columbia",2017-02-01,621806,236292,316060
"British Columbia",2017-03-01,622866,236259,316147
"British Columbia",2017-04-01,623930,236248,316247
"British Columbia",2017-05-01,624996,236264,316370
"British Columbia",2017-06-01,626066,236316,316522
"British Columbia",2017-07-01,627140,236410,316710
"British Columbia",2017-08-01,628217,236551,316941
"British Columbia",2017-09-01,629302,236736,317210
"British Columbia",2017-10-01,630396,236962,317515
"British Columbia",2017-11-01,631504,237221,317848
"British Columbia",2017-12-01,632630,237512,318205
"British Columbia",2018-01-01,633776,237827,318582
"British Columbia",2018-02-01,634946,238163,318972
"British Columbia",2018-03-01,636144,238516,319372
"British Columbia",2018-04-01,637372,238879,319776
"British Columbia",2018-05-01,638636,239249,320178
"British Columbia",2018-06-01,639937,239621,320575
"British Columbia",2018-07-01,641280,239990,320960
"British Columbia",2018-08-01,642668,240352,321330
"British Columbia",2018-09-01,644103,240703,321681
"British Columbia",2018-10-01,645589,241042,322010
"British Columbia",2018-11-01,647128,241367,322317
"British Columbia",2018-12-01,648723,241674,322596
"British Columbia",2019-01-01,650377,241961,322848
"British Columbia",2019-02-01,652093,242227,323067
"British Columbia",2019-03-01,653872,242468,323254
"British Columbia",2019-04-01,655719,242682,323403
"British Columbia",2019-05-01,657636,242867,323514
"British Columbia",2019-06-01,659625,243020,323584
"British Columbia",2019-07-01,661690,243140,323610
"British Columbia",2019-08-01,663833,243223,323589
"British Columbia",2019-09-01,666057,243268,323520
"British Columbia",2019-10-01,668364,243271,323399
"British Columbia",2019-11-01,670758,243231,323225
"British Columbia",2019-12-01,673241,243145,322994
"British Columbia",2020-01-01,675816,243010,322703
"British Columbia",2020-02-01,678486,242825,322352
"British Columbia",2020-03-01,681253,242587,321936
"British Columbia",2020-04-01,684121,242294,321454
"British Columbia",2020-05-01,687091,241942,320903
"British Columbia",2020-06-01,690168,241531,320281
"British Columbia",2020-07-01,693353,241056,319584
"British Columbia",2020-08-01,696649,240517,318811
"British Columbia",2020-09-01,700059,239910,317959
"British Columbia",2020-10-01,703587,239233,317025
"British Columbia",2020-11-01,707234,238485,316007
"British Columbia",2020-12-01,711003,237661,314902
"British Columbia",2021-01-01,714897,236761,313709
"British Columbia",2021-02-01,718920,235781,312423
"British Columbia",2021-03-01,723073,234720,311044
"British Columbia",2021-04-01,727360,233574,309567
"British Columbia",2021-05-01,731783,232342,307992
"British Columbia",2021-06-01,736344,231021,306314
"British Columbia",2021-07-01,741048,229608,304533
"British Columbia",2021-08-01,745896,228102,302645
"British Columbia",2021-09-01,750892,226500,300647
"British Columbia",2021-10-01,756037,224799,298538
"British Columbia",2021-11-01,761335,222998,296314
"British Columbia",2021-12-01,766789,221093,293973
"Calgary",2013-01-01,143373,67450,106493
"Calgary",2013-02-01,144569,67694,106936
"Calgary",2013-03-01,145682,67934,107363
"Calgary",2013-04-01,146717,68169,107775
"Calgary",2013-05-01,147675,68401,108171
"Calgary",2013-06-01,148558,68628,108553
"Calgary",2013-07-01,149370,68850,108920
"Calgary",2013-08-01,150113,69068,109274
"Calgary",2013-09-01,150790,69281,109615
"Calgary",2013-10-01,151402,69490,109943
"Calgary",2013-11-01,151954,69694,110259
"Calgary",2013-12-01,152447,69894,110564
"Calgary",2014-01-01,152885,70088,110858
"Calgary",2014-02-01,153268,70278,111141
"Calgary",2014-03-01,153602,70462,111415
"Calgary",2014-04-01,153887,70642,111679
"Calgary",2014-05-01,154127,70817,111934
"Calgary",2014-06-01,154323,70986,112181
"Calgary",2014-07-01,154480,71150,112420
"Calgary",2014-08-01,154599,71309,112652
"Calgary",2014-09-01,154683,71463,112878
"Calgary",2014-10-01,154734,71612,113099
"Calgary",2014-11-01,154756,71756,113315
"Calgary",2014-12-01,154751,71897,113530
"Calgary",2015-01-01,154722,72034,113742
"Calgary",2015-02-01,154670,72167,113955
"Calgary",2015-03-01,154600,72297,114168
"Calgary",2015-04-01,154513,72424,114383
"Calgary",2015-05-01,154412,72548,114601
"Calgary",2015-06-01,154300,72670,114823
"Calgary",2015-07-01,154180,72790,115050
"Calgary",2015-08-01,154054,72908,115283
"Calgary",2015-09-01,153924,73022,115521
"Calgary",2015-10-01,153793,73132,115762
"Calgary",2015-11-01,153664,73236,116003
"Calgary",2015-12-01,153539,73331,116242
"Calgary",2016-01-01,153420,73417,116479
"Calgary",2016-02-01,153310,73492,116710
"Calgary",2016-03-01,153212,73555,116934
"Calgary",2016-04-01,153127,73604,117149
"Calgary",2016-05-01,153059,73637,117353
"Calgary",2016-06-01,153009,73653,117544
"Calgary",2016-07-01,152980,73650,117720
"Calgary",2016-08-01,152974,73628,117880
"Calgary",2016-09-01,152989,73590,118026
"Calgary",2016-10-01,153024,73540,118161
"Calgary",2016-11-01,153074,73481,118288
"Calgary",2016-12-01,153139,73418,118410
"Calgary",2017-01-01,153216,73355,118530
"Calgary",2017-02-01,153302,73295,118651
"Calgary",2017-03-01,153395,73243,118776
"Calgary",2017-04-01,153492,73203,118907
"Calgary",2017-05-01,153592,73178,119048
"Calgary",2017-06-01,153692,73172,119201
"Calgary",2017-07-01,153790,73190,119370
"Calgary",2017-08-01,153883,73234,119557
"Calgary",2017-09-01,153974,73303,119760
"Calgary",2017-10-01,154064,73393,119978
"Calgary",2017-11-01,154154,73502,120210
"Calgary",2017-12-01,154248,73627,120453
"Calgary",2018-01-01,154346,73765,120706
"Calgary",2018-02-01,154451,73913,120967
"Calgary",2018-03-01,154564,74069,121234
"Calgary",2018-04-01,154687,74230,121506
"Calgary",2018-05-01,154823,74392,121780
"Calgary",2018-06-01,154974,74553,122055
"Calgary",2018-07-01,155140,74710,122330
"Calgary",2018-08-01,155324,74860,122602
"Calgary",2018-09-01,155528,75003,122871
"Calgary",2018-10-01,155751,75135,123136
"Calgary",2018-11-01,155996,75256,123396
"Calgary",2018-12-01,156262,75364,123650
"Calgary",2019-01-01,156552,75458,123898
"Calgary",2019-02-01,156867,75537,124138
"Calgary",2019-03-01,157207,75598,124370
"Calgary",2019-04-01,157573,75640,124593
"Calgary",2019-05-01,157966,75662,124806
"Calgary",2019-06-01,158388,75663,125009
"Calgary",2019-07-01,158840,75640,125200
"Calgary",2019-08-01,159322,75593,125379
"Calgary",2019-09-01,159836,75519,125545
"Calgary",2019-10-01,160383,75418,125697
"Calgary",2019-11-01,160963,75288,125835
"Calgary",2019-12-01,161578,75127,125957
"Calgary",2020-01-01,162229,74934,126062
"Calgary",2020-02-01,162917,74707,126151
"Calgary",2020-03-01,163643,74445,126222
"Calgary",2020-04-01,164407,74147,126274
"Calgary",2020-05-01,165212,73811,126306
"Calgary",2020-06-01,166058,73435,126319
"Calgary",2020-07-01,166946,73018,126310
"Calgary",2020-08-01,167877,72558,126279
"Calgary",2020-09-01,168852,72055,126225
"Calgary",2020-10-01,169873,71506,126148
"Calgary",2020-11-01,170939,70910,126046
"Calgary",2020-12-01,172054,70266,125920
"Calgary",2021-01-01,173216,69571,125767
"Calgary",2021-02-01,174428,68826,125587
"Calgary",2021-03-01,175691,68027,125380
"Calgary",2021-04-01,177005,67174,125144
"Calgary",2021-05-01,178372,66265,124879
"Calgary",2021-06-01,179792,65299,124585
"Calgary",2021-07-01,181267,64273,124259
"Calgary",2021-08-01,182798,63188,123901
"Calgary",2021-09-01,184385,62040,123511
"Calgary",2021-10-01,186031,60830,123088
"Calgary",2021-11-01,187735,59554,122631
"Calgary",2021-12-01,189499,58212,122139
"Edmonton",2013-01-01,136731,59932,93230
"Edmonton",2013-02-01,137819,60198,93555
"Edmonton",2013-03-01,138846,60455,93879
"Edmonton",2013-04-01,139814,60706,94201
"Edmonton",2013-05-01,140725,60948,94522
"Edmonton",2013-06-01,141580,61183,94842
"Edmonton",2013-07-01,142380,61410,95160
"Edmonton",2013-08-01,143128,61630,95476
"Edmonton",2013-09-01,143824,61843,95791
"Edmonton",2013-10-01,144471,62048,96103
"Edmonton",2013-11-01,145070,62247,96414
"Edmonton",2013-12-01,145622,62439,96722
"Edmonton",2014-01-01,146130,62624,97028
"Edmonton",2014-02-01,146594,62803,97332
"Edmonton",2014-03-01,147017,62975,97633
"Edmonton",2014-04-01,147399,63140,97932
"Edmonton",2014-05-01,147742,63300,98227
"Edmonton",2014-06-01,148049,63453,98520
"Edmonton",2014-07-01,148320,63600,98810
"Edmonton",2014-08-01,148557,63741,99097
"Edmonton",2014-09-01,148761,63877,99380
"Edmonton",2014-10-01,148933,64007,99660
"Edmonton",2014-11-01,149073,64131,99937
"Edmonton",2014-12-01,149184,64249,100210
"Edmonton",2015-01-01,149264,64363,100478
"Edmonton",2015-02-01,149317,64470,100743
"Edmonton",2015-03-01,149341,64573,101004
"Edmonton",2015-04-01,149339,64670,101260
"Edmonton",2015-05-01,149311,64761,101511
"Edmonton",2015-06-01,149257,64848,101758
"Edmonton",2015-07-01,149180,64930,102000
"Edmonton",2015-08-01,149080,65007,102237
"Edmonton",2015-09-01,148961,65079,102469
"Edmonton",2015-10-01,148827,65147,102696
"Edmonton",2015-11-01,148683,65211,102918
"Edmonton",2015-12-01,148533,65270,103136
"Edmonton",2016-01-01,148381,65327,103348
"Edmonton",2016-02-01,148231,65380,103557
"Edmonton",2016-03-01,148089,65431,103760
"Edmonton",2016-04-01,147957,65479,103959
"Edmonton",2016-05-01,147840,65524,104154
"Edmonton",2016-06-01,147743,65568,104344
"Edmonton",2016-07-01,147670,65610,104530
"Edmonton",2016-08-01,147624,65651,104712
"Edmonton",2016-09-01,147603,65690,104891
"Edmonton",2016-10-01,147603,65728,105068
"Edmonton",2016-11-01,147623,65766,105244
"Edmonton",2016-12-01,147658,65802,105421
"Edmonton",2017-01-01,147705,65838,105599
"Edmonton",2017-02-01,147763,65874,105781
"Edmonton",2017-03-01,147826,65909,105966
"Edmonton",2017-04-01,147892,65944,106156
"Edmonton",2017-05-01,147959,65979,106353
"Edmonton",2017-06-01,148023,66014,106557
"Edmonton",2017-07-01,148080,66050,106770
"Edmonton",2017-08-01,148129,66086,106992
"Edmonton",2017-09-01,148171,66123,107223
"Edmonton",2017-10-01,148207,66160,107461
"Edmonton",2017-11-01,148241,66198,107705
"Edmonton",2017-12-01,148274,66237,107954
"Edmonton",2018-01-01,148309,66278,108205
"Edmonton",2018-02-01,148346,66319,108459
"Edmonton",2018-03-01,148389,66362,108713
"Edmonton",2018-04-01,148440,66407,108967
"Edmonton",2018-05-01,148501,66453,109218
"Edmonton",2018-06-01,148573,66500,109467
"Edmonton",2018-07-01,148660,66550,109710
"Edmonton",2018-08-01,148762,66602,109948
"Edmonton",2018-09-01,148882,66655,110178
"Edmonton",2018-10-01,149020,66711,110401
"Edmonton",2018-11-01,149177,66770,110616
"Edmonton",2018-12-01,149355,66831,110821
"Edmonton",2019-01-01,149554,66895,111017
"Edmonton",2019-02-01,149776,66961,111201
"Edmonton",2019-03-01,150021,67030,111374
"Edmonton",2019-04-01,150291,67103,111534
"Edmonton",2019-05-01,150587,67179,111680
"Edmonton",2019-06-01,150910,67258,111813
"Edmonton",2019-07-01,151260,67340,111930
"Edmonton",2019-08-01,151639,67426,112032
"Edmonton",2019-09-01,152049,67516,112116
"Edmonton",2019-10-01,152490,67610,112184
"Edmonton",2019-11-01,152962,67707,112233
"Edmonton",2019-12-01,153468,67809,112263
"Edmonton",2020-01-01,154009,67915,112272
"Edmonton",2020-02-01,154584,68026,112262
"Edmonton",2020-03-01,155197,68141,112229
"Edmonton",2020-04-01,155846,68260,112174
"Edmonton",2020-05-01,156535,68385,112096
"Edmonton",2020-06-01,157263,68514,111994
"Edmonton",2020-07-01,158032,68649,111866
"Edmonton",2020-08-01,158842,68788,111714
"Edmonton",2020-09-01,159696,68933,111534
"Edmonton",2020-10-01,160593,69084,111327
"Edmonton",2020-11-01,161536,69240,111092
"Edmonton",2020-12-01,162524,69401,110828
"Edmonton",2021-01-01,163560,69569,110535
"Edmonton",2021-02-01,164644,69743,110210
"Edmonton",2021-03-01,165777,69922,109854
"Edmonton",2021-04-01,166961,70109,109466
"Edmonton",2021-05-01,168196,70301,109045
"Edmonton",2021-06-01,169484,70500,108589
"Edmonton",2021-07-01,170825,70706,108099
"Edmonton",2021-08-01,172221,70918,107574
"Edmonton",2021-09-01,173672,71137,107012
"Edmonton",2021-10-01,175181,71364,106412
"Edmonton",2021-11-01,176747,71597,105775
"Edmonton",2021-12-01,178373,71838,105099
"Sudbury",2013-01-01,18976,8463,10373
"Sudbury",2013-02-01,19099,8425,10425
"Sudbury",2013-03-01,19210,8389,10470
"Sudbury",2013-04-01,19309,8355,10509
"Sudbury",2013-05-01,19397,8322,10541
"Sudbury",2013-06-01,19473,8290,10568
"Sudbury",2013-07-01,19540,8260,10590
"Sudbury",2013-08-01,19597,8231,10607
"Sudbury",2013-09-01,19645,8204,10618
"Sudbury",2013-10-01,19684,8178,10625
"Sudbury",2013-11-01,19715,8154,10629
"Sudbury",2013-12-01,19740,8131,10628
"Sudbury",2014-01-01,19757,8110,10623
"Sudbury",2014-02-01,19768,8090,10616
"Sudbury",2014-03-01,19773,8071,10605
"Sudbury",2014-04-01,19774,8054,10592
"Sudbury",2014-05-01,19769,8038,10577
"Sudbury",2014-06-01,19761,8023,10559
"Sudbury",2014-07-01,19750,8010,10540
"Sudbury",2014-08-01,19736,7998,10519
"Sudbury",2014-09-01,19720,7988,10498
"Sudbury",2014-10-01,19704,7979,10476
"Sudbury",2014-11-01,19689,7972,10455
"Sudbury",2014-12-01,19676,7966,10435
"Sudbury",2015-01-01,19666,7963,10416
"Sudbury",2015-02-01,19660,7962,10400
"Sudbury",2015-03-01,19660,7962,10386
"Sudbury",2015-04-01,19667,7966,10375
"Sudbury",2015-05-01,19682,7971,10369
"Sudbury",2015-06-01,19706,7979,10367
"Sudbury",2015-07-01,19740,7990,10370
"Sudbury",2015-08-01,19785,8003,10379
"Sudbury",2015-09-01,19840,8019,10392
"Sudbury",2015-10-01,19903,8037,10410
"Sudbury",2015-11-01,19972,8055,10430
"Sudbury",2015-12-01,20044,8074,10453
"Sudbury",2016-01-01,20119,8094,10478
"Sudbury",2016-02-01,20193,8112,10503
"Sudbury",2016-03-01,20266,8130,10528
"Sudbury",2016-04-01,20335,8146,10552
"Sudbury",2016-05-01,20398,8160,10575
"Sudbury",2016-06-01,20454,8172,10594
"Sudbury",2016-07-01,20500,8180,10610
"Sudbury",2016-08-01,20535,8185,10622
"Sudbury",2016-09-01,20560,8186,10630
"Sudbury",2016-10-01,20575,8184,10634
"Sudbury",2016-11-01,20583,8180,10635
"Sudbury",2016-12-01,20583,8173,10633
"Sudbury",2017-01-01,20577,8164,10628
"Sudbury",2017-02-01,20567,8154,10622
"Sudbury",2017-03-01,20553,8142,10613
"Sudbury",2017-04-01,20536,8130,10604
"Sudbury",2017-05-01,20517,8116,10593
"Sudbury",2017-06-01,20498,8103,10582
"Sudbury",2017-07-01,20480,8090,10570
"Sudbury",2017-08-01,20463,8077,10558
"Sudbury",2017-09-01,20448,8065,10547
"Sudbury",2017-10-01,20435,8053,10536
"Sudbury",2017-11-01,20424,8042,10524
"Sudbury",2017-12-01,20415,8030,10513
"Sudbury",2018-01-01,20407,8019,10502
"Sudbury",2018-02-01,20401,8008,10490
"Sudbury",2018-03-01,20397,7996,10478
"Sudbury",2018-04-01,20395,7985,10467
"Sudbury",2018-05-01,20395,7974,10455
"Sudbury",2018-06-01,20396,7962,10442
"Sudbury",2018-07-01,20400,7950,10430
"Sudbury",2018-08-01,20406,7938,10417
"Sudbury",2018-09-01,20413,7925,10404
"Sudbury",2018-10-01,20423,7912,10391
"Sudbury",2018-11-01,20436,7898,10378
"Sudbury",2018-12-01,20452,7885,10364
"Sudbury",2019-01-01,20470,7871,10350
"Sudbury",2019-02-01,20492,7856,10337
"Sudbury",2019-03-01,20518,7842,10323
"Sudbury",2019-04-01,20547,7827,10310
"Sudbury",2019-05-01,20580,7811,10296
"Sudbury",2019-06-01,20618,7796,10283
"Sudbury",2019-07-01,20660,7780,10270
"Sudbury",2019-08-01,20707,7764,10257
"Sudbury",2019-09-01,20758,7748,10245
"Sudbury",2019-10-01,20815,7731,10233
"Sudbury",2019-11-01,20877,7715,10221
"Sudbury",2019-12-01,20945,7698,10209
"Sudbury",2020-01-01,21019,7681,10199
"Sudbury",2020-02-01,21099,7664,10188
"Sudbury",2020-03-01,21185,7646,10179
"Sudbury",2020-04-01,21278,7629,10169
"Sudbury",2020-05-01,21377,7611,10161
"Sudbury",2020-06-01,21484,7593,10153
"Sudbury",2020-07-01,21597,7575,10146
"Sudbury",2020-08-01,21719,7557,10140
"Sudbury",2020-09-01,21848,7539,10135
"Sudbury",2020-10-01,21984,7521,10130
"Sudbury",2020-11-01,22129,7503,10127
"Sudbury",2020-12-01,22283,7485,10124
"Sudbury",2021-01-01,22445,7466,10123
"Sudbury",2021-02-01,22616,7448,10123
"Sudbury",2021-03-01,22796,7429,10123
"Sudbury",2021-04-01,22986,7411,10125
"Sudbury",2021-05-01,23185,7393,10129
"Sudbury",2021-06-01,23393,7374,10133
"Sudbury",2021-07-01,23612,7356,10139
"Sudbury",2021-08-01,23841,7338,10146
"Sudbury",2021-09-01,24081,7319,10155
"Sudbury",2021-10-01,24331,7301,10165
"Sudbury",2021-11-01,24592,7283,10176
"Sudbury",2021-12-01,24865,7265,10189
"Guelph",2013-01-01,16164,7707,11597
"Guelph",2013-02-01,16170,7697,11654
"Guelph",2013-03-01,16178,7688,11706
"Guelph",2013-04-01,16188,7679,11754
"Guelph",2013-05-01,16200,7672,11797
"Guelph",2013-06-01,16214,7666,11835
"Guelph",2013-07-01,16230,7660,11870
"Guelph",2013-08-01,16248,7655,11901
"Guelph",2013-09-01,16267,7651,11928
"Guelph",2013-10-01,16288,7648,11952
"Guelph",2013-11-01,16311,7646,11972
"Guelph",2013-12-01,16335,7644,11990
"Guelph",2014-01-01,16361,7643,12005
"Guelph",2014-02-01,16388,7643,12017
"Guelph",2014-03-01,16416,7643,12027
"Guelph",2014-04-01,16446,7644,12036
"Guelph",2014-05-01,16476,7645,12042
"Guelph",2014-06-01,16508,7647,12047
"Guelph",2014-07-01,16540,7650,12050
"Guelph",2014-08-01,16573,7653,12052
"Guelph",2014-09-01,16607,7657,12054
"Guelph",2014-10-01,16642,7661,12055
"Guelph",2014-11-01,16678,7666,12057
"Guelph",2014-12-01,16714,7671,12059
"Guelph",2015-01-01,16752,7677,12062
"Guelph",2015-02-01,16789,7684,12067
"Guelph",2015-03-01,16828,7692,12074
"Guelph",2015-04-01,16868,7700,12083
"Guelph",2015-05-01,16908,7709,12095
"Guelph",2015-06-01,16949,7719,12111
"Guelph",2015-07-01,16990,7730,12130
"Guelph",2015-08-01,17032,7742,12153
"Guelph",2015-09-01,17074,7754,12180
"Guelph",2015-10-01,17117,7767,12210
"Guelph",2015-11-01,17159,7780,12242
"Guelph",2015-12-01,17200,7792,12275
"Guelph",2016-01-01,17240,7805,12310
"Guelph",2016-02-01,17279,7816,12345
"Guelph",2016-03-01,17316,7826,12379
"Guelph",2016-04-01,17351,7835,12412
"Guelph",2016-05-01,17384,7842,12444
"Guelph",2016-06-01,17413,7847,12474
"Guelph",2016-07-01,17440,7850,12500
"Guelph",2016-08-01,17463,7850,12523
"Guelph",2016-09-01,17483,7849,12543
"Guelph",2016-10-01,17501,7845,12560
"Guelph",2016-11-01,17516,7840,12575
"Guelph",2016-12-01,17529,7834,12588
"Guelph",2017-01-01,17541,7827,12600
"Guelph",2017-02-01,17551,7820,12611
"Guelph",2017-03-01,17561,7813,12621
"Guelph",2017-04-01,17570,7806,12632
"Guelph",2017-05-01,17580,7799,12643
"Guelph",2017-06-01,17589,7794,12656
"Guelph",2017-07-01,17600,7790,12670
"Guelph",2017-08-01,17612,7788,12686
"Guelph",2017-09-01,17624,7787,12704
"Guelph",2017-10-01,17639,7788,12723
"Guelph",2017-11-01,17654,7790,12743
"Guelph",2017-12-01,17671,7793,12765
"Guelph",2018-01-01,17689,7798,12787
"Guelph",2018-02-01,17708,7803,12810
"Guelph",2018-03-01,17730,7810,12832
"Guelph",2018-04-01,17752,7817,12855
"Guelph",2018-05-01,17777,7824,12877
"Guelph",2018-06-01,17802,7832,12899
"Guelph",2018-07-01,17830,7840,12920
"Guelph",2018-08-01,17859,7848,12940
"Guelph",2018-09-01,17891,7857,12958
"Guelph",2018-10-01,17924,7865,12976
"Guelph",2018-11-01,17959,7874,12991
"Guelph",2018-12-01,17996,7882,13005
"Guelph",2019-01-01,18036,7891,13018
"Guelph",2019-02-01,18078,7900,13028
"Guelph",2019-03-01,18123,7908,13037
"Guelph",2019-04-01,18171,7916,13044
"Guelph",2019-05-01,18221,7924,13048
"Guelph",2019-06-01,18274,7932,13050
"Guelph",2019-07-01,18330,7940,13050
"Guelph",2019-08-01,18389,7947,13047
"Guelph",2019-09-01,18452,7955,13042
"Guelph",2019-10-01,18518,7961,13034
"Guelph",2019-11-01,18587,7968,13023
"Guelph",2019-12-01,18660,7974,13009
"Guelph",2020-01-01,18736,7979,12992
"Guelph",2020-02-01,18817,7985,12971
"Guelph",2020-03-01,18901,7989,12948
"Guelph",2020-04-01,18990,7993,12921
"Guelph",2020-05-01,19082,7997,12890
"Guelph",2020-06-01,19179,8000,12856
"Guelph",2020-07-01,19280,8002,12818
"Guelph",2020-08-01,19386,8003,12776
"Guelph",2020-09-01,19497,8004,12730
"Guelph",2020-10-01,19612,8004,12680
"Guelph",2020-11-01,19732,8004,12625
"Guelph",2020-12-01,19857,8002,12566
"Guelph",2021-01-01,19987,8000,12503
"Guelph",2021-02-01,20123,7996,12435
"Guelph",2021-03-01,20263,7992,12363
"Guelph",2021-04-01,20409,7987,12285
"Guelph",2021-05-01,20561,7981,12203
"Guelph",2021-06-01,20718,7974,12116
"Guelph",2021-07-01,20881,7965,12023
"Guelph",2021-08-01,21051,7956,11925
"Guelph",2021-09-01,21226,7945,11822
"Guelph",2021-10-01,21407,7934,11713
"Guelph",2021-11-01,21594,7921,11599
"Guelph",2021-12-01,21788,7907,11478
"Hamilton",2013-01-01,76626,36226,54732
"Hamilton",2013-02-01,76810,36333,55024
"Hamilton",2013-03-01,76986,36429,55284
"Hamilton",2013-04-01,77153,36514,55514
"Hamilton",2013-05-01,77313,36589,55716
"Hamilton",2013-06-01,77465,36654,55891
"Hamilton",2013-07-01,77610,36710,56040
"Hamilton",2013-08-01,77748,36757,56165
"Hamilton",2013-09-01,77879,36796,56266
"Hamilton",2013-10-01,78004,36827,56346
"Hamilton",2013-11-01,78123,36850,56406
"Hamilton",2013-12-01,78236,36867,56448
"Hamilton",2014-01-01,78344,36877,56471
"Hamilton",2014-02-01,78446,36882,56479
"Hamilton",2014-03-01,78544,36880,56473
"Hamilton",2014-04-01,78636,36874,56453
"Hamilton",2014-05-01,78725,36863,56422
"Hamilton",2014-06-01,78809,36848,56380
"Hamilton",2014-07-01,78890,36830,56330
"Hamilton",2014-08-01,78967,36809,56272
"Hamilton",2014-09-01,79041,36785,56210
"Hamilton",2014-10-01,79112,36760,56146
"Hamilton",2014-11-01,79180,36734,56082
"Hamilton",2014-12-01,79246,36709,56022
"Hamilton",2015-01-01,79310,36684,55969
"Hamilton",2015-02-01,79372,36662,55925
"Hamilton",2015-03-01,79432,36642,55893
"Hamilton",2015-04-01,79490,36627,55875
"Hamilton",2015-05-01,79548,36615,55876
"Hamilton",2015-06-01,79604,36610,55896
"Hamilton",2015-07-01,79660,36610,55940
"Hamilton",2015-08-01,79716,36617,56009
"Hamilton",2015-09-01,79771,36630,56099
"Hamilton",2015-10-01,79827,36649,56207
"Hamilton",2015-11-01,79884,36671,56329
"Hamilton",2015-12-01,79942,36696,56460
"Hamilton",2016-01-01,80002,36723,56597
"Hamilton",2016-02-01,80064,36751,56735
"Hamilton",2016-03-01,80128,36780,56870
"Hamilton",2016-04-01,80196,36806,56998
"Hamilton",2016-05-01,80266,36831,57115
"Hamilton",2016-06-01,80341,36853,57217
"Hamilton",2016-07-01,80420,36870,57300
"Hamilton",2016-08-01,80503,36882,57361
"Hamilton",2016-09-01,80590,36890,57401
"Hamilton",2016-10-01,80681,36893,57425
"Hamilton",2016-11-01,80773,36893,57435
"Hamilton",2016-12-01,80866,36889,57434
"Hamilton",2017-01-01,80961,36882,57426
"Hamilton",2017-02-01,81054,36873,57414
"Hamilton",2017-03-01,81147,36862,57400
"Hamilton",2017-04-01,81238,36850,57389
"Hamilton",2017-05-01,81326,36837,57383
"Hamilton",2017-06-01,81410,36824,57386
"Hamilton",2017-07-01,81490,36810,57400
"Hamilton",2017-08-01,81565,36797,57428
"Hamilton",2017-09-01,81636,36785,57470
"Hamilton",2017-10-01,81704,36773,57523
"Hamilton",2017-11-01,81769,36763,57586
"Hamilton",2017-12-01,81834,36755,57657
"Hamilton",2018-01-01,81900,36747,57735
"Hamilton",2018-02-01,81966,36742,57817
"Hamilton",2018-03-01,82036,36739,57902
"Hamilton",2018-04-01,82109,36738,57989
"Hamilton",2018-05-01,82186,36739,58075
"Hamilton",2018-06-01,82270,36743,58159
"Hamilton",2018-07-01,82360,36750,58240
"Hamilton",2018-08-01,82458,36760,58315
"Hamilton",2018-09-01,82566,36773,58384
"Hamilton",2018-10-01,82682,36790,58447
"Hamilton",2018-11-01,82809,36811,58501
"Hamilton",2018-12-01,82947,36836,58548
"Hamilton",2019-01-01,83097,36866,58585
"Hamilton",2019-02-01,83259,36900,58613
"Hamilton",2019-03-01,83434,36939,58630
"Hamilton",2019-04-01,83623,36983,58636
"Hamilton",2019-05-01,83826,37033,58630
"Hamilton",2019-06-01,84045,37088,58612
"Hamilton",2019-07-01,84280,37150,58580
"Hamilton",2019-08-01,84532,37218,58534
"Hamilton",2019-09-01,84801,37292,58474
"Hamilton",2019-10-01,85088,37373,58398
"Hamilton",2019-11-01,85394,37462,58305
"Hamilton",2019-12-01,85720,37557,58196
"Hamilton",2020-01-01,86066,37660,58070
"Hamilton",2020-02-01,86433,37772,57925
"Hamilton",2020-03-01,86823,37891,57760
"Hamilton",2020-04-01,87234,38018,57577
"Hamilton",2020-05-01,87669,38155,57372
"Hamilton",2020-06-01,88128,38300,57146
"Hamilton",2020-07-01,88612,38454,56899
"Hamilton",2020-08-01,89121,38618,56629
"Hamilton",2020-09-01,89656,38792,56335
"Hamilton",2020-10-01,90218,38976,56018
"Hamilton",2020-11-01,90807,39170,55675
"Hamilton",2020-12-01,91425,39374,55307
"Hamilton",2021-01-01,92072,39590,54913
"Hamilton",2021-02-01,92749,39816,54492
"Hamilton",2021-03-01,93456,40054,54043
"Hamilton",2021-04-01,94195,40303,53566
"Hamilton",2021-05-01,94965,40564,53060
"Hamilton",2021-06-01,95768,40838,52524
"Hamilton",2021-07-01,96605,41123,51957
"Hamilton",2021-08-01,97475,41422,51359
"Hamilton",2021-09-01,98380,41733,50729
"Hamilton",2021-10-01,99321,42058,50066
"Hamilton",2021-11-01,100299,42396,49371
"Hamilton",2021-12-01,101313,42748,48640
"Kelowna",2013-01-01,26326,8406,11189
"Kelowna",2013-02-01,26501,8345,11240
"Kelowna",2013-03-01,26670,8292,11288
"Kelowna",2013-04-01,26832,8247,11332
"Kelowna",2013-05-01,26987,8208,11374
"Kelowna",2013-06-01,27137,8176,11413
"Kelowna",2013-07-01,27280,8150,11450
"Kelowna",2013-08-01,27418,8130,11484
"Kelowna",2013-09-01,27550,8116,11516
"Kelowna",2013-10-01,27676,8108,11545
"Kelowna",2013-11-01,27798,8104,11572
"Kelowna",2013-12-01,27914,8105,11598
"Kelowna",2014-01-01,28026,8111,11621
"Kelowna",2014-02-01,28133,8120,11643
"Kelowna",2014-03-01,28236,8134,11663
"Kelowna",2014-04-01,28335,8151,11682
"Kelowna",2014-05-01,28430,8171,11699
"Kelowna",2014-06-01,28522,8194,11715
"Kelowna",2014-07-01,28610,8220,11730
"Kelowna",2014-08-01,28695,8248,11744
"Kelowna",2014-09-01,28777,8278,11757
"Kelowna",2014-10-01,28856,8309,11770
"Kelowna",2014-11-01,28933,8341,11783
"Kelowna",2014-12-01,29009,8373,11795
"Kelowna",2015-01-01,29082,8405,11808
"Kelowna",2015-02-01,29155,8437,11821
"Kelowna",2015-03-01,29226,8467,11834
"Kelowna",2015-04-01,29297,8496,11849
"Kelowna",2015-05-01,29368,8523,11865
"Kelowna",2015-06-01,29439,8548,11882
"Kelowna",2015-07-01,29510,8570,11900
"Kelowna",2015-08-01,29582,8589,11920
"Kelowna",2015-09-01,29654,8604,11942
"Kelowna",2015-10-01,29727,8617,11965
"Kelowna",2015-11-01,29799,8627,11989
"Kelowna",2015-12-01,29871,8636,12013
"Kelowna",2016-01-01,29943,8642,12038
"Kelowna",2016-02-01,30014,8647,12063
"Kelowna",2016-03-01,30084,8651,12088
"Kelowna",2016-04-01,30153,8654,12112
"Kelowna",2016-05-01,30220,8656,12136
"Kelowna",2016-06-01,30286,8658,12159
"Kelowna",2016-07-01,30350,8660,12180
"Kelowna",2016-08-01,30412,8662,12200
"Kelowna",2016-09-01,30471,8665,12218
"Kelowna",2016-10-01,30528,8668,12236
"Kelowna",2016-11-01,30582,8672,12252
"Kelowna",2016-12-01,30633,8677,12267
"Kelowna",2017-01-01,30681,8682,12281
"Kelowna",2017-02-01,30725,8687,12295
"Kelowna",2017-03-01,30766,8694,12308
"Kelowna",2017-04-01,30803,8702,12321
"Kelowna",2017-05-01,30836,8710,12334
"Kelowna",2017-06-01,30865,8719,12347
"Kelowna",2017-07-01,30890,8730,12360
"Kelowna",2017-08-01,30910,8742,12373
"Kelowna",2017-09-01,30927,8754,12387
"Kelowna",2017-10-01,30941,8768,12401
"Kelowna",2017-11-01,30952,8783,12414
"Kelowna",2017-12-01,30963,8799,12429
"Kelowna",2018-01-01,30973,8815,12443
"Kelowna",2018-02-01,30985,8833,12457
"Kelowna",2018-03-01,30997,8851,12472
"Kelowna",2018-04-01,31012,8870,12486
"Kelowna",2018-05-01,31030,8889,12501
"Kelowna",2018-06-01,31053,8909,12515
"Kelowna",2018-07-01,31080,8930,12530
"Kelowna",2018-08-01,31113,8951,12544
"Kelowna",2018-09-01,31153,8973,12559
"Kelowna",2018-10-01,31199,8995,12573
"Kelowna",2018-11-01,31254,9018,12587
"Kelowna",2018-12-01,31317,9041,12602
"Kelowna",2019-01-01,31389,9064,12616
"Kelowna",2019-02-01,31471,9088,12630
"Kelowna",2019-03-01,31563,9112,12644
"Kelowna",2019-04-01,31667,9136,12658
"Kelowna",2019-05-01,31782,9160,12672
"Kelowna",2019-06-01,31909,9185,12686
"Kelowna",2019-07-01,32050,9210,12700
"Kelowna",2019-08-01,32204,9235,12714
"Kelowna",2019-09-01,32373,9260,12728
"Kelowna",2019-10-01,32556,9286,12742
"Kelowna",2019-11-01,32756,9311,12756
"Kelowna",2019-12-01,32971,9336,12770
"Kelowna",2020-01-01,33204,9362,12784
"Kelowna",2020-02-01,33454,9387,12798
"Kelowna",2020-03-01,33722,9413,12812
"Kelowna",2020-04-01,34009,9438,12826
"Kelowna",2020-05-01,34316,9463,12841
"Kelowna",2020-06-01,34643,9488,12855
"Kelowna",2020-07-01,34991,9513,12869
"Kelowna",2020-08-01,35361,9538,12884
"Kelowna",2020-09-01,35753,9562,12898
"Kelowna",2020-10-01,36167,9587,12913
"Kelowna",2020-11-01,36605,9611,12927
"Kelowna",2020-12-01,37068,9634,12942
"Kelowna",2021-01-01,37555,9658,12957
"Kelowna",2021-02-01,38067,9681,12972
"Kelowna",2021-03-01,38606,9703,12987
"Kelowna",2021-04-01,39171,9726,13002
"Kelowna",2021-05-01,39764,9747,13017
"Kelowna",2021-06-01,40385,9769,13032
"Kelowna",2021-07-01,41034,9789,13048
"Kelowna",2021-08-01,41714,9810,13063
"Kelowna",2021-09-01,42423,9829,13079
"Kelowna",2021-10-01,43162,9848,13095
"Kelowna",2021-11-01,43933,9867,13111
"Kelowna",2021-12-01,44736,9885,13127
"Kitchener",2013-01-01,50914,24951,37910
"Kitchener",2013-02-01,51206,25038,38189
"Kitchener",2013-03-01,51472,25116,38437
"Kitchener",2013-04-01,51714,25184,38656
"Kitchener",2013-05-01,51933,25244,38846
"Kitchener",2013-06-01,52132,25296,39010
"Kitchener",2013-07-01,52310,25340,39150
"Kitchener",2013-08-01,52470,25377,39266
"Kitchener",2013-09-01,52612,25407,39361
"Kitchener",2013-10-01,52738,25432,39436
"Kitchener",2013-11-01,52850,25451,39492
"Kitchener",2013-12-01,52948,25464,39531
"Kitchener",2014-01-01,53034,25473,39554
"Kitchener",2014-02-01,53109,25478,39564
"Kitchener",2014-03-01,53175,25480,39562
"Kitchener",2014-04-01,53233,25478,39548
"Kitchener",2014-05-01,53284,25474,39526
"Kitchener",2014-06-01,53329,25468,39496
"Kitchener",2014-07-01,53370,25460,39460
"Kitchener",2014-08-01,53408,25451,39420
"Kitchener",2014-09-01,53447,25443,39379
"Kitchener",2014-10-01,53489,25435,39340
"Kitchener",2014-11-01,53537,25430,39307
"Kitchener",2014-12-01,53594,25428,39284
"Kitchener",2015-01-01,53664,25431,39274
"Kitchener",2015-02-01,53749,25440,39280
"Kitchener",2015-03-01,53852,25456,39306
"Kitchener",2015-04-01,53977,25479,39356
"Kitchener",2015-05-01,54126,25512,39432
"Kitchener",2015-06-01,54303,25555,39539
"Kitchener",2015-07-01,54510,25610,39680
"Kitchener",2015-08-01,54749,25677,39856
"Kitchener",2015-09-01,55017,25754,40064
"Kitchener",2015-10-01,55306,25839,40297
"Kitchener",2015-11-01,55613,25932,40549
"Kitchener",2015-12-01,55931,26028,40813
"Kitchener",2016-01-01,56254,26127,41085
"Kitchener",2016-02-01,56578,26227,41356
"Kitchener",2016-03-01,56896,26325,41623
"Kitchener",2016-04-01,57202,26419,41877
"Kitchener",2016-05-01,57492,26508,42114
"Kitchener",2016-06-01,57760,26589,42327
"Kitchener",2016-07-01,58000,26660,42510
"Kitchener",2016-08-01,58208,26720,42658
"Kitchener",2016-09-01,58386,26770,42775
"Kitchener",2016-10-01,58538,26810,42863
"Kitchener",2016-11-01,58668,26843,42928
"Kitchener",2016-12-01,58779,26869,42973
"Kitchener",2017-01-01,58876,26889,43003
"Kitchener",2017-02-01,58961,26906,43021
"Kitchener",2017-03-01,59039,26919,43033
"Kitchener",2017-04-01,59113,26931,43041
"Kitchener",2017-05-01,59187,26943,43051
"Kitchener",2017-06-01,59265,26955,43066
"Kitchener",2017-07-01,59350,26970,43090
"Kitchener",2017-08-01,59446,26988,43127
"Kitchener",2017-09-01,59552,27009,43176
"Kitchener",2017-10-01,59668,27032,43236
"Kitchener",2017-11-01,59792,27058,43306
"Kitchener",2017-12-01,59925,27086,43383
"Kitchener",2018-01-01,60065,27114,43466
"Kitchener",2018-02-01,60211,27144,43553
"Kitchener",2018-03-01,60363,27174,43644
"Kitchener",2018-04-01,60519,27204,43737
"Kitchener",2018-05-01,60680,27234,43830
"Kitchener",2018-06-01,60844,27263,43921
"Kitchener",2018-07-01,61010,27290,44010
"Kitchener",2018-08-01,61178,27316,44095
"Kitchener",2018-09-01,61348,27340,44175
"Kitchener",2018-10-01,61519,27362,44250
"Kitchener",2018-11-01,61692,27382,44319
"Kitchener",2018-12-01,61868,27400,44383
"Kitchener",2019-01-01,62045,27416,44441
"Kitchener",2019-02-01,62225,27430,44493
"Kitchener",2019-03-01,62407,27441,44537
"Kitchener",2019-04-01,62591,27449,44575
"Kitchener",2019-05-01,62778,27456,44604
"Kitchener",2019-06-01,62968,27459,44626
"Kitchener",2019-07-01,63160,27460,44640
"Kitchener",2019-08-01,63355,27458,44645
"Kitchener",2019-09-01,63553,27453,44641
"Kitchener",2019-10-01,63754,27445,44628
"Kitchener",2019-11-01,63959,27434,44604
"Kitchener",2019-12-01,64166,27420,44571
"Kitchener",2020-01-01,64377,27402,44527
"Kitchener",2020-02-01,64592,27381,44473
"Kitchener",2020-03-01,64810,27357,44407
"Kitchener",2020-04-01,65031,27329,44330
"Kitchener",2020-05-01,65257,27297,44240
"Kitchener",2020-06-01,65486,27262,44139
"Kitchener",2020-07-01,65719,27222,44025
"Kitchener",2020-08-01,65957,27179,43897
"Kitchener",2020-09-01,66198,27132,43757
"Kitchener",2020-10-01,66444,27080,43602
"Kitchener",2020-11-01,66695,27025,43434
"Kitchener",2020-12-01,66949,26965,43251
"Kitchener",2021-01-01,67209,26900,43053
"Kitchener",2021-02-01,67473,26832,42840
"Kitchener",2021-03-01,67742,26758,42611
"Kitchener",2021-04-01,68016,26680,42367
"Kitchener",2021-05-01,68295,26597,42106
"Kitchener",2021-06-01,68579,26509,41829
"Kitchener",2021-07-01,68868,26417,41534
"Kitchener",2021-08-01,69163,26319,41222
"Kitchener",2021-09-01,69463,26216,40892
"Kitchener",2021-10-01,69768,26108,40544
"Kitchener",2021-11-01,70080,25994,40178
"Kitchener",2021-12-01,70397,25876,39793
"London",2013-01-01,53309,22645,35000
"London",2013-02-01,53344,22724,34989
"London",2013-03-01,53380,22795,34978
"London",2013-04-01,53417,22859,34968
"London",2013-05-01,53456,22916,34958
"London",2013-06-01,53497,22966,34949
"London",2013-07-01,53540,23010,34940
"London",2013-08-01,53584,23048,34932
"London",2013-09-01,53631,23080,34925
"London",2013-10-01,53679,23106,34918
"London",2013-11-01,53729,23127,34913
"London",2013-12-01,53781,23144,34908
"London",2014-01-01,53834,23156,34905
"London",2014-02-01,53890,23163,34903
"London",2014-03-01,53948,23167,34901
"London",2014-04-01,54008,23168,34901
"London",2014-05-01,54070,23165,34903
"London",2014-06-01,54134,23159,34906
"London",2014-07-01,54200,23150,34910
"London",2014-08-01,54268,23139,34916
"London",2014-09-01,54339,23126,34923
"London",2014-10-01,54411,23112,34933
"London",2014-11-01,54486,23096,34944
"London",2014-12-01,54563,23080,34958
"London",2015-01-01,54641,23063,34974
"London",2015-02-01,54722,23047,34993
"London",2015-03-01,54804,23031,35014
"London",2015-04-01,54888,23016,35038
"London",2015-05-01,54974,23002,35066
"London",2015-06-01,55061,22990,35096
"London",2015-07-01,55150,22980,35130
"London",2015-08-01,55241,22972,35167
"London",2015-09-01,55333,22967,35208
"London",2015-10-01,55428,22965,35252
"London",2015-11-01,55526,22964,35298
"London",2015-12-01,55627,22966,35346
"London",2016-01-01,55731,22970,35396
"London",2016-02-01,55839,22977,35448
"London",2016-03-01,55951,22985,35501
"London",2016-04-01,56068,22996,35556
"London",2016-05-01,56190,23009,35610
"London",2016-06-01,56317,23023,35665
"London",2016-07-01,56450,23040,35720
"London",2016-08-01,56589,23059,35775
"London",2016-09-01,56732,23079,35829
"London",2016-10-01,56880,23100,35883
"London",2016-11-01,57030,23122,35937
"London",2016-12-01,57181,23145,35990
"London",2017-01-01,57333,23168,36044
"London",2017-02-01,57483,23191,36098
"London",2017-03-01,57632,23213,36152
"London",2017-04-01,57777,23234,36206
"London",2017-05-01,57917,23254,36260
"London",2017-06-01,58052,23273,36315
"London",2017-07-01,58180,23290,36370
"London",2017-08-01,58300,23305,36426
"London",2017-09-01,58413,23317,36482
"London",2017-10-01,58519,23329,36538
"London",2017-11-01,58619,23338,36593
"London",2017-12-01,58714,23347,36649
"London",2018-01-01,58805,23355,36704
"London",2018-02-01,58892,23362,36758
"London",2018-03-01,58977,23369,36811
"London",2018-04-01,59059,23376,36863
"London",2018-05-01,59140,23383,36914
"London",2018-06-01,59220,23391,36963
"London",2018-07-01,59300,23400,37010
"London",2018-08-01,59381,23410,37055
"London",2018-09-01,59463,23421,37098
"London",2018-10-01,59547,23434,37138
"London",2018-11-01,59633,23448,37176
"London",2018-12-01,59721,23464,37212
"London",2019-01-01,59811,23482,37244
"London",2019-02-01,59905,23503,37273
"London",2019-03-01,60002,23525,37300
"London",2019-04-01,60102,23550,37323
"London",2019-05-01,60207,23577,37342
"London",2019-06-01,60316,23607,37358
"London",2019-07-01,60430,23640,37370
"London",2019-08-01,60549,23676,37378
"London",2019-09-01,60674,23715,37382
"London",2019-10-01,60804,23758,37382
"London",2019-11-01,60941,23804,37377
"London",2019-12-01,61084,23853,37368
"London",2020-01-01,61234,23907,37354
"London",2020-02-01,61392,23964,37336
"London",2020-03-01,61557,24026,37312
"London",2020-04-01,61730,24091,37283
"London",2020-05-01,61911,24162,37249
"London",2020-06-01,62102,24236,37209
"London",2020-07-01,62301,24316,37163
"London",2020-08-01,62510,24401,37112
"London",2020-09-01,62728,24490,37055
"London",2020-10-01,62957,24585,36991
"London",2020-11-01,63197,24685,36922
"London",2020-12-01,63447,24791,36846
"London",2021-01-01,63708,24902,36763
"London",2021-02-01,63981,25019,36674
"London",2021-03-01,64266,25142,36577
"London",2021-04-01,64564,25272,36474
"London",2021-05-01,64874,25407,36363
"London",2021-06-01,65197,25549,36245
"London",2021-07-01,65533,25698,36120
"London",2021-08-01,65883,25854,35987
"London",2021-09-01,66248,26016,35846
"London",2021-10-01,66626,26186,35697
"London",2021-11-01,67020,26362,35540
"London",2021-12-01,67429,26547,35374
"Montreal",2013-01-01,419526,184034,271119
"Montreal",2013-02-01,421405,185084,272677
"Montreal",2013-03-01,423103,186020,274079
"Montreal",2013-04-01,424628,186846,275332
"Montreal",2013-05-01,425990,187568,276443
"Montreal",2013-06-01,427198,188191,277420
"Montreal",2013-07-01,428260,188720,278270
"Montreal",2013-08-01,429186,189160,279001
"Montreal",2013-09-01,429986,189516,279619
"Montreal",2013-10-01,430668,189794,280134
"Montreal",2013-11-01,431241,189998,280551
"Montreal",2013-12-01,431716,190133,280878
"Montreal",2014-01-01,432099,190206,281123
"Montreal",2014-02-01,432402,190220,281293
"Montreal",2014-03-01,432633,190182,281396
"Montreal",2014-04-01,432801,190095,281438
"Montreal",2014-05-01,432915,189966,281428
"Montreal",2014-06-01,432985,189799,281373
"Montreal",2014-07-01,433020,189600,281280
"Montreal",2014-08-01,433030,189375,281158
"Montreal",2014-09-01,433033,189133,281022
"Montreal",2014-10-01,433047,188888,280888
"Montreal",2014-11-01,433091,188649,280773
"Montreal",2014-12-01,433185,188429,280692
"Montreal",2015-01-01,433346,188239,280663
"Montreal",2015-02-01,433594,188090,280701
"Montreal",2015-03-01,433947,187995,280822
"Montreal",2015-04-01,434424,187963,281044
"Montreal",2015-05-01,435045,188008,281381
"Montreal",2015-06-01,435827,188140,281851
"Montreal",2015-07-01,436790,188370,282470
"Montreal",2015-08-01,437944,188705,283246
"Montreal",2015-09-01,439269,189131,284160
"Montreal",2015-10-01,440734,189626,285182
"Montreal",2015-11-01,442309,190171,286286
"Montreal",2015-12-01,443967,190746,287442
"Montreal",2016-01-01,445677,191330,288623
"Montreal",2016-02-01,447409,191903,289801
"Montreal",2016-03-01,449135,192445,290947
"Montreal",2016-04-01,450824,192936,292035
"Montreal",2016-05-01,452448,193355,293035
"Montreal",2016-06-01,453976,193683,293919
"Montreal",2016-07-01,455380,193900,294660
"Montreal",2016-08-01,456637,193991,295238
"Montreal",2016-09-01,457752,193967,295667
"Montreal",2016-10-01,458739,193846,295970
"Montreal",2016-11-01,459610,193645,296169
"Montreal",2016-12-01,460378,193381,296287
"Montreal",2017-01-01,461055,193072,296346
"Montreal",2017-02-01,461655,192734,296370
"Montreal",2017-03-01,462189,192384,296380
"Montreal",2017-04-01,462671,192041,296399
"Montreal",2017-05-01,463113,191721,296451
"Montreal",2017-06-01,463529,191442,296557
"Montreal",2017-07-01,463930,191220,296740
"Montreal",2017-08-01,464328,191069,297017
"Montreal",2017-09-01,464726,190985,297381
"Montreal",2017-10-01,465126,190960,297820
"Montreal",2017-11-01,465531,190986,298322
"Montreal",2017-12-01,465942,191055,298873
"Montreal",2018-01-01,466361,191159,299462
"Montreal",2018-02-01,466790,191290,300075
"Montreal",2018-03-01,467230,191440,300701
"Montreal",2018-04-01,467685,191601,301327
"Montreal",2018-05-01,468155,191765,301941
"Montreal",2018-06-01,468643,191924,302529
"Montreal",2018-07-01,469150,192070,303080
"Montreal",2018-08-01,469679,192196,303582
"Montreal",2018-09-01,470234,192298,304029
"Montreal",2018-10-01,470818,192374,304415
"Montreal",2018-11-01,471436,192419,304735
"Montreal",2018-12-01,472092,192432,304983
"Montreal",2019-01-01,472789,192410,305153
"Montreal",2019-02-01,473532,192348,305241
"Montreal",2019-03-01,474326,192246,305241
"Montreal",2019-04-01,475173,192098,305147
"Montreal",2019-05-01,476078,191904,304955
"Montreal",2019-06-01,477046,191658,304657
"Montreal",2019-07-01,478080,191360,304250
"Montreal",2019-08-01,479184,191005,303727
"Montreal",2019-09-01,480363,190591,303084
"Montreal",2019-10-01,481620,190115,302314
"Montreal",2019-11-01,482960,189574,301412
"Montreal",2019-12-01,484386,188965,300373
"Montreal",2020-01-01,485903,188285,299192
"Montreal",2020-02-01,487515,187530,297862
"Montreal",2020-03-01,489226,186699,296379
"Montreal",2020-04-01,491039,185788,294736
"Montreal",2020-05-01,492960,184795,292929
"Montreal",2020-06-01,494991,183715,290952
"Montreal",2020-07-01,497138,182547,288800
"Montreal",2020-08-01,499404,181288,286466
"Montreal",2020-09-01,501794,179933,283947
"Montreal",2020-10-01,504310,178482,281235
"Montreal",2020-11-01,506958,176929,278326
"Montreal",2020-12-01,509742,175274,275215
"Montreal",2021-01-01,512665,173512,271895
"Montreal",2021-02-01,515732,171641,268362
"Montreal",2021-03-01,518947,169657,264609
"Montreal",2021-04-01,522313,167559,260632
"Montreal",2021-05-01,525836,165342,256425
"Montreal",2021-06-01,529518,163004,251982
"Montreal",2021-07-01,533365,160542,247299
"Montreal",2021-08-01,537379,157953,242369
"Montreal",2021-09-01,541566,155234,237187
"Montreal",2021-10-01,545929,152383,231748
"Montreal",2021-11-01,550472,149396,226046
"Montreal",2021-12-01,555200,146269,220076
"Ontario",2013-01-01,1424755,690216,1010063
"Ontario",2013-02-01,1428204,691081,1011709
"Ontario",2013-03-01,1431537,691863,1013219
"Ontario",2013-04-01,1434758,692565,1014598
"Ontario",2013-05-01,1437873,693189,1015852
"Ontario",2013-06-01,1440885,693740,1016987
"Ontario",2013-07-01,1443800,694220,1018010
"Ontario",2013-08-01,1446621,694634,1018926
"Ontario",2013-09-01,1449354,694984,1019742
"Ontario",2013-10-01,1452002,695274,1020463
"Ontario",2013-11-01,1454571,695508,1021095
"Ontario",2013-12-01,1457064,695689,1021646
"Ontario",2014-01-01,1459486,695821,1022119
"Ontario",2014-02-01,1461841,695906,1022523
"Ontario",2014-03-01,1464135,695948,1022863
"Ontario",2014-04-01,1466371,695952,1023144
"Ontario",2014-05-01,1468555,695919,1023373
"Ontario",2014-06-01,1470689,695854,1023557
"Ontario",2014-07-01,1472780,695760,1023700
"Ontario",2014-08-01,1474832,695642,1023811
"Ontario",2014-09-01,1476850,695507,1023902
"Ontario",2014-10-01,1478843,695365,1023988
"Ontario",2014-11-01,1480816,695226,1024082
"Ontario",2014-12-01,1482777,695099,1024200
"Ontario",2015-01-01,1484731,694994,1024354
"Ontario",2015-02-01,1486686,694919,1024560
"Ontario",2015-03-01,1488649,694884,1024832
"Ontario",2015-04-01,1490626,694898,1025184
"Ontario",2015-05-01,1492624,694971,1025629
"Ontario",2015-06-01,1494650,695112,1026183
"Ontario",2015-07-01,1496710,695330,1026860
"Ontario",2015-08-01,1498809,695630,1027667
"Ontario",2015-09-01,1500945,695997,1028583
"Ontario",2015-10-01,1503113,696410,1029584
"Ontario",2015-11-01,1505309,696849,1030641
"Ontario",2015-12-01,1507528,697294,1031729
"Ontario",2016-01-01,1509765,697724,1032820
"Ontario",2016-02-01,1512017,698120,1033889
"Ontario",2016-03-01,1514278,698461,1034908
"Ontario",2016-04-01,1516544,698727,1035852
"Ontario",2016-05-01,1518812,698897,1036692
"Ontario",2016-06-01,1521075,698951,1037404
"Ontario",2016-07-01,1523330,698870,1037960
"Ontario",2016-08-01,1525575,698641,1038343
"Ontario",2016-09-01,1527817,698284,1038576
"Ontario",2016-10-01,1530067,697829,1038689
"Ontario",2016-11-01,1532335,697305,1038715
"Ontario",2016-12-01,1534631,696740,1038685
"Ontario",2017-01-01,1536965,696164,1038630
"Ontario",2017-02-01,1539348,695605,1038583
"Ontario",2017-03-01,1541790,695092,1038574
"Ontario",2017-04-01,1544301,694654,1038636
"Ontario",2017-05-01,1546891,694320,1038800
"Ontario",2017-06-01,1549571,694119,1039097
"Ontario",2017-07-01,1552350,694080,1039560
"Ontario",2017-08-01,1555236,694223,1040210
"Ontario",2017-09-01,1558223,694537,1041034
"Ontario",2017-10-01,1561301,695001,1042007
"Ontario",2017-11-01,1564462,695594,1043108
"Ontario",2017-12-01,1567696,696297,1044312
"Ontario",2018-01-01,1570994,697088,1045596
"Ontario",2018-02-01,1574347,697948,1046937
"Ontario",2018-03-01,1577745,698856,1048312
"Ontario",2018-04-01,1581180,699791,1049697
"Ontario",2018-05-01,1584642,700734,1051069
"Ontario",2018-06-01,1588121,701664,1052404
"Ontario",2018-07-01,1591610,702560,1053680
"Ontario",2018-08-01,1595099,703404,1054875
"Ontario",2018-09-01,1598582,704183,1055974
"Ontario",2018-10-01,1602054,704888,1056965
"Ontario",2018-11-01,1605510,705507,1057837
"Ontario",2018-12-01,1608944,706030,1058576
"Ontario",2019-01-01,1612351,706447,1059171
"Ontario",2019-02-01,1615726,706746,1059609
"Ontario",2019-03-01,1619063,706918,1059877
"Ontario",2019-04-01,1622358,706952,1059963
"Ontario",2019-05-01,1625604,706837,1059856
"Ontario",2019-06-01,1628796,706564,1059542
"Ontario",2019-07-01,1631930,706120,1059010
"Ontario",2019-08-01,1635000,705496,1058247
"Ontario",2019-09-01,1638000,704682,1057240
"Ontario",2019-10-01,1640925,703666,1055978
"Ontario",2019-11-01,1643770,702438,1054447
"Ontario",2019-12-01,1646530,700989,1052637
"Ontario",2020-01-01,1649199,699306,1050533
"Ontario",2020-02-01,1651772,697380,1048125
"Ontario",2020-03-01,1654244,695200,1045400
"Ontario",2020-04-01,1656609,692756,1042344
"Ontario",2020-05-01,1658862,690036,1038947
"Ontario",2020-06-01,1660998,687032,1035196
"Ontario",2020-07-01,1663011,683731,1031078
"Ontario",2020-08-01,1664896,680123,1026580
"Ontario",2020-09-01,1666649,676199,1021692
"Ontario",2020-10-01,1668262,671947,1016400
"Ontario",2020-11-01,1669732,667357,1010692
"Ontario",2020-12-01,1671052,662419,1004556
"Ontario",2021-01-01,1672218,657121,997979
"Ontario",2021-02-01,1673225,651453,990949
"Ontario",2021-03-01,1674066,645406,983453
"Ontario",2021-04-01,1674737,638967,975480
"Ontario",2021-05-01,1675232,632128,967018
"Ontario",2021-06-01,1675546,624876,958052
"Ontario",2021-07-01,1675673,617202,948573
"Ontario",2021-08-01,1675609,609096,938566
"Ontario",2021-09-01,1675349,600546,928020
"Ontario",2021-10-01,1674885,591542,916922
"Ontario",2021-11-01,1674214,582074,905261
"Ontario",2021-12-01,1673331,572130,893023
"Oshawa",2013-01-01,36048,19372,30167
"Oshawa",2013-02-01,36072,19398,30232
"Oshawa",2013-03-01,36100,19423,30294
"Oshawa",2013-04-01,36132,19446,30352
"Oshawa",2013-05-01,36168,19469,30408
"Oshawa",2013-06-01,36207,19490,30460
"Oshawa",2013-07-01,36250,19510,30510
"Oshawa",2013-08-01,36296,19529,30557
"Oshawa",2013-09-01,36345,19547,30601
"Oshawa",2013-10-01,36396,19564,30644
"Oshawa",2013-11-01,36451,19580,30683
"Oshawa",2013-12-01,36507,19596,30721
"Oshawa",2014-01-01,36566,19610,30757
"Oshawa",2014-02-01,36626,19624,30791
"Oshawa",2014-03-01,36688,19636,30823
"Oshawa",2014-04-01,36752,19648,30854
"Oshawa",2014-05-01,36817,19660,30884
"Oshawa",2014-06-01,36883,19670,30913
"Oshawa",2014-07-01,36950,19680,30940
"Oshawa",2014-08-01,37018,19689,30967
"Oshawa",2014-09-01,37085,19698,30993
"Oshawa",2014-10-01,37153,19706,31019
"Oshawa",2014-11-01,37219,19714,31047
"Oshawa",2014-12-01,37284,19722,31075
"Oshawa",2015-01-01,37348,19730,31106
"Oshawa",2015-02-01,37409,19737,31139
"Oshawa",2015-03-01,37467,19745,31175
"Oshawa",2015-04-01,37521,19753,31215
"Oshawa",2015-05-01,37572,19762,31258
"Oshawa",2015-06-01,37618,19771,31307
"Oshawa",2015-07-01,37660,19780,31360
"Oshawa",2015-08-01,37696,19790,31419
"Oshawa",2015-09-01,37728,19800,31482
"Oshawa",2015-10-01,37757,19811,31548
"Oshawa",2015-11-01,37783,19821,31616
"Oshawa",2015-12-01,37808,19832,31683
"Oshawa",2016-01-01,37832,19841,31749
"Oshawa",2016-02-01,37856,19850,31812
"Oshawa",2016-03-01,37882,19857,31870
"Oshawa",2016-04-01,37911,19863,31923
"Oshawa",2016-05-01,37942,19867,31968
"Oshawa",2016-06-01,37978,19870,32004
"Oshawa",2016-07-01,38020,19870,32030
"Oshawa",2016-08-01,38067,19868,32045
"Oshawa",2016-09-01,38120,19864,32050
"Oshawa",2016-10-01,38177,19859,32047
"Oshawa",2016-11-01,38236,19853,32038
"Oshawa",2016-12-01,38296,19847,32024
"Oshawa",2017-01-01,38357,19841,32009
"Oshawa",2017-02-01,38417,19837,31992
"Oshawa",2017-03-01,38475,19834,31978
"Oshawa",2017-04-01,38529,19833,31966
"Oshawa",2017-05-01,38579,19835,31960
"Oshawa",2017-06-01,38623,19841,31960
"Oshawa",2017-07-01,38660,19850,31970
"Oshawa",2017-08-01,38689,19864,31990
"Oshawa",2017-09-01,38711,19881,32019
"Oshawa",2017-10-01,38727,19903,32058
"Oshawa",2017-11-01,38738,19928,32104
"Oshawa",2017-12-01,38746,19956,32157
"Oshawa",2018-01-01,38751,19987,32215
"Oshawa",2018-02-01,38754,20020,32279
"Oshawa",2018-03-01,38757,20056,32345
"Oshawa",2018-04-01,38761,20093,32415
"Oshawa",2018-05-01,38767,20131,32486
"Oshawa",2018-06-01,38777,20170,32558
"Oshawa",2018-07-01,38790,20210,32630
"Oshawa",2018-08-01,38809,20250,32700
"Oshawa",2018-09-01,38833,20290,32769
"Oshawa",2018-10-01,38865,20330,32835
"Oshawa",2018-11-01,38904,20370,32899
"Oshawa",2018-12-01,38951,20410,32959
"Oshawa",2019-01-01,39006,20449,33016
"Oshawa",2019-02-01,39071,20487,33069
"Oshawa",2019-03-01,39146,20524,33118
"Oshawa",2019-04-01,39232,20560,33162
"Oshawa",2019-05-01,39329,20595,33200
"Oshawa",2019-06-01,39438,20628,33233
"Oshawa",2019-07-01,39560,20660,33260
"Oshawa",2019-08-01,39695,20690,33280
"Oshawa",2019-09-01,39844,20718,33293
"Oshawa",2019-10-01,40008,20744,33299
"Oshawa",2019-11-01,40188,20768,33297
"Oshawa",2019-12-01,40383,20789,33286
"Oshawa",2020-01-01,40595,20808,33267
"Oshawa",2020-02-01,40825,20824,33239
"Oshawa",2020-03-01,41072,20837,33201
"Oshawa",2020-04-01,41338,20847,33152
"Oshawa",2020-05-01,41624,20853,33094
"Oshawa",2020-06-01,41929,20857,33024
"Oshawa",2020-07-01,42255,20856,32944
"Oshawa",2020-08-01,42603,20852,32851
"Oshawa",2020-09-01,42972,20844,32746
"Oshawa",2020-10-01,43365,20832,32629
"Oshawa",2020-11-01,43780,20815,32498
"Oshawa",2020-12-01,44220,20794,32354
"Oshawa",2021-01-01,44684,20769,32196
"Oshawa",2021-02-01,45174,20738,32024
"Oshawa",2021-03-01,45690,20703,31837
"Oshawa",2021-04-01,46232,20662,31634
"Oshawa",2021-05-01,46802,20617,31416
"Oshawa",2021-06-01,47400,20566,31182
"Oshawa",2021-07-01,48026,20509,30931
"Oshawa",2021-08-01,48682,20446,30663
"Oshawa",2021-09-01,49367,20378,30378
"Oshawa",2021-10-01,50084,20303,30075
"Oshawa",2021-11-01,50832,20222,29754
"Oshawa",2021-12-01,51611,20135,29413
"Ottawa",2013-01-01,98881,46569,69933
"Ottawa",2013-02-01,99316,46752,70191
"Ottawa",2013-03-01,99719,46914,70427
"Ottawa",2013-04-01,100093,47054,70643
"Ottawa",2013-05-01,100438,47175,70840
"Ottawa",2013-06-01,100757,47276,71018
"Ottawa",2013-07-01,101050,47360,71180
"Ottawa",2013-08-01,101320,47427,71326
"Ottawa",2013-09-01,101567,47478,71456
"Ottawa",2013-10-01,101795,47515,71574
"Ottawa",2013-11-01,102003,47538,71678
"Ottawa",2013-12-01,102194,47549,71772
"Ottawa",2014-01-01,102368,47548,71855
"Ottawa",2014-02-01,102529,47537,71929
"Ottawa",2014-03-01,102677,47516,71994
"Ottawa",2014-04-01,102813,47487,72053
"Ottawa",2014-05-01,102940,47450,72107
"Ottawa",2014-06-01,103058,47408,72155
"Ottawa",2014-07-01,103170,47360,72200
"Ottawa",2014-08-01,103277,47308,72243
"Ottawa",2014-09-01,103382,47255,72286
"Ottawa",2014-10-01,103488,47202,72332
"Ottawa",2014-11-01,103597,47152,72383
"Ottawa",2014-12-01,103713,47107,72443
"Ottawa",2015-01-01,103839,47069,72513
"Ottawa",2015-02-01,103977,47041,72597
"Ottawa",2015-03-01,104131,47026,72697
"Ottawa",2015-04-01,104303,47024,72815
"Ottawa",2015-05-01,104497,47040,72955
"Ottawa",2015-06-01,104715,47074,73119
"Ottawa",2015-07-01,104960,47130,73310
"Ottawa",2015-08-01,105234,47208,73529
"Ottawa",2015-09-01,105535,47306,73772
"Ottawa",2015-10-01,105857,47420,74034
"Ottawa",2015-11-01,106198,47546,74311
"Ottawa",2015-12-01,106553,47679,74597
"Ottawa",2016-01-01,106917,47816,74888
"Ottawa",2016-02-01,107288,47952,75178
"Ottawa",2016-03-01,107661,48084,75463
"Ottawa",2016-04-01,108031,48208,75738
"Ottawa",2016-05-01,108396,48320,75997
"Ottawa",2016-06-01,108750,48415,76236
"Ottawa",2016-07-01,109090,48490,76450
"Ottawa",2016-08-01,109413,48542,76635
"Ottawa",2016-09-01,109719,48573,76793
"Ottawa",2016-10-01,110009,48585,76927
"Ottawa",2016-11-01,110285,48583,77041
"Ottawa",2016-12-01,110547,48568,77139
"Ottawa",2017-01-01,110798,48545,77222
"Ottawa",2017-02-01,111039,48516,77295
"Ottawa",2017-03-01,111270,48484,77361
"Ottawa",2017-04-01,111494,48452,77423
"Ottawa",2017-05-01,111711,48424,77485
"Ottawa",2017-06-01,111922,48402,77549
"Ottawa",2017-07-01,112130,48390,77620
"Ottawa",2017-08-01,112335,48390,77699
"Ottawa",2017-09-01,112538,48401,77787
"Ottawa",2017-10-01,112739,48423,77882
"Ottawa",2017-11-01,112939,48454,77984
"Ottawa",2017-12-01,113140,48494,78092
"Ottawa",2018-01-01,113340,48541,78204
"Ottawa",2018-02-01,113542,48593,78319
"Ottawa",2018-03-01,113746,48651,78438
"Ottawa",2018-04-01,113952,48713,78558
"Ottawa",2018-05-01,114161,48777,78679
"Ottawa",2018-06-01,114373,48843,78800
"Ottawa",2018-07-01,114590,48910,78920
"Ottawa",2018-08-01,114812,48976,79038
"Ottawa",2018-09-01,115039,49042,79154
"Ottawa",2018-10-01,115273,49107,79267
"Ottawa",2018-11-01,115513,49170,79378
"Ottawa",2018-12-01,115762,49232,79487
"Ottawa",2019-01-01,116020,49292,79593
"Ottawa",2019-02-01,116287,49350,79697
"Ottawa",2019-03-01,116564,49406,79797
"Ottawa",2019-04-01,116852,49459,79895
"Ottawa",2019-05-01,117152,49509,79990
"Ottawa",2019-06-01,117464,49556,80082
"Ottawa",2019-07-01,117790,49600,80170
"Ottawa",2019-08-01,118130,49640,80255
"Ottawa",2019-09-01,118484,49677,80337
"Ottawa",2019-10-01,118854,49709,80415
"Ottawa",2019-11-01,119241,49737,80490
"Ottawa",2019-12-01,119644,49760,80561
"Ottawa",2020-01-01,120066,49778,80628
"Ottawa",2020-02-01,120506,49791,80691
"Ottawa",2020-03-01,120965,49799,80750
"Ottawa",2020-04-01,121445,49801,80805
"Ottawa",2020-05-01,121945,49797,80856
"Ottawa",2020-06-01,122467,49786,80903
"Ottawa",2020-07-01,123012,49770,80945
"Ottawa",2020-08-01,123580,49746,80982
"Ottawa",2020-09-01,124171,49716,81015
"Ottawa",2020-10-01,124788,49678,81043
"Ottawa",2020-11-01,125430,49633,81066
"Ottawa",2020-12-01,126098,49580,81085
"Ottawa",2021-01-01,126793,49519,81098
"Ottawa",2021-02-01,127517,49449,81106
"Ottawa",2021-03-01,128268,49371,81108
"Ottawa",2021-04-01,129049,49285,81106
"Ottawa",2021-05-01,129860,49189,81098
"Ottawa",2021-06-01,130702,49084,81084
"Ottawa",2021-07-01,131576,48969,81064
"Ottawa",2021-08-01,132481,48844,81039
"Ottawa",2021-09-01,133420,48709,81008
"Ottawa",2021-10-01,134393,48564,80971
"Ottawa",2021-11-01,135401,48408,80928
"Ottawa",2021-12-01,136444,48242,80878
"Quebec",2013-01-01,982779,381014,537356
"Quebec",2013-02-01,983314,381708,539215
"Quebec",2013-03-01,983906,382312,540886
"Quebec",2013-04-01,984553,382828,542377
"Quebec",2013-05-01,985250,383261,543696
"Quebec",2013-06-01,985997,383613,544851
"Quebec",2013-07-01,986790,383890,545850
"Quebec",2013-08-01,987627,384094,546702
"Quebec",2013-09-01,988505,384229,547415
"Quebec",2013-10-01,989421,384298,547997
"Quebec",2013-11-01,990374,384306,548457
"Quebec",2013-12-01,991360,384255,548803
"Quebec",2014-01-01,992377,384149,549042
"Quebec",2014-02-01,993422,383993,549183
"Quebec",2014-03-01,994493,383789,549235
"Quebec",2014-04-01,995586,383541,549205
"Quebec",2014-05-01,996701,383253,549102
"Quebec",2014-06-01,997833,382928,548934
"Quebec",2014-07-01,998980,382570,548710
"Quebec",2014-08-01,1000139,382183,548438
"Quebec",2014-09-01,1001305,381773,548133
"Quebec",2014-10-01,1002470,381346,547809
"Quebec",2014-11-01,1003628,380908,547480
"Quebec",2014-12-01,1004773,380465,547163
"Quebec",2015-01-01,1005899,380024,546872
"Quebec",2015-02-01,1006997,379591,546622
"Quebec",2015-03-01,1008064,379172,546427
"Quebec",2015-04-01,1009090,378773,546302
"Quebec",2015-05-01,1010071,378400,546263
"Quebec",2015-06-01,1011000,378061,546324
"Quebec",2015-07-01,1011870,377760,546500
"Quebec",2015-08-01,1012678,377502,546800
"Quebec",2015-09-01,1013434,377283,547212
"Quebec",2015-10-01,1014150,377095,547718
"Quebec",2015-11-01,1014840,376931,548298
"Quebec",2015-12-01,1015517,376785,548935
"Quebec",2016-01-01,1016194,376650,549611
"Quebec",2016-02-01,1016883,376519,550307
"Quebec",2016-03-01,1017599,376385,551005
"Quebec",2016-04-01,1018353,376241,551686
"Quebec",2016-05-01,1019160,376080,552333
"Quebec",2016-06-01,1020031,375895,552927
"Quebec",2016-07-01,1020980,375680,553450
"Quebec",2016-08-01,1022015,375430,553889
"Quebec",2016-09-01,1023121,375148,554253
"Quebec",2016-10-01,1024279,374840,554556
"Quebec",2016-11-01,1025469,374514,554813
"Quebec",2016-12-01,1026671,374174,555039
"Quebec",2017-01-01,1027866,373826,555247
"Quebec",2017-02-01,1029035,373477,555452
"Quebec",2017-03-01,1030157,373133,555669
"Quebec",2017-04-01,1031213,372799,555911
"Quebec",2017-05-01,1032184,372481,556195
"Quebec",2017-06-01,1033049,372186,556533
"Quebec",2017-07-01,1033790,371920,556940
"Quebec",2017-08-01,1034393,371686,557427
"Quebec",2017-09-01,1034873,371483,557985
"Quebec",2017-10-01,1035253,371306,558602
"Quebec",2017-11-01,1035553,371151,559267
"Quebec",2017-12-01,1035797,371013,559967
"Quebec",2018-01-01,1036005,370888,560690
"Quebec",2018-02-01,1036199,370772,561424
"Quebec",2018-03-01,1036402,370661,562156
"Quebec",2018-04-01,1036634,370551,562875
"Quebec",2018-05-01,1036918,370437,563569
"Quebec",2018-06-01,1037277,370315,564224
"Quebec",2018-07-01,1037730,370180,564830
"Quebec",2018-08-01,1038299,370029,565375
"Quebec",2018-09-01,1039000,369860,565851
"Quebec",2018-10-01,1039844,369669,566251
"Quebec",2018-11-01,1040846,369456,566568
"Quebec",2018-12-01,1042020,369217,566797
"Quebec",2019-01-01,1043379,368951,566929
"Quebec",2019-02-01,1044936,368654,566958
"Quebec",2019-03-01,1046704,368326,566877
"Quebec",2019-04-01,1048699,367964,566680
"Quebec",2019-05-01,1050932,367565,566359
"Quebec",2019-06-01,1053418,367128,565908
"Quebec",2019-07-01,1056170,366650,565320
"Quebec",2019-08-01,1059201,366129,564588
"Quebec",2019-09-01,1062526,365563,563705
"Quebec",2019-10-01,1066157,364949,562664
"Quebec",2019-11-01,1070108,364286,561459
"Quebec",2019-12-01,1074393,363571,560083
"Quebec",2020-01-01,1079026,362802,558529
"Quebec",2020-02-01,1084018,361976,556789
"Quebec",2020-03-01,1089385,361093,554858
"Quebec",2020-04-01,1095140,360148,552728
"Quebec",2020-05-01,1101296,359141,550393
"Quebec",2020-06-01,1107867,358069,547846
"Quebec",2020-07-01,1114866,356930,545080
"Quebec",2020-08-01,1122307,355721,542087
"Quebec",2020-09-01,1130204,354440,538862
"Quebec",2020-10-01,1138569,353086,535397
"Quebec",2020-11-01,1147417,351655,531686
"Quebec",2020-12-01,1156761,350146,527722
"Quebec",2021-01-01,1166614,348557,523498
"Quebec",2021-02-01,1176990,346885,519007
"Quebec",2021-03-01,1187903,345129,514242
"Quebec",2021-04-01,1199365,343285,509196
"Quebec",2021-05-01,1211392,341352,503864
"Quebec",2021-06-01,1223995,339327,498237
"Quebec",2021-07-01,1237189,337209,492309
"Quebec",2021-08-01,1250987,334994,486073
"Quebec",2021-09-01,1265403,332682,479522
"Quebec",2021-10-01,1280450,330269,472650
"Quebec",2021-11-01,1296142,327754,465450
"Quebec",2021-12-01,1312492,325134,457914
"Niagara",2013-01-01,49914,18508,25979
"Niagara",2013-02-01,49845,18558,26012
"Niagara",2013-03-01,49793,18605,26040
"Niagara",2013-04-01,49758,18647,26064
"Niagara",2013-05-01,49737,18685,26083
"Niagara",2013-06-01,49732,18719,26099
"Niagara",2013-07-01,49740,18750,26110
"Niagara",2013-08-01,49761,18777,26118
"Niagara",2013-09-01,49795,18801,26122
"Niagara",2013-10-01,49841,18822,26124
"Niagara",2013-11-01,49898,18840,26122
"Niagara",2013-12-01,49965,18855,26118
"Niagara",2014-01-01,50041,18868,26111
"Niagara",2014-02-01,50127,18878,26102
"Niagara",2014-03-01,50220,18886,26090
"Niagara",2014-04-01,50321,18892,26077
"Niagara",2014-05-01,50428,18896,26063
"Niagara",2014-06-01,50541,18899,26047
"Niagara",2014-07-01,50660,18900,26030
"Niagara",2014-08-01,50783,18900,26012
"Niagara",2014-09-01,50909,18899,25994
"Niagara",2014-10-01,51037,18897,25976
"Niagara",2014-11-01,51166,18895,25958
"Niagara",2014-12-01,51294,18893,25942
"Niagara",2015-01-01,51420,18891,25927
"Niagara",2015-02-01,51543,18890,25914
"Niagara",2015-03-01,51662,18891,25904
"Niagara",2015-04-01,51776,18892,25897
"Niagara",2015-05-01,51882,18896,25894
"Niagara",2015-06-01,51981,18902,25895
"Niagara",2015-07-01,52070,18910,25900
"Niagara",2015-08-01,52149,18921,25910
"Niagara",2015-09-01,52219,18934,25925
"Niagara",2015-10-01,52281,18950,25943
"Niagara",2015-11-01,52336,18966,25964
"Niagara",2015-12-01,52387,18984,25986
"Niagara",2016-01-01,52433,19001,26009
"Niagara",2016-02-01,52477,19019,26031
"Niagara",2016-03-01,52521,19037,26053
"Niagara",2016-04-01,52564,19053,26072
"Niagara",2016-05-01,52609,19067,26089
"Niagara",2016-06-01,52657,19080,26102
"Niagara",2016-07-01,52710,19090,26110
"Niagara",2016-08-01,52768,19097,26113
"Niagara",2016-09-01,52831,19101,26111
"Niagara",2016-10-01,52899,19103,26106
"Niagara",2016-11-01,52970,19102,26097
"Niagara",2016-12-01,53045,19099,26086
"Niagara",2017-01-01,53123,19093,26074
"Niagara",2017-02-01,53203,19085,26061
"Niagara",2017-03-01,53284,19076,26049
"Niagara",2017-04-01,53366,19064,26038
"Niagara",2017-05-01,53448,19051,26029
"Niagara",2017-06-01,53529,19036,26023
"Niagara",2017-07-01,53610,19020,26020
"Niagara",2017-08-01,53689,19003,26022
"Niagara",2017-09-01,53767,18985,26027
"Niagara",2017-10-01,53843,18966,26036
"Niagara",2017-11-01,53919,18947,26048
"Niagara",2017-12-01,53993,18929,26063
"Niagara",2018-01-01,54067,18911,26079
"Niagara",2018-02-01,54141,18895,26096
"Niagara",2018-03-01,54214,18879,26114
"Niagara",2018-04-01,54288,18866,26131
"Niagara",2018-05-01,54361,18855,26149
"Niagara",2018-06-01,54435,18846,26165
"Niagara",2018-07-01,54510,18840,26180
"Niagara",2018-08-01,54585,18837,26193
"Niagara",2018-09-01,54662,18838,26203
"Niagara",2018-10-01,54739,18843,26210
"Niagara",2018-11-01,54817,18853,26215
"Niagara",2018-12-01,54896,18866,26216
"Niagara",2019-01-01,54976,18885,26214
"Niagara",2019-02-01,55057,18909,26208
"Niagara",2019-03-01,55139,18939,26197
"Niagara",2019-04-01,55223,18974,26183
"Niagara",2019-05-01,55307,19016,26164
"Niagara",2019-06-01,55393,19065,26139
"Niagara",2019-07-01,55480,19120,26110
"Niagara",2019-08-01,55568,19183,26075
"Niagara",2019-09-01,55658,19253,26034
"Niagara",2019-10-01,55749,19331,25988
"Niagara",2019-11-01,55842,19417,25935
"Niagara",2019-12-01,55935,19512,25875
"Niagara",2020-01-01,56031,19615,25809
"Niagara",2020-02-01,56128,19728,25735
"Niagara",2020-03-01,56226,19851,25654
"Niagara",2020-04-01,56327,19983,25565
"Niagara",2020-05-01,56428,20126,25468
"Niagara",2020-06-01,56532,20279,25363
"Niagara",2020-07-01,56637,20443,25250
"Niagara",2020-08-01,56744,20618,25127
"Niagara",2020-09-01,56853,20805,24996
"Niagara",2020-10-01,56964,21003,24855
"Niagara",2020-11-01,57077,21214,24704
"Niagara",2020-12-01,57192,21438,24544
"Niagara",2021-01-01,57308,21674,24373
"Niagara",2021-02-01,57427,21923,24192
"Niagara",2021-03-01,57548,22186,24000
"Niagara",2021-04-01,57670,22462,23797
"Niagara",2021-05-01,57795,22753,23582
"Niagara",2021-06-01,57923,23059,23356
"Niagara",2021-07-01,58052,23379,23119
"Niagara",2021-08-01,58184,23714,22869
"Niagara",2021-09-01,58318,24065,22606
"Niagara",2021-10-01,58454,24432,22331
"Niagara",2021-11-01,58593,24814,22043
"Niagara",2021-12-01,58734,25214,21742
"Toronto",2013-01-01,549718,332935,481424
"Toronto",2013-02-01,551961,333112,481976
"Toronto",2013-03-01,554088,333284,482513
"Toronto",2013-04-01,556102,333449,483038
"Toronto",2013-05-01,558009,333609,483548
"Toronto",2013-06-01,559814,333762,484046
"Toronto",2013-07-01,561520,333910,484530
"Toronto",2013-08-01,563132,334052,485001
"Toronto",2013-09-01,564656,334187,485460
"Toronto",2013-10-01,566094,334317,485905
"Toronto",2013-11-01,567452,334440,486338
"Toronto",2013-12-01,568735,334558,486759
"Toronto",2014-01-01,569947,334669,487167
"Toronto",2014-02-01,571092,334775,487564
"Toronto",2014-03-01,572175,334874,487948
"Toronto",2014-04-01,573201,334967,488321
"Toronto",2014-05-01,574174,335054,488682
"Toronto",2014-06-01,575099,335135,489032
"Toronto",2014-07-01,575980,335210,489370
"Toronto",2014-08-01,576822,335279,489697
"Toronto",2014-09-01,577632,335345,490016
"Toronto",2014-10-01,578416,335410,490327
"Toronto",2014-11-01,579182,335476,490632
"Toronto",2014-12-01,579935,335548,490934
"Toronto",2015-01-01,580684,335626,491235
"Toronto",2015-02-01,581435,335715,491535
"Toronto",2015-03-01,582195,335816,491838
"Toronto",2015-04-01,582971,335932,492145
"Toronto",2015-05-01,583769,336067,492458
"Toronto",2015-06-01,584596,336222,492779
"Toronto",2015-07-01,585460,336400,493110
"Toronto",2015-08-01,586365,336602,493451
"Toronto",2015-09-01,587309,336819,493797
"Toronto",2015-10-01,588286,337041,494141
"Toronto",2015-11-01,589292,337256,494476
"Toronto",2015-12-01,590322,337455,494796
"Toronto",2016-01-01,591372,337625,495093
"Toronto",2016-02-01,592436,337757,495361
"Toronto",2016-03-01,593510,337839,495592
"Toronto",2016-04-01,594590,337862,495781
"Toronto",2016-05-01,595669,337813,495920
"Toronto",2016-06-01,596744,337683,496002
"Toronto",2016-07-01,597810,337460,496020
"Toronto",2016-08-01,598865,337140,495972
"Toronto",2016-09-01,599918,336738,495869
"Toronto",2016-10-01,600984,336278,495727
"Toronto",2016-11-01,602074,335782,495562
"Toronto",2016-12-01,603201,335272,495390
"Toronto",2017-01-01,604379,334770,495227
"Toronto",2017-02-01,605620,334298,495088
"Toronto",2017-03-01,606936,333880,494989
"Toronto",2017-04-01,608342,333536,494946
"Toronto",2017-05-01,609849,333290,494974
"Toronto",2017-06-01,611471,333164,495090
"Toronto",2017-07-01,613220,333180,495310
"Toronto",2017-08-01,615105,333353,495644
"Toronto",2017-09-01,617116,333673,496082
"Toronto",2017-10-01,619239,334120,496612
"Toronto",2017-11-01,621460,334677,497219
"Toronto",2017-12-01,623766,335325,497889
"Toronto",2018-01-01,626141,336045,498607
"Toronto",2018-02-01,628573,336820,499361
"Toronto",2018-03-01,631046,337631,500135
"Toronto",2018-04-01,633548,338460,500916
"Toronto",2018-05-01,636063,339288,501690
"Toronto",2018-06-01,638579,340098,502443
"Toronto",2018-07-01,641080,340870,503160
"Toronto",2018-08-01,643554,341588,503829
"Toronto",2018-09-01,645992,342241,504440
"Toronto",2018-10-01,648383,342817,504986
"Toronto",2018-11-01,650721,343308,505459
"Toronto",2018-12-01,652997,343702,505849
"Toronto",2019-01-01,655200,343990,506150
"Toronto",2019-02-01,657324,344161,506354
"Toronto",2019-03-01,659359,344205,506451
"Toronto",2019-04-01,661297,344113,506434
"Toronto",2019-05-01,663129,343873,506296
"Toronto",2019-06-01,664846,343475,506027
"Toronto",2019-07-01,666440,342910,505620
"Toronto",2019-08-01,667902,342167,505067
"Toronto",2019-09-01,669223,341236,504359
"Toronto",2019-10-01,670396,340107,503490
"Toronto",2019-11-01,671410,338769,502449
"Toronto",2019-12-01,672258,337213,501230
"Toronto",2020-01-01,672930,335428,499825
"Toronto",2020-02-01,673419,333403,498225
"Toronto",2020-03-01,673715,331130,496422
"Toronto",2020-04-01,673810,328597,494408
"Toronto",2020-05-01,673695,325795,492176
"Toronto",2020-06-01,673362,322713,489716
"Toronto",2020-07-01,672802,319340,487022
"Toronto",2020-08-01,672006,315668,484084
"Toronto",2020-09-01,670966,311685,480895
"Toronto",2020-10-01,669672,307382,477447
"Toronto",2020-11-01,668117,302747,473731
"Toronto",2020-12-01,666291,297772,469740
"Toronto",2021-01-01,664187,292446,465466
"Toronto",2021-02-01,661795,286758,460900
"Toronto",2021-03-01,659106,280699,456035
"Toronto",2021-04-01,656113,274257,450861
"Toronto",2021-05-01,652806,267424,445372
"Toronto",2021-06-01,649176,260189,439559
"Toronto",2021-07-01,645216,252541,433415
"Toronto",2021-08-01,640916,244471,426930
"Toronto",2021-09-01,636268,235968,420097
"Toronto",2021-10-01,631263,227022,412908
"Toronto",2021-11-01,625893,217623,405355
"Toronto",2021-12-01,620148,207760,397429
"Vancouver",2013-01-01,271644,133428,173657
"Vancouver",2013-02-01,272319,133575,173938
"Vancouver",2013-03-01,272983,133726,174205
"Vancouver",2013-04-01,273637,133881,174458
"Vancouver",2013-05-01,274280,134038,174698
"Vancouver",2013-06-01,274915,134198,174925
"Vancouver",2013-07-01,275540,134360,175140
"Vancouver",2013-08-01,276156,134524,175343
"Vancouver",2013-09-01,276764,134689,175535
"Vancouver",2013-10-01,277364,134856,175716
"Vancouver",2013-11-01,277956,135023,175887
"Vancouver",2013-12-01,278541,135190,176048
"Vancouver",2014-01-01,279119,135357,176200
"Vancouver",2014-02-01,279690,135524,176343
"Vancouver",2014-03-01,280255,135691,176479
"Vancouver",2014-04-01,280814,135856,176607
"Vancouver",2014-05-01,281368,136019,176727
"Vancouver",2014-06-01,281916,136181,176842
"Vancouver",2014-07-01,282460,136340,176950
"Vancouver",2014-08-01,282999,136497,177053
"Vancouver",2014-09-01,283535,136651,177152
"Vancouver",2014-10-01,284066,136803,177249
"Vancouver",2014-11-01,284594,136952,177346
"Vancouver",2014-12-01,285118,137099,177444
"Vancouver",2015-01-01,285639,137244,177545
"Vancouver",2015-02-01,286157,137387,177650
"Vancouver",2015-03-01,286672,137527,177761
"Vancouver",2015-04-01,287185,137666,177880
"Vancouver",2015-05-01,287695,137802,178008
"Vancouver",2015-06-01,288203,137937,178148
"Vancouver",2015-07-01,288710,138070,178300
"Vancouver",2015-08-01,289215,138201,178466
"Vancouver",2015-09-01,289719,138328,178642
"Vancouver",2015-10-01,290224,138449,178824
"Vancouver",2015-11-01,290730,138562,179009
"Vancouver",2015-12-01,291238,138664,179193
"Vancouver",2016-01-01,291749,138754,179370
"Vancouver",2016-02-01,292264,138830,179539
"Vancouver",2016-03-01,292783,138888,179694
"Vancouver",2016-04-01,293309,138927,179832
"Vancouver",2016-05-01,293841,138946,179948
"Vancouver",2016-06-01,294381,138941,180039
"Vancouver",2016-07-01,294930,138910,180100
"Vancouver",2016-08-01,295488,138853,180130
"Vancouver",2016-09-01,296058,138774,180132
"Vancouver",2016-10-01,296640,138680,180114
"Vancouver",2016-11-01,297236,138576,180081
"Vancouver",2016-12-01,297849,138469,180038
"Vancouver",2017-01-01,298479,138364,179994
"Vancouver",2017-02-01,299128,138267,179952
"Vancouver",2017-03-01,299798,138185,179920
"Vancouver",2017-04-01,300491,138123,179904
"Vancouver",2017-05-01,301208,138087,179909
"Vancouver",2017-06-01,301950,138085,179943
"Vancouver",2017-07-01,302720,138120,180010
"Vancouver",2017-08-01,303518,138198,180116
"Vancouver",2017-09-01,304345,138317,180258
"Vancouver",2017-10-01,305198,138471,180431
"Vancouver",2017-11-01,306077,138657,180631
"Vancouver",2017-12-01,306980,138870,180855
"Vancouver",2018-01-01,307908,139107,181097
"Vancouver",2018-02-01,308858,139362,181353
"Vancouver",2018-03-01,309829,139632,181620
"Vancouver",2018-04-01,310821,139912,181892
"Vancouver",2018-05-01,311833,140198,182166
"Vancouver",2018-06-01,312863,140485,182436
"Vancouver",2018-07-01,313910,140770,182700
"Vancouver",2018-08-01,314974,141048,182953
"Vancouver",2018-09-01,316053,141318,183191
"Vancouver",2018-10-01,317148,141576,183414
"Vancouver",2018-11-01,318257,141820,183619
"Vancouver",2018-12-01,319381,142049,183804
"Vancouver",2019-01-01,320518,142259,183966
"Vancouver",2019-02-01,321668,142449,184103
"Vancouver",2019-03-01,322832,142617,184213
"Vancouver",2019-04-01,324007,142761,184294
"Vancouver",2019-05-01,325194,142877,184344
"Vancouver",2019-06-01,326392,142964,184360
"Vancouver",2019-07-01,327600,143020,184340
"Vancouver",2019-08-01,328819,143042,184282
"Vancouver",2019-09-01,330047,143029,184184
"Vancouver",2019-10-01,331284,142977,184043
"Vancouver",2019-11-01,332529,142886,183858
"Vancouver",2019-12-01,333783,142751,183626
"Vancouver",2020-01-01,335043,142573,183344
"Vancouver",2020-02-01,336311,142347,183011
"Vancouver",2020-03-01,337585,142072,182625
"Vancouver",2020-04-01,338866,141746,182183
"Vancouver",2020-05-01,340151,141366,181683
"Vancouver",2020-06-01,341441,140931,181122
"Vancouver",2020-07-01,342736,140437,180500
"Vancouver",2020-08-01,344034,139883,179812
"Vancouver",2020-09-01,345336,139267,179058
"Vancouver",2020-10-01,346640,138586,178234
"Vancouver",2020-11-01,347947,137838,177340
"Vancouver",2020-12-01,349255,137022,176371
"Vancouver",2021-01-01,350565,136133,175327
"Vancouver",2021-02-01,351875,135172,174205
"Vancouver",2021-03-01,353185,134134,173003
"Vancouver",2021-04-01,354495,133018,171719
"Vancouver",2021-05-01,355804,131823,170350
"Vancouver",2021-06-01,357112,130544,168894
"Vancouver",2021-07-01,358417,129181,167349
"Vancouver",2021-08-01,359721,127731,165712
"Vancouver",2021-09-01,361021,126192,163983
"Vancouver",2021-10-01,362318,124562,162157
"Vancouver",2021-11-01,363610,122838,160234
"Vancouver",2021-12-01,364898,121019,158211
"Victoria",2013-01-01,47668,16460,18708
"Victoria",2013-02-01,47773,16450,18809
"Victoria",2013-03-01,47879,16442,18902
"Victoria",2013-04-01,47986,16437,18987
"Victoria",2013-05-01,48093,16433,19065
"Victoria",2013-06-01,48201,16430,19136
"Victoria",2013-07-01,48310,16430,19200
"Victoria",2013-08-01,48419,16431,19258
"Victoria",2013-09-01,48529,16434,19310
"Victoria",2013-10-01,48638,16438,19356
"Victoria",2013-11-01,48748,16444,19397
"Victoria",2013-12-01,48858,16451,19434
"Victoria",2014-01-01,48968,16459,19465
"Victoria",2014-02-01,49078,16468,19493
"Victoria",2014-03-01,49187,16479,19517
"Victoria",2014-04-01,49296,16490,19537
"Victoria",2014-05-01,49405,16503,19554
"Victoria",2014-06-01,49513,16516,19568
"Victoria",2014-07-01,49620,16530,19580
"Victoria",2014-08-01,49726,16545,19590
"Victoria",2014-09-01,49832,16560,19598
"Victoria",2014-10-01,49935,16577,19606
"Victoria",2014-11-01,50037,16594,19614
"Victoria",2014-12-01,50137,16611,19622
"Victoria",2015-01-01,50234,16629,19632
"Victoria",2015-02-01,50328,16648,19644
"Victoria",2015-03-01,50418,16667,19659
"Victoria",2015-04-01,50505,16687,19677
"Victoria",2015-05-01,50588,16708,19700
"Victoria",2015-06-01,50666,16729,19727
"Victoria",2015-07-01,50740,16750,19760
"Victoria",2015-08-01,50809,16772,19799
"Victoria",2015-09-01,50873,16794,19843
"Victoria",2015-10-01,50934,16816,19891
"Victoria",2015-11-01,50993,16837,19943
"Victoria",2015-12-01,51050,16858,19996
"Victoria",2016-01-01,51107,16878,20051
"Victoria",2016-02-01,51164,16896,20107
"Victoria",2016-03-01,51223,16913,20161
"Victoria",2016-04-01,51284,16928,20213
"Victoria",2016-05-01,51348,16941,20263
"Victoria",2016-06-01,51417,16952,20309
"Victoria",2016-07-01,51490,16960,20350
"Victoria",2016-08-01,51569,16965,20385
"Victoria",2016-09-01,51653,16968,20416
"Victoria",2016-10-01,51741,16969,20442
"Victoria",2016-11-01,51831,16969,20464
"Victoria",2016-12-01,51922,16968,20484
"Victoria",2017-01-01,52014,16966,20502
"Victoria",2017-02-01,52104,16966,20518
"Victoria",2017-03-01,52193,16966,20535
"Victoria",2017-04-01,52277,16968,20551
"Victoria",2017-05-01,52358,16973,20569
"Victoria",2017-06-01,52432,16980,20588
"Victoria",2017-07-01,52500,16990,20610
"Victoria",2017-08-01,52560,17004,20635
"Victoria",2017-09-01,52613,17022,20664
"Victoria",2017-10-01,52661,17042,20694
"Victoria",2017-11-01,52705,17066,20728
"Victoria",2017-12-01,52746,17091,20762
"Victoria",2018-01-01,52785,17119,20798
"Victoria",2018-02-01,52825,17148,20836
"Victoria",2018-03-01,52866,17178,20873
"Victoria",2018-04-01,52909,17209,20911
"Victoria",2018-05-01,52957,17239,20948
"Victoria",2018-06-01,53010,17270,20985
"Victoria",2018-07-01,53070,17300,21020
"Victoria",2018-08-01,53138,17329,21054
"Victoria",2018-09-01,53215,17357,21086
"Victoria",2018-10-01,53301,17383,21116
"Victoria",2018-11-01,53398,17408,21144
"Victoria",2018-12-01,53507,17431,21170
"Victoria",2019-01-01,53628,17451,21193
"Victoria",2019-02-01,53762,17470,21213
"Victoria",2019-03-01,53910,17486,21231
"Victoria",2019-04-01,54073,17499,21246
"Victoria",2019-05-01,54252,17509,21257
"Victoria",2019-06-01,54447,17516,21265
"Victoria",2019-07-01,54660,17520,21270
"Victoria",2019-08-01,54891,17520,21271
"Victoria",2019-09-01,55141,17516,21268
"Victoria",2019-10-01,55411,17509,21260
"Victoria",2019-11-01,55701,17497,21249
"Victoria",2019-12-01,56014,17480,21233
"Victoria",2020-01-01,56348,17459,21212
"Victoria",2020-02-01,56706,17433,21187
"Victoria",2020-03-01,57089,17402,21157
"Victoria",2020-04-01,57496,17366,21121
"Victoria",2020-05-01,57929,17324,21080
"Victoria",2020-06-01,58388,17277,21034
"Victoria",2020-07-01,58876,17223,20981
"Victoria",2020-08-01,59391,17164,20923
"Victoria",2020-09-01,59936,17098,20859
"Victoria",2020-10-01,60511,17025,20789
"Victoria",2020-11-01,61117,16946,20712
"Victoria",2020-12-01,61754,16859,20628
"Victoria",2021-01-01,62424,16766,20538
"Victoria",2021-02-01,63128,16664,20441
"Victoria",2021-03-01,63866,16556,20337
"Victoria",2021-04-01,64639,16439,20225
"Victoria",2021-05-01,65448,16314,20106
"Victoria",2021-06-01,66294,16181,19979
"Victoria",2021-07-01,67177,16040,19844
"Victoria",2021-08-01,68099,15890,19701
"Victoria",2021-09-01,69060,15730,19550
"Victoria",2021-10-01,70062,15562,19391
"Victoria",2021-11-01,71104,15384,19223
"Victoria",2021-12-01,72189,15197,19046
"Windsor",2013-01-01,34435,15753,25018
"Windsor",2013-02-01,34452,15792,25020
"Windsor",2013-03-01,34471,15825,25023
"Windsor",2013-04-01,34494,15853,25025
"Windsor",2013-05-01,34520,15877,25027
"Windsor",2013-06-01,34548,15895,25028
"Windsor",2013-07-01,34580,15910,25030
"Windsor",2013-08-01,34614,15920,25031
"Windsor",2013-09-01,34651,15927,25033
"Windsor",2013-10-01,34691,15930,25034
"Windsor",2013-11-01,34733,15930,25036
"Windsor",2013-12-01,34778,15926,25038
"Windsor",2014-01-01,34824,15919,25040
"Windsor",2014-02-01,34874,15910,25042
"Windsor",2014-03-01,34925,15898,25045
"Windsor",2014-04-01,34978,15884,25048
"Windsor",2014-05-01,35034,15868,25051
"Windsor",2014-06-01,35091,15850,25055
"Windsor",2014-07-01,35150,15830,25060
"Windsor",2014-08-01,35211,15809,25065
"Windsor",2014-09-01,35273,15787,25071
"Windsor",2014-10-01,35337,15765,25079
"Windsor",2014-11-01,35402,15742,25087
"Windsor",2014-12-01,35468,15720,25098
"Windsor",2015-01-01,35536,15699,25110
"Windsor",2015-02-01,35603,15680,25125
"Windsor",2015-03-01,35672,15662,25142
"Windsor",2015-04-01,35741,15647,25161
"Windsor",2015-05-01,35811,15635,25184
"Windsor",2015-06-01,35880,15625,25210
"Windsor",2015-07-01,35950,15620,25240
"Windsor",2015-08-01,36020,15619,25273
"Windsor",2015-09-01,36089,15621,25310
"Windsor",2015-10-01,36159,15626,25348
"Windsor",2015-11-01,36230,15633,25388
"Windsor",2015-12-01,36300,15641,25429
"Windsor",2016-01-01,36372,15649,25470
"Windsor",2016-02-01,36445,15658,25510
"Windsor",2016-03-01,36519,15665,25548
"Windsor",2016-04-01,36594,15671,25584
"Windsor",2016-05-01,36671,15674,25617
"Windsor",2016-06-01,36750,15674,25646
"Windsor",2016-07-01,36830,15670,25670
"Windsor",2016-08-01,36912,15662,25689
"Windsor",2016-09-01,36996,15649,25703
"Windsor",2016-10-01,37079,15632,25712
"Windsor",2016-11-01,37161,15613,25717
"Windsor",2016-12-01,37241,15590,25717
"Windsor",2017-01-01,37318,15566,25714
"Windsor",2017-02-01,37391,15540,25707
"Windsor",2017-03-01,37458,15512,25697
"Windsor",2017-04-01,37518,15484,25684
"Windsor",2017-05-01,37571,15456,25668
"Windsor",2017-06-01,37615,15427,25650
"Windsor",2017-07-01,37650,15400,25630
"Windsor",2017-08-01,37674,15374,25608
"Windsor",2017-09-01,37689,15349,25586
"Windsor",2017-10-01,37696,15326,25562
"Windsor",2017-11-01,37695,15304,25538
"Windsor",2017-12-01,37689,15283,25513
"Windsor",2018-01-01,37679,15264,25489
"Windsor",2018-02-01,37666,15247,25465
"Windsor",2018-03-01,37651,15232,25443
"Windsor",2018-04-01,37636,15219,25422
"Windsor",2018-05-01,37621,15207,25402
"Windsor",2018-06-01,37609,15198,25385
"Windsor",2018-07-01,37600,15190,25370
"Windsor",2018-08-01,37596,15185,25358
"Windsor",2018-09-01,37597,15182,25349
"Windsor",2018-10-01,37605,15181,25344
"Windsor",2018-11-01,37620,15183,25343
"Windsor",2018-12-01,37643,15187,25346
"Windsor",2019-01-01,37675,15195,25354
"Windsor",2019-02-01,37717,15206,25367
"Windsor",2019-03-01,37769,15219,25385
"Windsor",2019-04-01,37833,15237,25409
"Windsor",2019-05-01,37909,15257,25440
"Windsor",2019-06-01,37997,15282,25476
"Windsor",2019-07-01,38100,15310,25520
"Windsor",2019-08-01,38217,15342,25571
"Windsor",2019-09-01,38350,15379,25629
"Windsor",2019-10-01,38499,15419,25696
"Windsor",2019-11-01,38665,15465,25771
"Windsor",2019-12-01,38849,15514,25854
"Windsor",2020-01-01,39051,15569,25947
"Windsor",2020-02-01,39273,15628,26049
"Windsor",2020-03-01,39516,15693,26161
"Windsor",2020-04-01,39780,15763,26283
"Windsor",2020-05-01,40065,15838,26415
"Windsor",2020-06-01,40374,15919,26559
"Windsor",2020-07-01,40706,16005,26714
"Windsor",2020-08-01,41063,16098,26880
"Windsor",2020-09-01,41445,16196,27058
"Windsor",2020-10-01,41854,16301,27249
"Windsor",2020-11-01,42289,16412,27452
"Windsor",2020-12-01,42752,16529,27669
"Windsor",2021-01-01,43243,16653,27899
"Windsor",2021-02-01,43764,16784,28142
"Windsor",2021-03-01,44316,16922,28400
"Windsor",2021-04-01,44898,17067,28673
"Windsor",2021-05-01,45512,17219,28960
"Windsor",2021-06-01,46159,17379,29262
"Windsor",2021-07-01,46839,17546,29581
"Windsor",2021-08-01,47554,17721,29915
"Windsor",2021-09-01,48304,17904,30265
"Windsor",2021-10-01,49090,18095,30633
"Windsor",2021-11-01,49913,18294,31017
"Windsor",2021-12-01,50773,18502,31419
