"GEO","Date","pop_nk","pop_1kid","pop_kids"
"Alberta",2013-01-01,431812,272722,367460
"Alberta",2013-02-01,435821,273541,368338
"Alberta",2013-03-01,439531,274327,369195
"Alberta",2013-04-01,442952,275083,370034
"Alberta",2013-05-01,446094,275808,370853
"Alberta",2013-06-01,448966,276503,371655
"Alberta",2013-07-01,451580,277170,372440
"Alberta",2013-08-01,453944,277809,373208
"Alberta",2013-09-01,456070,278420,373961
"Alberta",2013-10-01,457966,279005,374698
"Alberta",2013-11-01,459643,279564,375421
"Alberta",2013-12-01,461110,280099,376130
"Alberta",2014-01-01,462378,280609,376826
"Alberta",2014-02-01,463457,281096,377510
"Alberta",2014-03-01,464357,281561,378182
"Alberta",2014-04-01,465087,282003,378844
"Alberta",2014-05-01,465657,282425,379495
"Alberta",2014-06-01,466078,282827,380137
"Alberta",2014-07-01,466360,283210,380770
"Alberta",2014-08-01,466512,283574,381395
"Alberta",2014-09-01,466547,283919,382012
"Alberta",2014-10-01,466476,284246,382620
"Alberta",2014-11-01,466310,284553,383221
"Alberta",2014-12-01,466063,284841,383814
"Alberta",2015-01-01,465746,285110,384399
"Alberta",2015-02-01,465370,285360,384977
"Alberta",2015-03-01,464947,285590,385547
"Alberta",2015-04-01,464490,285800,386109
"Alberta",2015-05-01,464010,285990,386663
"Alberta",2015-06-01,463520,286160,387210
"Alberta",2015-07-01,463030,286310,387750
"Alberta",2015-08-01,462552,286440,388283
"Alberta",2015-09-01,462088,286555,388811
"Alberta",2015-10-01,461643,286658,389339
"Alberta",2015-11-01,461217,286754,389869
"Alberta",2015-12-01,460813,286849,390405
"Alberta",2016-01-01,460434,286946,390950
"Alberta",2016-02-01,460082,287050,391507
"Alberta",2016-03-01,459760,287166,392079
"Alberta",2016-04-01,459469,287298,392671
"Alberta",2016-05-01,459212,287452,393284
"Alberta",2016-06-01,458992,287631,393923
"Alberta",2016-07-01,458810,287840,394590
"Alberta",2016-08-01,458669,288082,395288
"Alberta",2016-09-01,458565,288355,396014
"Alberta",2016-10-01,458495,288654,396764
"Alberta",2016-11-01,458456,288974,397534
"Alberta",2016-12-01,458444,289311,398321
"Alberta",2017-01-01,458456,289661,399119
"Alberta",2017-02-01,458488,290018,399926
"Alberta",2017-03-01,458537,290379,400738
"Alberta",2017-04-01,458599,290739,401550
"Alberta",2017-05-01,458671,291094,402359
"Alberta",2017-06-01,458749,291439,403160
"Alberta",2017-07-01,458830,291770,403950
"Alberta",2017-08-01,458911,292083,404726
"Alberta",2017-09-01,458994,292379,405487
"Alberta",2017-10-01,459082,292659,406235
"Alberta",2017-11-01,459178,292924,406971
"Alberta",2017-12-01,459283,293177,407696
"Alberta",2018-01-01,459402,293419,408410
"Alberta",2018-02-01,459537,293651,409115
"Alberta",2018-03-01,459689,293875,409811
"Alberta",2018-04-01,459863,294093,410500
"Alberta",2018-05-01,460061,294305,411182
"Alberta",2018-06-01,460286,294514,411858
"Alberta",2018-07-01,460540,294720,412530
"Alberta",2018-08-01,460826,294926,413198
"Alberta",2018-09-01,461146,295131,413862
"Alberta",2018-10-01,461500,295337,414522
"Alberta",2018-11-01,461892,295542,415179
"Alberta",2018-12-01,462321,295749,415831
"Alberta",2019-01-01,462790,295956,416480
"Alberta",2019-02-01,463300,296165,417125
"Alberta",2019-03-01,463853,296376,417766
"Alberta",2019-04-01,464450,296588,418403
"Alberta",2019-05-01,465092,296803,419036
"Alberta",2019-06-01,465782,297020,419665
"Alberta",2019-07-01,466520,297240,420290
"Alberta",2019-08-01,467308,297463,420911
"Alberta",2019-09-01,468148,297690,421528
"Alberta",2019-10-01,469041,297921,422141
"Alberta",2019-11-01,469988,298156,422750
"Alberta",2019-12-01,470991,298395,423355
"Alberta",2020-01-01,472052,298640,423955
"Alberta",2020-02-01,473172,298889,424552
"Alberta",2020-03-01,474352,299144,425144
"Alberta",2020-04-01,475595,299405,425732
"Alberta",2020-05-01,476900,299671,426316
"Alberta",2020-06-01,478271,299944,426895
"Alberta",2020-07-01,479709,300224,427471
"Alberta",2020-08-01,481214,300511,428042
"Alberta",2020-09-01,482789,300805,428608
"Alberta",2020-10-01,484434,301107,429171
"Alberta",2020-11-01,486153,301417,429729
"Alberta",2020-12-01,487945,301735,430282
"Alberta",2021-01-01,489812,302062,430831
"Alberta",2021-02-01,491757,302398,431376
"Alberta",2021-03-01,493780,302743,431916
"Alberta",2021-04-01,495883,303098,432452
"Alberta",2021-05-01,498067,303463,432983
"Alberta",2021-06-01,500334,303837,433510
"Alberta",2021-07-01,502686,304223,434032
"Alberta",2021-08-01,505123,304619,434550
"Alberta",2021-09-01,507648,305026,435063
"Alberta",2021-10-01,510262,305445,435571
"Alberta",2021-11-01,512966,305876,436075
"Alberta",2021-12-01,515762,306319,436574
"British Columbia",2013-01-01,564871,333284,366021
"British Columbia",2013-02-01,566408,333237,366039
"British Columbia",2013-03-01,567918,333223,366072
"British Columbia",2013-04-01,569401,333241,366120
"British Columbia",2013-05-01,570859,333289,366183
"British Columbia",2013-06-01,572292,333366,366260
"British Columbia",2013-07-01,573700,333470,366350
"British Columbia",2013-08-01,575085,333600,366454
"British Columbia",2013-09-01,576447,333755,366570
"British Columbia",2013-10-01,577787,333933,366699
"British Columbia",2013-11-01,579106,334132,366840
"British Columbia",2013-12-01,580404,334352,366992
"British Columbia",2014-01-01,581683,334591,367155
"British Columbia",2014-02-01,582943,334847,367328
"British Columbia",2014-03-01,584184,335119,367512
"British Columbia",2014-04-01,585407,335406,367706
"British Columbia",2014-05-01,586614,335706,367908
"British Columbia",2014-06-01,587805,336018,368120
"British Columbia",2014-07-01,588980,336340,368340
"British Columbia",2014-08-01,590141,336671,368568
"British Columbia",2014-09-01,591287,337008,368802
"British Columbia",2014-10-01,592421,337349,369043
"British Columbia",2014-11-01,593542,337690,369288
"British Columbia",2014-12-01,594652,338029,369536
"British Columbia",2015-01-01,595750,338364,369787
"British Columbia",2015-02-01,596838,338691,370039
"British Columbia",2015-03-01,597917,339008,370291
"British Columbia",2015-04-01,598987,339312,370543
"British Columbia",2015-05-01,600048,339601,370792
"British Columbia",2015-06-01,601102,339871,371038
"British Columbia",2015-07-01,602150,340120,371280
"British Columbia",2015-08-01,603192,340346,371517
"British Columbia",2015-09-01,604228,340552,371751
"British Columbia",2015-10-01,605260,340743,371984
"British Columbia",2015-11-01,606289,340920,372219
"British Columbia",2015-12-01,607315,341090,372457
"British Columbia",2016-01-01,608339,341254,372701
"British Columbia",2016-02-01,609362,341418,372952
"British Columbia",2016-03-01,610384,341585,373215
"British Columbia",2016-04-01,611408,341759,373489
"British Columbia",2016-05-01,612433,341943,373778
"British Columbia",2016-06-01,613460,342142,374085
"British Columbia",2016-07-01,614490,342360,374410
"British Columbia",2016-08-01,615524,342599,374756
"British Columbia",2016-09-01,616562,342858,375121
"British Columbia",2016-10-01,617603,343137,375502
"British Columbia",2016-11-01,618649,343433,375897
"British Columbia",2016-12-01,619698,343744,376304
"British Columbia",2017-01-01,620750,344069,376719
"British Columbia",2017-02-01,621806,344407,377141
"British Columbia",2017-03-01,622866,344755,377567
"British Columbia",2017-04-01,623930,345112,377995
"British Columbia",2017-05-01,624996,345476,378421
"British Columbia",2017-06-01,626066,345846,378843
"British Columbia",2017-07-01,627140,346220,379260
"British Columbia",2017-08-01,628217,346596,379669
"British Columbia",2017-09-01,629302,346974,380069
"British Columbia",2017-10-01,630396,347354,380462
"British Columbia",2017-11-01,631504,347734,380849
"British Columbia",2017-12-01,632630,348114,381229
"British Columbia",2018-01-01,633776,348494,381603
"British Columbia",2018-02-01,634946,348873,381972
"British Columbia",2018-03-01,636144,349251,382336
"British Columbia",2018-04-01,637372,349628,382697
"British Columbia",2018-05-01,638636,350001,383054
"British Columbia",2018-06-01,639937,350372,383408
"British Columbia",2018-07-01,641280,350740,383760
"British Columbia",2018-08-01,642668,351104,384110
"British Columbia",2018-09-01,644103,351463,384458
"British Columbia",2018-10-01,645589,351817,384804
"British Columbia",2018-11-01,647128,352165,385149
"British Columbia",2018-12-01,648723,352506,385491
"British Columbia",2019-01-01,650377,352839,385832
"British Columbia",2019-02-01,652093,353164,386170
"British Columbia",2019-03-01,653872,353480,386506
"British Columbia",2019-04-01,655719,353787,386841
"British Columbia",2019-05-01,657636,354083,387173
"British Columbia",2019-06-01,659625,354367,387502
"British Columbia",2019-07-01,661690,354640,387830
"British Columbia",2019-08-01,663833,354900,388155
"British Columbia",2019-09-01,666057,355146,388478
"British Columbia",2019-10-01,668364,355379,388798
"British Columbia",2019-11-01,670758,355596,389116
"British Columbia",2019-12-01,673241,355797,389432
"British Columbia",2020-01-01,675816,355983,389745
"British Columbia",2020-02-01,678486,356150,390055
"British Columbia",2020-03-01,681253,356300,390363
"British Columbia",2020-04-01,684121,356432,390668
"British Columbia",2020-05-01,687091,356544,390970
"British Columbia",2020-06-01,690168,356636,391270
"British Columbia",2020-07-01,693353,356707,391566
"British Columbia",2020-08-01,696649,356756,391860
"British Columbia",2020-09-01,700059,356783,392151
"British Columbia",2020-10-01,703587,356787,392439
"British Columbia",2020-11-01,707234,356767,392724
"British Columbia",2020-12-01,711003,356722,393006
"British Columbia",2021-01-01,714897,356653,393284
"British Columbia",2021-02-01,718920,356557,393560
"British Columbia",2021-03-01,723073,356434,393832
"British Columbia",2021-04-01,727360,356284,394102
"British Columbia",2021-05-01,731783,356105,394367
"British Columbia",2021-06-01,736344,355897,394630
"British Columbia",2021-07-01,741048,355660,394889
"British Columbia",2021-08-01,745896,355392,395145
"British Columbia",2021-09-01,750892,355093,395397
"British Columbia",2021-10-01,756037,354762,395646
"British Columbia",2021-11-01,761335,354398,395891
"British Columbia",2021-12-01,766789,354001,396132
"Calgary",2013-01-01,143373,93938,124060
"Calgary",2013-02-01,144569,94117,124313
"Calgary",2013-03-01,145682,94301,124570
"Calgary",2013-04-01,146717,94491,124832
"Calgary",2013-05-01,147675,94686,125097
"Calgary",2013-06-01,148558,94886,125367
"Calgary",2013-07-01,149370,95090,125640
"Calgary",2013-08-01,150113,95298,125916
"Calgary",2013-09-01,150790,95509,126196
"Calgary",2013-10-01,151402,95723,126479
"Calgary",2013-11-01,151954,95939,126764
"Calgary",2013-12-01,152447,96158,127051
"Calgary",2014-01-01,152885,96377,127341
"Calgary",2014-02-01,153268,96598,127632
"Calgary",2014-03-01,153602,96819,127926
"Calgary",2014-04-01,153887,97040,128220
"Calgary",2014-05-01,154127,97261,128516
"Calgary",2014-06-01,154323,97481,128813
"Calgary",2014-07-01,154480,97700,129110
"Calgary",2014-08-01,154599,97917,129408
"Calgary",2014-09-01,154683,98131,129705
"Calgary",2014-10-01,154734,98341,130002
"Calgary",2014-11-01,154756,98547,130298
"Calgary",2014-12-01,154751,98748,130591
"Calgary",2015-01-01,154722,98942,130882
"Calgary",2015-02-01,154670,99129,131170
"Calgary",2015-03-01,154600,99307,131454
"Calgary",2015-04-01,154513,99476,131733
"Calgary",2015-05-01,154412,99636,132008
"Calgary",2015-06-01,154300,99784,132277
"Calgary",2015-07-01,154180,99920,132540
"Calgary",2015-08-01,154054,100044,132796
"Calgary",2015-09-01,153924,100156,133047
"Calgary",2015-10-01,153793,100258,133294
"Calgary",2015-11-01,153664,100352,133537
"Calgary",2015-12-01,153539,100438,133778
"Calgary",2016-01-01,153420,100518,134018
"Calgary",2016-02-01,153310,100594,134259
"Calgary",2016-03-01,153212,100666,134501
"Calgary",2016-04-01,153127,100736,134746
"Calgary",2016-05-01,153059,100806,134995
"Calgary",2016-06-01,153009,100877,135249
"Calgary",2016-07-01,152980,100950,135510
"Calgary",2016-08-01,152974,101026,135778
"Calgary",2016-09-01,152989,101107,136052
"Calgary",2016-10-01,153024,101192,136333
"Calgary",2016-11-01,153074,101281,136618
"Calgary",2016-12-01,153139,101375,136908
"Calgary",2017-01-01,153216,101474,137201
"Calgary",2017-02-01,153302,101580,137497
"Calgary",2017-03-01,153395,101691,137795
"Calgary",2017-04-01,153492,101808,138094
"Calgary",2017-05-01,153592,101931,138394
"Calgary",2017-06-01,153692,102062,138693
"Calgary",2017-07-01,153790,102200,138990
"Calgary",2017-08-01,153883,102345,139286
"Calgary",2017-09-01,153974,102497,139579
"Calgary",2017-10-01,154064,102654,139871
"Calgary",2017-11-01,154154,102816,140162
"Calgary",2017-12-01,154248,102980,140452
"Calgary",2018-01-01,154346,103148,140741
"Calgary",2018-02-01,154451,103316,141030
"Calgary",2018-03-01,154564,103485,141319
"Calgary",2018-04-01,154687,103652,141608
"Calgary",2018-05-01,154823,103818,141898
"Calgary",2018-06-01,154974,103981,142188
"Calgary",2018-07-01,155140,104140,142480
"Calgary",2018-08-01,155324,104294,142773
"Calgary",2018-09-01,155528,104442,143067
"Calgary",2018-10-01,155751,104583,143363
"Calgary",2018-11-01,155996,104717,143661
"Calgary",2018-12-01,156262,104843,143960
"Calgary",2019-01-01,156552,104960,144261
"Calgary",2019-02-01,156867,105067,144564
"Calgary",2019-03-01,157207,105164,144869
"Calgary",2019-04-01,157573,105249,145176
"Calgary",2019-05-01,157966,105323,145485
"Calgary",2019-06-01,158388,105383,145797
"Calgary",2019-07-01,158840,105430,146110
"Calgary",2019-08-01,159322,105463,146426
"Calgary",2019-09-01,159836,105480,146744
"Calgary",2019-10-01,160383,105481,147065
"Calgary",2019-11-01,160963,105466,147388
"Calgary",2019-12-01,161578,105434,147713
"Calgary",2020-01-01,162229,105383,148042
"Calgary",2020-02-01,162917,105313,148373
"Calgary",2020-03-01,163643,105223,148707
"Calgary",2020-04-01,164407,105113,149044
"Calgary",2020-05-01,165212,104981,149384
"Calgary",2020-06-01,166058,104827,149727
"Calgary",2020-07-01,166946,104651,150073
"Calgary",2020-08-01,167877,104450,150423
"Calgary",2020-09-01,168852,104225,150776
"Calgary",2020-10-01,169873,103975,151132
"Calgary",2020-11-01,170939,103699,151491
"Calgary",2020-12-01,172054,103396,151854
"Calgary",2021-01-01,173216,103066,152221
"Calgary",2021-02-01,174428,102707,152591
"Calgary",2021-03-01,175691,102320,152965
"Calgary",2021-04-01,177005,101902,153343
"Calgary",2021-05-01,178372,101453,153725
"Calgary",2021-06-01,179792,100974,154111
"Calgary",2021-07-01,181267,100462,154500
"Calgary",2021-08-01,182798,99917,154894
"Calgary",2021-09-01,184385,99338,155292
"Calgary",2021-10-01,186031,98725,155695
"Calgary",2021-11-01,187735,98076,156102
"Calgary",2021-12-01,189499,97392,156513
"Edmonton",2013-01-01,136731,89196,113055
"Edmonton",2013-02-01,137819,89320,113205
"Edmonton",2013-03-01,138846,89452,113373
"Edmonton",2013-04-01,139814,89593,113560
"Edmonton",2013-05-01,140725,89742,113764
"Edmonton",2013-06-01,141580,89898,113984
"Edmonton",2013-07-01,142380,90060,114220
"Edmonton",2013-08-01,143128,90228,114470
"Edmonton",2013-09-01,143824,90403,114735
"Edmonton",2013-10-01,144471,90582,115012
"Edmonton",2013-11-01,145070,90765,115301
"Edmonton",2013-12-01,145622,90953,115602
"Edmonton",2014-01-01,146130,91145,115913
"Edmonton",2014-02-01,146594,91339,116233
"Edmonton",2014-03-01,147017,91536,116563
"Edmonton",2014-04-01,147399,91735,116900
"Edmonton",2014-05-01,147742,91936,117244
"Edmonton",2014-06-01,148049,92138,117594
"Edmonton",2014-07-01,148320,92340,117950
"Edmonton",2014-08-01,148557,92542,118310
"Edmonton",2014-09-01,148761,92743,118673
"Edmonton",2014-10-01,148933,92941,119036
"Edmonton",2014-11-01,149073,93135,119399
"Edmonton",2014-12-01,149184,93324,119759
"Edmonton",2015-01-01,149264,93507,120115
"Edmonton",2015-02-01,149317,93681,120465
"Edmonton",2015-03-01,149341,93847,120807
"Edmonton",2015-04-01,149339,94001,121139
"Edmonton",2015-05-01,149311,94145,121460
"Edmonton",2015-06-01,149257,94274,121767
"Edmonton",2015-07-01,149180,94390,122060
"Edmonton",2015-08-01,149080,94490,122337
"Edmonton",2015-09-01,148961,94578,122600
"Edmonton",2015-10-01,148827,94655,122852
"Edmonton",2015-11-01,148683,94724,123095
"Edmonton",2015-12-01,148533,94789,123333
"Edmonton",2016-01-01,148381,94851,123569
"Edmonton",2016-02-01,148231,94914,123804
"Edmonton",2016-03-01,148089,94980,124042
"Edmonton",2016-04-01,147957,95052,124286
"Edmonton",2016-05-01,147840,95132,124539
"Edmonton",2016-06-01,147743,95224,124802
"Edmonton",2016-07-01,147670,95330,125080
"Edmonton",2016-08-01,147624,95452,125374
"Edmonton",2016-09-01,147603,95588,125682
"Edmonton",2016-10-01,147603,95736,126003
"Edmonton",2016-11-01,147623,95893,126334
"Edmonton",2016-12-01,147658,96056,126672
"Edmonton",2017-01-01,147705,96224,127017
"Edmonton",2017-02-01,147763,96394,127365
"Edmonton",2017-03-01,147826,96563,127714
"Edmonton",2017-04-01,147892,96728,128063
"Edmonton",2017-05-01,147959,96888,128408
"Edmonton",2017-06-01,148023,97039,128748
"Edmonton",2017-07-01,148080,97180,129080
"Edmonton",2017-08-01,148129,97308,129403
"Edmonton",2017-09-01,148171,97424,129717
"Edmonton",2017-10-01,148207,97530,130022
"Edmonton",2017-11-01,148241,97626,130320
"Edmonton",2017-12-01,148274,97715,130612
"Edmonton",2018-01-01,148309,97798,130897
"Edmonton",2018-02-01,148346,97877,131177
"Edmonton",2018-03-01,148389,97952,131453
"Edmonton",2018-04-01,148440,98025,131726
"Edmonton",2018-05-01,148501,98099,131996
"Edmonton",2018-06-01,148573,98173,132263
"Edmonton",2018-07-01,148660,98250,132530
"Edmonton",2018-08-01,148762,98331,132796
"Edmonton",2018-09-01,148882,98417,133062
"Edmonton",2018-10-01,149020,98508,133328
"Edmonton",2018-11-01,149177,98605,133594
"Edmonton",2018-12-01,149355,98709,133860
"Edmonton",2019-01-01,149554,98820,134127
"Edmonton",2019-02-01,149776,98940,134395
"Edmonton",2019-03-01,150021,99068,134663
"Edmonton",2019-04-01,150291,99205,134933
"Edmonton",2019-05-01,150587,99352,135204
"Edmonton",2019-06-01,150910,99511,135476
"Edmonton",2019-07-01,151260,99680,135750
"Edmonton",2019-08-01,151639,99861,136026
"Edmonton",2019-09-01,152049,100056,136304
"Edmonton",2019-10-01,152490,100263,136584
"Edmonton",2019-11-01,152962,100484,136866
"Edmonton",2019-12-01,153468,100720,137151
"Edmonton",2020-01-01,154009,100972,137439
"Edmonton",2020-02-01,154584,101239,137729
"Edmonton",2020-03-01,155197,101523,138023
"Edmonton",2020-04-01,155846,101824,138320
"Edmonton",2020-05-01,156535,102143,138621
"Edmonton",2020-06-01,157263,102481,138925
"Edmonton",2020-07-01,158032,102838,139233
"Edmonton",2020-08-01,158842,103215,139546
"Edmonton",2020-09-01,159696,103612,139862
"Edmonton",2020-10-01,160593,104031,140183
"Edmonton",2020-11-01,161536,104472,140508
"Edmonton",2020-12-01,162524,104935,140839
"Edmonton",2021-01-01,163560,105421,141174
"Edmonton",2021-02-01,164644,105932,141514
"Edmonton",2021-03-01,165777,106466,141860
"Edmonton",2021-04-01,166961,107026,142211
"Edmonton",2021-05-01,168196,107612,142568
"Edmonton",2021-06-01,169484,108224,142931
"Edmonton",2021-07-01,170825,108864,143300
"Edmonton",2021-08-01,172221,109531,143675
"Edmonton",2021-09-01,173672,110227,144057
"Edmonton",2021-10-01,175181,110952,144446
"Edmonton",2021-11-01,176747,111707,144841
"Edmonton",2021-12-01,178373,112492,145243
"Sudbury",2013-01-01,18976,13204,13182
"Sudbury",2013-02-01,19099,13177,13235
"Sudbury",2013-03-01,19210,13149,13282
"Sudbury",2013-04-01,19309,13122,13323
"Sudbury",2013-05-01,19397,13094,13357
"Sudbury",2013-06-01,19473,13067,13386
"Sudbury",2013-07-01,19540,13040,13410
"Sudbury",2013-08-01,19597,13013,13429
"Sudbury",2013-09-01,19645,12987,13443
"Sudbury",2013-10-01,19684,12961,13452
"Sudbury",2013-11-01,19715,12936,13458
"Sudbury",2013-12-01,19740,12911,13460
"Sudbury",2014-01-01,19757,12887,13458
"Sudbury",2014-02-01,19768,12864,13453
"Sudbury",2014-03-01,19773,12841,13445
"Sudbury",2014-04-01,19774,12819,13434
"Sudbury",2014-05-01,19769,12798,13421
"Sudbury",2014-06-01,19761,12779,13407
"Sudbury",2014-07-01,19750,12760,13390
"Sudbury",2014-08-01,19736,12742,13372
"Sudbury",2014-09-01,19720,12726,13353
"Sudbury",2014-10-01,19704,12712,13334
"Sudbury",2014-11-01,19689,12700,13316
"Sudbury",2014-12-01,19676,12690,13298
"Sudbury",2015-01-01,19666,12682,13282
"Sudbury",2015-02-01,19660,12678,13268
"Sudbury",2015-03-01,19660,12677,13257
"Sudbury",2015-04-01,19667,12679,13249
"Sudbury",2015-05-01,19682,12685,13244
"Sudbury",2015-06-01,19706,12695,13245
"Sudbury",2015-07-01,19740,12710,13250
"Sudbury",2015-08-01,19785,12729,13261
"Sudbury",2015-09-01,19840,12752,13276
"Sudbury",2015-10-01,19903,12778,13296
"Sudbury",2015-11-01,19972,12806,13318
"Sudbury",2015-12-01,20044,12836,13343
"Sudbury",2016-01-01,20119,12866,13369
"Sudbury",2016-02-01,20193,12896,13396
"Sudbury",2016-03-01,20266,12924,13423
"Sudbury",2016-04-01,20335,12951,13448
"Sudbury",2016-05-01,20398,12975,13472
"Sudbury",2016-06-01,20454,12995,13493
"Sudbury",2016-07-01,20500,13010,13510
"Sudbury",2016-08-01,20535,13020,13523
"Sudbury",2016-09-01,20560,13026,13532
"Sudbury",2016-10-01,20575,13027,13538
"Sudbury",2016-11-01,20583,13024,13541
"Sudbury",2016-12-01,20583,13018,13541
"Sudbury",2017-01-01,20577,13010,13539
"Sudbury",2017-02-01,20567,12999,13535
"Sudbury",2017-03-01,20553,12986,13531
"Sudbury",2017-04-01,20536,12972,13525
"Sudbury",2017-05-01,20517,12958,13520
"Sudbury",2017-06-01,20498,12944,13515
"Sudbury",2017-07-01,20480,12930,13510
"Sudbury",2017-08-01,20463,12917,13506
"Sudbury",2017-09-01,20448,12905,13504
"Sudbury",2017-10-01,20435,12894,13502
"Sudbury",2017-11-01,20424,12883,13501
"Sudbury",2017-12-01,20415,12873,13500
"Sudbury",2018-01-01,20407,12863,13500
"Sudbury",2018-02-01,20401,12854,13499
"Sudbury",2018-03-01,20397,12845,13499
"Sudbury",2018-04-01,20395,12836,13498
"Sudbury",2018-05-01,20395,12828,13496
"Sudbury",2018-06-01,20396,12819,13493
"Sudbury",2018-07-01,20400,12810,13490
"Sudbury",2018-08-01,20406,12801,13485
"Sudbury",2018-09-01,20413,12791,13480
"Sudbury",2018-10-01,20423,12782,13473
"Sudbury",2018-11-01,20436,12772,13464
"Sudbury",2018-12-01,20452,12762,13454
"Sudbury",2019-01-01,20470,12752,13443
"Sudbury",2019-02-01,20492,12742,13430
"Sudbury",2019-03-01,20518,12732,13415
"Sudbury",2019-04-01,20547,12721,13399
"Sudbury",2019-05-01,20580,12711,13381
"Sudbury",2019-06-01,20618,12700,13362
"Sudbury",2019-07-01,20660,12690,13340
"Sudbury",2019-08-01,20707,12680,13316
"Sudbury",2019-09-01,20758,12669,13291
"Sudbury",2019-10-01,20815,12659,13263
"Sudbury",2019-11-01,20877,12649,13234
"Sudbury",2019-12-01,20945,12639,13202
"Sudbury",2020-01-01,21019,12629,13168
"Sudbury",2020-02-01,21099,12619,13131
"Sudbury",2020-03-01,21185,12609,13092
"Sudbury",2020-04-01,21278,12600,13051
"Sudbury",2020-05-01,21377,12591,13007
"Sudbury",2020-06-01,21484,12582,12961
"Sudbury",2020-07-01,21597,12573,12912
"Sudbury",2020-08-01,21719,12565,12860
"Sudbury",2020-09-01,21848,12557,12806
"Sudbury",2020-10-01,21984,12549,12748
"Sudbury",2020-11-01,22129,12542,12688
"Sudbury",2020-12-01,22283,12535,12625
"Sudbury",2021-01-01,22445,12529,12559
"Sudbury",2021-02-01,22616,12523,12490
"Sudbury",2021-03-01,22796,12517,12418
"Sudbury",2021-04-01,22986,12512,12342
"Sudbury",2021-05-01,23185,12508,12263
"Sudbury",2021-06-01,23393,12504,12181
"Sudbury",2021-07-01,23612,12500,12096
"Sudbury",2021-08-01,23841,12497,12007
"Sudbury",2021-09-01,24081,12495,11914
"Sudbury",2021-10-01,24331,12493,11818
"Sudbury",2021-11-01,24592,12492,11718
"Sudbury",2021-12-01,24865,12492,11615
"Guelph",2013-01-01,16164,10928,13863
"Guelph",2013-02-01,16170,10932,13904
"Guelph",2013-03-01,16178,10936,13941
"Guelph",2013-04-01,16188,10940,13975
"Guelph",2013-05-01,16200,10943,14006
"Guelph",2013-06-01,16214,10947,14035
"Guelph",2013-07-01,16230,10950,14060
"Guelph",2013-08-01,16248,10953,14083
"Guelph",2013-09-01,16267,10956,14103
"Guelph",2013-10-01,16288,10959,14121
"Guelph",2013-11-01,16311,10962,14137
"Guelph",2013-12-01,16335,10965,14151
"Guelph",2014-01-01,16361,10968,14164
"Guelph",2014-02-01,16388,10971,14174
"Guelph",2014-03-01,16416,10975,14184
"Guelph",2014-04-01,16446,10978,14192
"Guelph",2014-05-01,16476,10982,14199
"Guelph",2014-06-01,16508,10986,14205
"Guelph",2014-07-01,16540,10990,14210
"Guelph",2014-08-01,16573,10994,14215
"Guelph",2014-09-01,16607,10999,14219
"Guelph",2014-10-01,16642,11005,14224
"Guelph",2014-11-01,16678,11011,14229
"Guelph",2014-12-01,16714,11019,14235
"Guelph",2015-01-01,16752,11027,14242
"Guelph",2015-02-01,16789,11037,14251
"Guelph",2015-03-01,16828,11048,14261
"Guelph",2015-04-01,16868,11061,14274
"Guelph",2015-05-01,16908,11075,14290
"Guelph",2015-06-01,16949,11092,14308
"Guelph",2015-07-01,16990,11110,14330
"Guelph",2015-08-01,17032,11131,14355
"Guelph",2015-09-01,17074,11153,14384
"Guelph",2015-10-01,17117,11177,14415
"Guelph",2015-11-01,17159,11201,14448
"Guelph",2015-12-01,17200,11226,14482
"Guelph",2016-01-01,17240,11251,14517
"Guelph",2016-02-01,17279,11275,14552
"Guelph",2016-03-01,17316,11298,14587
"Guelph",2016-04-01,17351,11319,14621
"Guelph",2016-05-01,17384,11339,14653
"Guelph",2016-06-01,17413,11356,14683
"Guelph",2016-07-01,17440,11370,14710
"Guelph",2016-08-01,17463,11381,14734
"Guelph",2016-09-01,17483,11389,14755
"Guelph",2016-10-01,17501,11394,14773
"Guelph",2016-11-01,17516,11396,14790
"Guelph",2016-12-01,17529,11397,14805
"Guelph",2017-01-01,17541,11396,14819
"Guelph",2017-02-01,17551,11394,14833
"Guelph",2017-03-01,17561,11392,14846
"Guelph",2017-04-01,17570,11388,14860
"Guelph",2017-05-01,17580,11385,14875
"Guelph",2017-06-01,17589,11382,14892
"Guelph",2017-07-01,17600,11380,14910
"Guelph",2017-08-01,17612,11379,14931
"Guelph",2017-09-01,17624,11378,14953
"Guelph",2017-10-01,17639,11379,14978
"Guelph",2017-11-01,17654,11380,15004
"Guelph",2017-12-01,17671,11383,15031
"Guelph",2018-01-01,17689,11385,15059
"Guelph",2018-02-01,17708,11389,15088
"Guelph",2018-03-01,17730,11392,15117
"Guelph",2018-04-01,17752,11396,15146
"Guelph",2018-05-01,17777,11401,15175
"Guelph",2018-06-01,17802,11405,15203
"Guelph",2018-07-01,17830,11410,15230
"Guelph",2018-08-01,17859,11415,15256
"Guelph",2018-09-01,17891,11419,15281
"Guelph",2018-10-01,17924,11424,15304
"Guelph",2018-11-01,17959,11429,15325
"Guelph",2018-12-01,17996,11434,15345
"Guelph",2019-01-01,18036,11439,15363
"Guelph",2019-02-01,18078,11444,15378
"Guelph",2019-03-01,18123,11449,15392
"Guelph",2019-04-01,18171,11454,15403
"Guelph",2019-05-01,18221,11459,15411
"Guelph",2019-06-01,18274,11465,15417
"Guelph",2019-07-01,18330,11470,15420
"Guelph",2019-08-01,18389,11475,15420
"Guelph",2019-09-01,18452,11481,15417
"Guelph",2019-10-01,18518,11487,15411
"Guelph",2019-11-01,18587,11493,15401
"Guelph",2019-12-01,18660,11498,15388
"Guelph",2020-01-01,18736,11504,15371
"Guelph",2020-02-01,18817,11511,15350
"Guelph",2020-03-01,18901,11517,15326
"Guelph",2020-04-01,18990,11523,15297
"Guelph",2020-05-01,19082,11530,15264
"Guelph",2020-06-01,19179,11537,15227
"Guelph",2020-07-01,19280,11543,15185
"Guelph",2020-08-01,19386,11551,15138
"Guelph",2020-09-01,19497,11558,15087
"Guelph",2020-10-01,19612,11565,15030
"Guelph",2020-11-01,19732,11573,14969
"Guelph",2020-12-01,19857,11580,14902
"Guelph",2021-01-01,19987,11588,14830
"Guelph",2021-02-01,20123,11597,14752
"Guelph",2021-03-01,20263,11605,14668
"Guelph",2021-04-01,20409,11613,14579
"Guelph",2021-05-01,20561,11622,14483
"Guelph",2021-06-01,20718,11631,14382
"Guelph",2021-07-01,20881,11640,14274
"Guelph",2021-08-01,21051,11650,14160
"Guelph",2021-09-01,21226,11660,14039
"Guelph",2021-10-01,21407,11670,13912
"Guelph",2021-11-01,21594,11680,13777
"Guelph",2021-12-01,21788,11690,13636
"Hamilton",2013-01-01,76626,55985,67743
"Hamilton",2013-02-01,76810,56057,67955
"Hamilton",2013-03-01,76986,56122,68146
"Hamilton",2013-04-01,77153,56179,68314
"Hamilton",2013-05-01,77313,56229,68462
"Hamilton",2013-06-01,77465,56273,68590
"Hamilton",2013-07-01,77610,56310,68700
"Hamilton",2013-08-01,77748,56342,68792
"Hamilton",2013-09-01,77879,56367,68868
"Hamilton",2013-10-01,78004,56388,68929
"Hamilton",2013-11-01,78123,56404,68975
"Hamilton",2013-12-01,78236,56416,69007
"Hamilton",2014-01-01,78344,56423,69028
"Hamilton",2014-02-01,78446,56427,69037
"Hamilton",2014-03-01,78544,56427,69036
"Hamilton",2014-04-01,78636,56424,69026
"Hamilton",2014-05-01,78725,56418,69007
"Hamilton",2014-06-01,78809,56410,68982
"Hamilton",2014-07-01,78890,56400,68950
"Hamilton",2014-08-01,78967,56388,68913
"Hamilton",2014-09-01,79041,56376,68874
"Hamilton",2014-10-01,79112,56362,68833
"Hamilton",2014-11-01,79180,56349,68793
"Hamilton",2014-12-01,79246,56336,68755
"Hamilton",2015-01-01,79310,56325,68722
"Hamilton",2015-02-01,79372,56315,68696
"Hamilton",2015-03-01,79432,56307,68678
"Hamilton",2015-04-01,79490,56302,68671
"Hamilton",2015-05-01,79548,56301,68676
"Hamilton",2015-06-01,79604,56303,68695
"Hamilton",2015-07-01,79660,56310,68730
"Hamilton",2015-08-01,79716,56322,68783
"Hamilton",2015-09-01,79771,56338,68851
"Hamilton",2015-10-01,79827,56358,68932
"Hamilton",2015-11-01,79884,56382,69024
"Hamilton",2015-12-01,79942,56410,69124
"Hamilton",2016-01-01,80002,56439,69229
"Hamilton",2016-02-01,80064,56472,69337
"Hamilton",2016-03-01,80128,56506,69445
"Hamilton",2016-04-01,80196,56541,69551
"Hamilton",2016-05-01,80266,56577,69652
"Hamilton",2016-06-01,80341,56614,69746
"Hamilton",2016-07-01,80420,56650,69830
"Hamilton",2016-08-01,80503,56686,69902
"Hamilton",2016-09-01,80590,56721,69964
"Hamilton",2016-10-01,80681,56755,70016
"Hamilton",2016-11-01,80773,56788,70062
"Hamilton",2016-12-01,80866,56819,70102
"Hamilton",2017-01-01,80961,56848,70138
"Hamilton",2017-02-01,81054,56874,70171
"Hamilton",2017-03-01,81147,56898,70205
"Hamilton",2017-04-01,81238,56919,70240
"Hamilton",2017-05-01,81326,56936,70278
"Hamilton",2017-06-01,81410,56950,70321
"Hamilton",2017-07-01,81490,56960,70370
"Hamilton",2017-08-01,81565,56966,70427
"Hamilton",2017-09-01,81636,56968,70492
"Hamilton",2017-10-01,81704,56968,70562
"Hamilton",2017-11-01,81769,56966,70638
"Hamilton",2017-12-01,81834,56962,70718
"Hamilton",2018-01-01,81900,56958,70801
"Hamilton",2018-02-01,81966,56954,70886
"Hamilton",2018-03-01,82036,56950,70973
"Hamilton",2018-04-01,82109,56949,71060
"Hamilton",2018-05-01,82186,56949,71145
"Hamilton",2018-06-01,82270,56953,71229
"Hamilton",2018-07-01,82360,56960,71310
"Hamilton",2018-08-01,82458,56972,71387
"Hamilton",2018-09-01,82566,56988,71460
"Hamilton",2018-10-01,82682,57010,71527
"Hamilton",2018-11-01,82809,57038,71590
"Hamilton",2018-12-01,82947,57073,71646
"Hamilton",2019-01-01,83097,57114,71697
"Hamilton",2019-02-01,83259,57164,71740
"Hamilton",2019-03-01,83434,57221,71776
"Hamilton",2019-04-01,83623,57286,71805
"Hamilton",2019-05-01,83826,57361,71825
"Hamilton",2019-06-01,84045,57446,71837
"Hamilton",2019-07-01,84280,57540,71840
"Hamilton",2019-08-01,84532,57645,71833
"Hamilton",2019-09-01,84801,57761,71816
"Hamilton",2019-10-01,85088,57889,71789
"Hamilton",2019-11-01,85394,58029,71750
"Hamilton",2019-12-01,85720,58182,71701
"Hamilton",2020-01-01,86066,58348,71639
"Hamilton",2020-02-01,86433,58527,71565
"Hamilton",2020-03-01,86823,58721,71478
"Hamilton",2020-04-01,87234,58930,71378
"Hamilton",2020-05-01,87669,59154,71263
"Hamilton",2020-06-01,88128,59393,71135
"Hamilton",2020-07-01,88612,59649,70992
"Hamilton",2020-08-01,89121,59922,70834
"Hamilton",2020-09-01,89656,60212,70660
"Hamilton",2020-10-01,90218,60520,70470
"Hamilton",2020-11-01,90807,60846,70263
"Hamilton",2020-12-01,91425,61191,70040
"Hamilton",2021-01-01,92072,61555,69798
"Hamilton",2021-02-01,92749,61940,69539
"Hamilton",2021-03-01,93456,62345,69261
"Hamilton",2021-04-01,94195,62770,68965
"Hamilton",2021-05-01,94965,63217,68649
"Hamilton",2021-06-01,95768,63686,68313
"Hamilton",2021-07-01,96605,64178,67956
"Hamilton",2021-08-01,97475,64692,67579
"Hamilton",2021-09-01,98380,65230,67181
"Hamilton",2021-10-01,99321,65792,66761
"Hamilton",2021-11-01,100299,66379,66318
"Hamilton",2021-12-01,101313,66990,65853
"Kelowna",2013-01-01,26326,12941,13852
"Kelowna",2013-02-01,26501,12857,13882
"Kelowna",2013-03-01,26670,12784,13911
"Kelowna",2013-04-01,26832,12719,13940
"Kelowna",2013-05-01,26987,12664,13967
"Kelowna",2013-06-01,27137,12618,13994
"Kelowna",2013-07-01,27280,12580,14020
"Kelowna",2013-08-01,27418,12550,14045
"Kelowna",2013-09-01,27550,12528,14070
"Kelowna",2013-10-01,27676,12512,14094
"Kelowna",2013-11-01,27798,12504,14118
"Kelowna",2013-12-01,27914,12501,14141
"Kelowna",2014-01-01,28026,12505,14163
"Kelowna",2014-02-01,28133,12514,14185
"Kelowna",2014-03-01,28236,12529,14207
"Kelowna",2014-04-01,28335,12548,14228
"Kelowna",2014-05-01,28430,12571,14249
"Kelowna",2014-06-01,28522,12599,14270
"Kelowna",2014-07-01,28610,12630,14290
"Kelowna",2014-08-01,28695,12664,14310
"Kelowna",2014-09-01,28777,12701,14330
"Kelowna",2014-10-01,28856,12739,14349
"Kelowna",2014-11-01,28933,12779,14368
"Kelowna",2014-12-01,29009,12819,14387
"Kelowna",2015-01-01,29082,12859,14406
"Kelowna",2015-02-01,29155,12898,14424
"Kelowna",2015-03-01,29226,12936,14442
"Kelowna",2015-04-01,29297,12972,14459
"Kelowna",2015-05-01,29368,13005,14477
"Kelowna",2015-06-01,29439,13035,14494
"Kelowna",2015-07-01,29510,13060,14510
"Kelowna",2015-08-01,29582,13081,14526
"Kelowna",2015-09-01,29654,13098,14542
"Kelowna",2015-10-01,29727,13111,14558
"Kelowna",2015-11-01,29799,13122,14574
"Kelowna",2015-12-01,29871,13130,14591
"Kelowna",2016-01-01,29943,13137,14609
"Kelowna",2016-02-01,30014,13143,14627
"Kelowna",2016-03-01,30084,13148,14647
"Kelowna",2016-04-01,30153,13154,14667
"Kelowna",2016-05-01,30220,13161,14690
"Kelowna",2016-06-01,30286,13169,14714
"Kelowna",2016-07-01,30350,13180,14740
"Kelowna",2016-08-01,30412,13193,14768
"Kelowna",2016-09-01,30471,13209,14798
"Kelowna",2016-10-01,30528,13227,14830
"Kelowna",2016-11-01,30582,13247,14862
"Kelowna",2016-12-01,30633,13268,14896
"Kelowna",2017-01-01,30681,13291,14930
"Kelowna",2017-02-01,30725,13314,14963
"Kelowna",2017-03-01,30766,13338,14997
"Kelowna",2017-04-01,30803,13362,15030
"Kelowna",2017-05-01,30836,13385,15061
"Kelowna",2017-06-01,30865,13408,15092
"Kelowna",2017-07-01,30890,13430,15120
"Kelowna",2017-08-01,30910,13451,15146
"Kelowna",2017-09-01,30927,13470,15171
"Kelowna",2017-10-01,30941,13489,15194
"Kelowna",2017-11-01,30952,13507,15215
"Kelowna",2017-12-01,30963,13525,15234
"Kelowna",2018-01-01,30973,13542,15253
"Kelowna",2018-02-01,30985,13559,15271
"Kelowna",2018-03-01,30997,13577,15287
"Kelowna",2018-04-01,31012,13594,15303
"Kelowna",2018-05-01,31030,13612,15319
"Kelowna",2018-06-01,31053,13631,15335
"Kelowna",2018-07-01,31080,13650,15350
"Kelowna",2018-08-01,31113,13670,15366
"Kelowna",2018-09-01,31153,13692,15381
"Kelowna",2018-10-01,31199,13715,15397
"Kelowna",2018-11-01,31254,13739,15414
"Kelowna",2018-12-01,31317,13765,15431
"Kelowna",2019-01-01,31389,13792,15449
"Kelowna",2019-02-01,31471,13820,15467
"Kelowna",2019-03-01,31563,13851,15486
"Kelowna",2019-04-01,31667,13883,15505
"Kelowna",2019-05-01,31782,13916,15526
"Kelowna",2019-06-01,31909,13952,15547
"Kelowna",2019-07-01,32050,13990,15570
"Kelowna",2019-08-01,32204,14030,15594
"Kelowna",2019-09-01,32373,14072,15619
"Kelowna",2019-10-01,32556,14116,15645
"Kelowna",2019-11-01,32756,14163,15672
"Kelowna",2019-12-01,32971,14212,15701
"Kelowna",2020-01-01,33204,14264,15732
"Kelowna",2020-02-01,33454,14318,15764
"Kelowna",2020-03-01,33722,14375,15798
"Kelowna",2020-04-01,34009,14434,15834
"Kelowna",2020-05-01,34316,14497,15871
"Kelowna",2020-06-01,34643,14563,15910
"Kelowna",2020-07-01,34991,14631,15952
"Kelowna",2020-08-01,35361,14703,15995
"Kelowna",2020-09-01,35753,14778,16041
"Kelowna",2020-10-01,36167,14856,16089
"Kelowna",2020-11-01,36605,14938,16139
"Kelowna",2020-12-01,37068,15023,16192
"Kelowna",2021-01-01,37555,15112,16247
"Kelowna",2021-02-01,38067,15204,16305
"Kelowna",2021-03-01,38606,15300,16366
"Kelowna",2021-04-01,39171,15400,16429
"Kelowna",2021-05-01,39764,15504,16495
"Kelowna",2021-06-01,40385,15612,16564
"Kelowna",2021-07-01,41034,15723,16636
"Kelowna",2021-08-01,41714,15840,16711
"Kelowna",2021-09-01,42423,15960,16789
"Kelowna",2021-10-01,43162,16085,16870
"Kelowna",2021-11-01,43933,16214,16955
"Kelowna",2021-12-01,44736,16347,17043
"Kitchener",2013-01-01,50914,36533,46498
"Kitchener",2013-02-01,51206,36656,46663
"Kitchener",2013-03-01,51472,36765,46808
"Kitchener",2013-04-01,51714,36861,46935
"Kitchener",2013-05-01,51933,36945,47046
"Kitchener",2013-06-01,52132,37018,47140
"Kitchener",2013-07-01,52310,37080,47220
"Kitchener",2013-08-01,52470,37132,47286
"Kitchener",2013-09-01,52612,37175,47340
"Kitchener",2013-10-01,52738,37209,47382
"Kitchener",2013-11-01,52850,37236,47414
"Kitchener",2013-12-01,52948,37255,47437
"Kitchener",2014-01-01,53034,37268,47452
"Kitchener",2014-02-01,53109,37275,47459
"Kitchener",2014-03-01,53175,37277,47461
"Kitchener",2014-04-01,53233,37275,47458
"Kitchener",2014-05-01,53284,37269,47451
"Kitchener",2014-06-01,53329,37261,47441
"Kitchener",2014-07-01,53370,37250,47430
"Kitchener",2014-08-01,53408,37238,47419
"Kitchener",2014-09-01,53447,37226,47409
"Kitchener",2014-10-01,53489,37216,47405
"Kitchener",2014-11-01,53537,37208,47408
"Kitchener",2014-12-01,53594,37206,47420
"Kitchener",2015-01-01,53664,37209,47446
"Kitchener",2015-02-01,53749,37220,47486
"Kitchener",2015-03-01,53852,37240,47545
"Kitchener",2015-04-01,53977,37270,47624
"Kitchener",2015-05-01,54126,37313,47726
"Kitchener",2015-06-01,54303,37369,47854
"Kitchener",2015-07-01,54510,37440,48010
"Kitchener",2015-08-01,54749,37527,48196
"Kitchener",2015-09-01,55017,37628,48408
"Kitchener",2015-10-01,55306,37741,48640
"Kitchener",2015-11-01,55613,37863,48889
"Kitchener",2015-12-01,55931,37992,49148
"Kitchener",2016-01-01,56254,38126,49414
"Kitchener",2016-02-01,56578,38261,49680
"Kitchener",2016-03-01,56896,38395,49942
"Kitchener",2016-04-01,57202,38527,50195
"Kitchener",2016-05-01,57492,38653,50434
"Kitchener",2016-06-01,57760,38772,50654
"Kitchener",2016-07-01,58000,38880,50850
"Kitchener",2016-08-01,58208,38976,51018
"Kitchener",2016-09-01,58386,39060,51160
"Kitchener",2016-10-01,58538,39135,51279
"Kitchener",2016-11-01,58668,39199,51378
"Kitchener",2016-12-01,58779,39256,51460
"Kitchener",2017-01-01,58876,39306,51528
"Kitchener",2017-02-01,58961,39351,51586
"Kitchener",2017-03-01,59039,39391,51636
"Kitchener",2017-04-01,59113,39428,51681
"Kitchener",2017-05-01,59187,39462,51725
"Kitchener",2017-06-01,59265,39496,51770
"Kitchener",2017-07-01,59350,39530,51820
"Kitchener",2017-08-01,59446,39565,51877
"Kitchener",2017-09-01,59552,39602,51941
"Kitchener",2017-10-01,59668,39639,52010
"Kitchener",2017-11-01,59792,39677,52085
"Kitchener",2017-12-01,59925,39715,52164
"Kitchener",2018-01-01,60065,39753,52246
"Kitchener",2018-02-01,60211,39790,52330
"Kitchener",2018-03-01,60363,39827,52417
"Kitchener",2018-04-01,60519,39863,52504
"Kitchener",2018-05-01,60680,39897,52590
"Kitchener",2018-06-01,60844,39929,52676
"Kitchener",2018-07-01,61010,39960,52760
"Kitchener",2018-08-01,61178,39988,52841
"Kitchener",2018-09-01,61348,40014,52920
"Kitchener",2018-10-01,61519,40038,52995
"Kitchener",2018-11-01,61692,40059,53068
"Kitchener",2018-12-01,61868,40078,53137
"Kitchener",2019-01-01,62045,40094,53203
"Kitchener",2019-02-01,62225,40108,53266
"Kitchener",2019-03-01,62407,40119,53326
"Kitchener",2019-04-01,62591,40128,53382
"Kitchener",2019-05-01,62778,40135,53435
"Kitchener",2019-06-01,62968,40139,53484
"Kitchener",2019-07-01,63160,40140,53530
"Kitchener",2019-08-01,63355,40139,53572
"Kitchener",2019-09-01,63553,40135,53610
"Kitchener",2019-10-01,63754,40129,53644
"Kitchener",2019-11-01,63959,40120,53674
"Kitchener",2019-12-01,64166,40109,53701
"Kitchener",2020-01-01,64377,40094,53723
"Kitchener",2020-02-01,64592,40078,53740
"Kitchener",2020-03-01,64810,40058,53754
"Kitchener",2020-04-01,65031,40036,53763
"Kitchener",2020-05-01,65257,40011,53768
"Kitchener",2020-06-01,65486,39984,53768
"Kitchener",2020-07-01,65719,39953,53763
"Kitchener",2020-08-01,65957,39920,53754
"Kitchener",2020-09-01,66198,39885,53740
"Kitchener",2020-10-01,66444,39846,53722
"Kitchener",2020-11-01,66695,39805,53698
"Kitchener",2020-12-01,66949,39760,53669
"Kitchener",2021-01-01,67209,39713,53635
"Kitchener",2021-02-01,67473,39663,53596
"Kitchener",2021-03-01,67742,39611,53552
"Kitchener",2021-04-01,68016,39555,53502
"Kitchener",2021-05-01,68295,39496,53447
"Kitchener",2021-06-01,68579,39435,53386
"Kitchener",2021-07-01,68868,39370,53320
"Kitchener",2021-08-01,69163,39303,53248
"Kitchener",2021-09-01,69463,39232,53171
"Kitchener",2021-10-01,69768,39159,53087
"Kitchener",2021-11-01,70080,39083,52998
"Kitchener",2021-12-01,70397,39003,52903
"London",2013-01-01,53309,35768,43968
"London",2013-02-01,53344,35833,43848
"London",2013-03-01,53380,35892,43740
"London",2013-04-01,53417,35946,43644
"London",2013-05-01,53456,35996,43558
"London",2013-06-01,53497,36040,43484
"London",2013-07-01,53540,36080,43420
"London",2013-08-01,53584,36116,43366
"London",2013-09-01,53631,36147,43321
"London",2013-10-01,53679,36175,43286
"London",2013-11-01,53729,36199,43260
"London",2013-12-01,53781,36219,43242
"London",2014-01-01,53834,36236,43232
"London",2014-02-01,53890,36250,43230
"London",2014-03-01,53948,36261,43235
"London",2014-04-01,54008,36269,43247
"London",2014-05-01,54070,36275,43265
"London",2014-06-01,54134,36279,43290
"London",2014-07-01,54200,36280,43320
"London",2014-08-01,54268,36280,43356
"London",2014-09-01,54339,36277,43396
"London",2014-10-01,54411,36273,43439
"London",2014-11-01,54486,36267,43486
"London",2014-12-01,54563,36259,43535
"London",2015-01-01,54641,36250,43585
"London",2015-02-01,54722,36239,43636
"London",2015-03-01,54804,36226,43687
"London",2015-04-01,54888,36212,43736
"London",2015-05-01,54974,36196,43784
"London",2015-06-01,55061,36179,43829
"London",2015-07-01,55150,36160,43870
"London",2015-08-01,55241,36140,43907
"London",2015-09-01,55333,36119,43942
"London",2015-10-01,55428,36099,43975
"London",2015-11-01,55526,36080,44007
"London",2015-12-01,55627,36062,44040
"London",2016-01-01,55731,36048,44075
"London",2016-02-01,55839,36037,44114
"London",2016-03-01,55951,36031,44157
"London",2016-04-01,56068,36031,44205
"London",2016-05-01,56190,36036,44261
"London",2016-06-01,56317,36049,44326
"London",2016-07-01,56450,36070,44400
"London",2016-08-01,56589,36099,44485
"London",2016-09-01,56732,36136,44578
"London",2016-10-01,56880,36180,44679
"London",2016-11-01,57030,36228,44786
"London",2016-12-01,57181,36280,44897
"London",2017-01-01,57333,36335,45009
"London",2017-02-01,57483,36390,45122
"London",2017-03-01,57632,36446,45234
"London",2017-04-01,57777,36500,45342
"London",2017-05-01,57917,36551,45445
"London",2017-06-01,58052,36598,45542
"London",2017-07-01,58180,36640,45630
"London",2017-08-01,58300,36675,45708
"London",2017-09-01,58413,36705,45777
"London",2017-10-01,58519,36729,45838
"London",2017-11-01,58619,36748,45891
"London",2017-12-01,58714,36764,45938
"London",2018-01-01,58805,36775,45980
"London",2018-02-01,58892,36784,46017
"London",2018-03-01,58977,36791,46050
"London",2018-04-01,59059,36797,46081
"London",2018-05-01,59140,36801,46111
"London",2018-06-01,59220,36805,46140
"London",2018-07-01,59300,36810,46170
"London",2018-08-01,59381,36816,46201
"London",2018-09-01,59463,36823,46234
"London",2018-10-01,59547,36831,46269
"London",2018-11-01,59633,36841,46307
"London",2018-12-01,59721,36854,46348
"London",2019-01-01,59811,36869,46393
"London",2019-02-01,59905,36886,46441
"London",2019-03-01,60002,36906,46495
"London",2019-04-01,60102,36929,46553
"London",2019-05-01,60207,36956,46616
"London",2019-06-01,60316,36986,46685
"London",2019-07-01,60430,37020,46760
"London",2019-08-01,60549,37058,46842
"London",2019-09-01,60674,37101,46931
"London",2019-10-01,60804,37148,47027
"London",2019-11-01,60941,37200,47131
"London",2019-12-01,61084,37257,47243
"London",2020-01-01,61234,37319,47364
"London",2020-02-01,61392,37388,47495
"London",2020-03-01,61557,37462,47634
"London",2020-04-01,61730,37542,47784
"London",2020-05-01,61911,37628,47945
"London",2020-06-01,62102,37722,48116
"London",2020-07-01,62301,37822,48298
"London",2020-08-01,62510,37929,48492
"London",2020-09-01,62728,38044,48699
"London",2020-10-01,62957,38166,48917
"London",2020-11-01,63197,38296,49149
"London",2020-12-01,63447,38435,49395
"London",2021-01-01,63708,38582,49654
"London",2021-02-01,63981,38737,49927
"London",2021-03-01,64266,38902,50216
"London",2021-04-01,64564,39076,50519
"London",2021-05-01,64874,39259,50838
"London",2021-06-01,65197,39452,51173
"London",2021-07-01,65533,39655,51524
"London",2021-08-01,65883,39868,51893
"London",2021-09-01,66248,40092,52278
"London",2021-10-01,66626,40326,52681
"London",2021-11-01,67020,40571,53103
"London",2021-12-01,67429,40828,53543
"Montreal",2013-01-01,419526,283625,326582
"Montreal",2013-02-01,421405,284613,327852
"Montreal",2013-03-01,423103,285486,328993
"Montreal",2013-04-01,424628,286248,330010
"Montreal",2013-05-01,425990,286906,330911
"Montreal",2013-06-01,427198,287465,331702
"Montreal",2013-07-01,428260,287930,332390
"Montreal",2013-08-01,429186,288308,332981
"Montreal",2013-09-01,429986,288603,333481
"Montreal",2013-10-01,430668,288821,333898
"Montreal",2013-11-01,431241,288968,334238
"Montreal",2013-12-01,431716,289049,334507
"Montreal",2014-01-01,432099,289070,334713
"Montreal",2014-02-01,432402,289037,334861
"Montreal",2014-03-01,432633,288954,334958
"Montreal",2014-04-01,432801,288827,335011
"Montreal",2014-05-01,432915,288662,335026
"Montreal",2014-06-01,432985,288465,335010
"Montreal",2014-07-01,433020,288240,334970
"Montreal",2014-08-01,433030,287995,334913
"Montreal",2014-09-01,433033,287741,334852
"Montreal",2014-10-01,433047,287489,334801
"Montreal",2014-11-01,433091,287253,334775
"Montreal",2014-12-01,433185,287045,334787
"Montreal",2015-01-01,433346,286876,334851
"Montreal",2015-02-01,433594,286760,334981
"Montreal",2015-03-01,433947,286708,335192
"Montreal",2015-04-01,434424,286733,335497
"Montreal",2015-05-01,435045,286846,335911
"Montreal",2015-06-01,435827,287061,336447
"Montreal",2015-07-01,436790,287390,337120
"Montreal",2015-08-01,437944,287839,337937
"Montreal",2015-09-01,439269,288392,338882
"Montreal",2015-10-01,440734,289028,339930
"Montreal",2015-11-01,442309,289726,341060
"Montreal",2015-12-01,443967,290463,342246
"Montreal",2016-01-01,445677,291218,343467
"Montreal",2016-02-01,447409,291971,344698
"Montreal",2016-03-01,449135,292698,345917
"Montreal",2016-04-01,450824,293379,347100
"Montreal",2016-05-01,452448,293993,348224
"Montreal",2016-06-01,453976,294517,349265
"Montreal",2016-07-01,455380,294930,350200
"Montreal",2016-08-01,456637,295217,351012
"Montreal",2016-09-01,457752,295389,351711
"Montreal",2016-10-01,458739,295461,352312
"Montreal",2016-11-01,459610,295451,352830
"Montreal",2016-12-01,460378,295374,353281
"Montreal",2017-01-01,461055,295249,353680
"Montreal",2017-02-01,461655,295091,354043
"Montreal",2017-03-01,462189,294916,354386
"Montreal",2017-04-01,462671,294742,354723
"Montreal",2017-05-01,463113,294586,355071
"Montreal",2017-06-01,463529,294463,355445
"Montreal",2017-07-01,463930,294390,355860
"Montreal",2017-08-01,464328,294380,356328
"Montreal",2017-09-01,464726,294429,356845
"Montreal",2017-10-01,465126,294529,357402
"Montreal",2017-11-01,465531,294670,357991
"Montreal",2017-12-01,465942,294846,358603
"Montreal",2018-01-01,466361,295049,359230
"Montreal",2018-02-01,466790,295269,359864
"Montreal",2018-03-01,467230,295498,360496
"Montreal",2018-04-01,467685,295729,361118
"Montreal",2018-05-01,468155,295954,361722
"Montreal",2018-06-01,468643,296163,362299
"Montreal",2018-07-01,469150,296350,362840
"Montreal",2018-08-01,469679,296506,363339
"Montreal",2018-09-01,470234,296628,363790
"Montreal",2018-10-01,470818,296712,364190
"Montreal",2018-11-01,471436,296755,364536
"Montreal",2018-12-01,472092,296754,364824
"Montreal",2019-01-01,472789,296705,365050
"Montreal",2019-02-01,473532,296606,365211
"Montreal",2019-03-01,474326,296454,365303
"Montreal",2019-04-01,475173,296244,365323
"Montreal",2019-05-01,476078,295974,365266
"Montreal",2019-06-01,477046,295640,365130
"Montreal",2019-07-01,478080,295240,364910
"Montreal",2019-08-01,479184,294770,364603
"Montreal",2019-09-01,480363,294227,364206
"Montreal",2019-10-01,481620,293607,363715
"Montreal",2019-11-01,482960,292908,363126
"Montreal",2019-12-01,484386,292126,362436
"Montreal",2020-01-01,485903,291258,361641
"Montreal",2020-02-01,487515,290300,360737
"Montreal",2020-03-01,489226,289250,359721
"Montreal",2020-04-01,491039,288105,358589
"Montreal",2020-05-01,492960,286861,357338
"Montreal",2020-06-01,494991,285514,355964
"Montreal",2020-07-01,497138,284062,354464
"Montreal",2020-08-01,499404,282501,352833
"Montreal",2020-09-01,501794,280829,351068
"Montreal",2020-10-01,504310,279042,349166
"Montreal",2020-11-01,506958,277136,347123
"Montreal",2020-12-01,509742,275109,344935
"Montreal",2021-01-01,512665,272957,342600
"Montreal",2021-02-01,515732,270677,340112
"Montreal",2021-03-01,518947,268266,337469
"Montreal",2021-04-01,522313,265721,334667
"Montreal",2021-05-01,525836,263038,331702
"Montreal",2021-06-01,529518,260214,328571
"Montreal",2021-07-01,533365,257246,325271
"Montreal",2021-08-01,537379,254131,321796
"Montreal",2021-09-01,541566,250865,318145
"Montreal",2021-10-01,545929,247446,314313
"Montreal",2021-11-01,550472,243870,310297
"Montreal",2021-12-01,555200,240133,306093
"Ontario",2013-01-01,1424755,1032642,1235050
"Ontario",2013-02-01,1428204,1032915,1235176
"Ontario",2013-03-01,1431537,1033165,1235323
"Ontario",2013-04-01,1434758,1033393,1235491
"Ontario",2013-05-01,1437873,1033601,1235680
"Ontario",2013-06-01,1440885,1033789,1235890
"Ontario",2013-07-01,1443800,1033960,1236120
"Ontario",2013-08-01,1446621,1034114,1236370
"Ontario",2013-09-01,1449354,1034253,1236640
"Ontario",2013-10-01,1452002,1034378,1236929
"Ontario",2013-11-01,1454571,1034491,1237238
"Ontario",2013-12-01,1457064,1034592,1237566
"Ontario",2014-01-01,1459486,1034684,1237913
"Ontario",2014-02-01,1461841,1034767,1238279
"Ontario",2014-03-01,1464135,1034843,1238663
"Ontario",2014-04-01,1466371,1034912,1239066
"Ontario",2014-05-01,1468555,1034978,1239486
"Ontario",2014-06-01,1470689,1035040,1239924
"Ontario",2014-07-01,1472780,1035100,1240380
"Ontario",2014-08-01,1474832,1035160,1240853
"Ontario",2014-09-01,1476850,1035221,1241343
"Ontario",2014-10-01,1478843,1035286,1241849
"Ontario",2014-11-01,1480816,1035358,1242371
"Ontario",2014-12-01,1482777,1035438,1242909
"Ontario",2015-01-01,1484731,1035529,1243462
"Ontario",2015-02-01,1486686,1035633,1244029
"Ontario",2015-03-01,1488649,1035753,1244611
"Ontario",2015-04-01,1490626,1035890,1245206
"Ontario",2015-05-01,1492624,1036047,1245815
"Ontario",2015-06-01,1494650,1036226,1246436
"Ontario",2015-07-01,1496710,1036430,1247070
"Ontario",2015-08-01,1498809,1036660,1247716
"Ontario",2015-09-01,1500945,1036914,1248374
"Ontario",2015-10-01,1503113,1037190,1249046
"Ontario",2015-11-01,1505309,1037485,1249731
"Ontario",2015-12-01,1507528,1037797,1250431
"Ontario",2016-01-01,1509765,1038123,1251146
"Ontario",2016-02-01,1512017,1038461,1251877
"Ontario",2016-03-01,1514278,1038808,1252624
"Ontario",2016-04-01,1516544,1039162,1253388
"Ontario",2016-05-01,1518812,1039521,1254170
"Ontario",2016-06-01,1521075,1039881,1254971
"Ontario",2016-07-01,1523330,1040240,1255790
"Ontario",2016-08-01,1525575,1040598,1256629
"Ontario",2016-09-01,1527817,1040958,1257490
"Ontario",2016-10-01,1530067,1041328,1258375
"Ontario",2016-11-01,1532335,1041714,1259285
"Ontario",2016-12-01,1534631,1042123,1260224
"Ontario",2017-01-01,1536965,1042560,1261192
"Ontario",2017-02-01,1539348,1043032,1262193
"Ontario",2017-03-01,1541790,1043545,1263228
"Ontario",2017-04-01,1544301,1044106,1264299
"Ontario",2017-05-01,1546891,1044721,1265408
"Ontario",2017-06-01,1549571,1045397,1266558
"Ontario",2017-07-01,1552350,1046140,1267750
"Ontario",2017-08-01,1555236,1046953,1268985
"Ontario",2017-09-01,1558223,1047828,1270257
"Ontario",2017-10-01,1561301,1048754,1271557
"Ontario",2017-11-01,1564462,1049720,1272879
"Ontario",2017-12-01,1567696,1050715,1274214
"Ontario",2018-01-01,1570994,1051727,1275554
"Ontario",2018-02-01,1574347,1052745,1276892
"Ontario",2018-03-01,1577745,1053758,1278220
"Ontario",2018-04-01,1581180,1054756,1279529
"Ontario",2018-05-01,1584642,1055726,1280812
"Ontario",2018-06-01,1588121,1056658,1282062
"Ontario",2018-07-01,1591610,1057540,1283270
"Ontario",2018-08-01,1595099,1058362,1284429
"Ontario",2018-09-01,1598582,1059116,1285533
"Ontario",2018-10-01,1602054,1059794,1286575
"Ontario",2018-11-01,1605510,1060388,1287550
"Ontario",2018-12-01,1608944,1060891,1288453
"Ontario",2019-01-01,1612351,1061294,1289277
"Ontario",2019-02-01,1615726,1061592,1290016
"Ontario",2019-03-01,1619063,1061774,1290665
"Ontario",2019-04-01,1622358,1061835,1291218
"Ontario",2019-05-01,1625604,1061767,1291669
"Ontario",2019-06-01,1628796,1061561,1292011
"Ontario",2019-07-01,1631930,1061210,1292240
"Ontario",2019-08-01,1635000,1060707,1292349
"Ontario",2019-09-01,1638000,1060043,1292333
"Ontario",2019-10-01,1640925,1059211,1292185
"Ontario",2019-11-01,1643770,1058204,1291900
"Ontario",2019-12-01,1646530,1057014,1291472
"Ontario",2020-01-01,1649199,1055633,1290895
"Ontario",2020-02-01,1651772,1054053,1290164
"Ontario",2020-03-01,1654244,1052268,1289272
"Ontario",2020-04-01,1656609,1050268,1288213
"Ontario",2020-05-01,1658862,1048047,1286982
"Ontario",2020-06-01,1660998,1045597,1285573
"Ontario",2020-07-01,1663011,1042910,1283979
"Ontario",2020-08-01,1664896,1039978,1282196
"Ontario",2020-09-01,1666649,1036795,1280218
"Ontario",2020-10-01,1668262,1033351,1278037
"Ontario",2020-11-01,1669732,1029640,1275649
"Ontario",2020-12-01,1671052,1025655,1273048
"Ontario",2021-01-01,1672218,1021386,1270228
"Ontario",2021-02-01,1673225,1016827,1267183
"Ontario",2021-03-01,1674066,1011970,1263907
"Ontario",2021-04-01,1674737,1006808,1260394
"Ontario",2021-05-01,1675232,1001332,1256639
"Ontario",2021-06-01,1675546,995535,1252636
"Ontario",2021-07-01,1675673,989409,1248378
"Ontario",2021-08-01,1675609,982947,1243860
"Ontario",2021-09-01,1675349,976141,1239077
"Ontario",2021-10-01,1674885,968983,1234021
"Ontario",2021-11-01,1674214,961466,1228688
"Ontario",2021-12-01,1673331,953582,1223071
"Oshawa",2013-01-01,36048,29650,37799
"Oshawa",2013-02-01,36072,29663,37780
"Oshawa",2013-03-01,36100,29676,37767
"Oshawa",2013-04-01,36132,29689,37758
"Oshawa",2013-05-01,36168,29702,37754
"Oshawa",2013-06-01,36207,29716,37755
"Oshawa",2013-07-01,36250,29730,37760
"Oshawa",2013-08-01,36296,29744,37769
"Oshawa",2013-09-01,36345,29758,37782
"Oshawa",2013-10-01,36396,29773,37799
"Oshawa",2013-11-01,36451,29788,37819
"Oshawa",2013-12-01,36507,29802,37843
"Oshawa",2014-01-01,36566,29817,37870
"Oshawa",2014-02-01,36626,29833,37900
"Oshawa",2014-03-01,36688,29848,37933
"Oshawa",2014-04-01,36752,29863,37969
"Oshawa",2014-05-01,36817,29879,38007
"Oshawa",2014-06-01,36883,29894,38047
"Oshawa",2014-07-01,36950,29910,38090
"Oshawa",2014-08-01,37018,29926,38134
"Oshawa",2014-09-01,37085,29942,38181
"Oshawa",2014-10-01,37153,29958,38229
"Oshawa",2014-11-01,37219,29974,38278
"Oshawa",2014-12-01,37284,29991,38329
"Oshawa",2015-01-01,37348,30008,38381
"Oshawa",2015-02-01,37409,30025,38434
"Oshawa",2015-03-01,37467,30043,38488
"Oshawa",2015-04-01,37521,30061,38542
"Oshawa",2015-05-01,37572,30080,38598
"Oshawa",2015-06-01,37618,30100,38654
"Oshawa",2015-07-01,37660,30120,38710
"Oshawa",2015-08-01,37696,30141,38766
"Oshawa",2015-09-01,37728,30162,38823
"Oshawa",2015-10-01,37757,30184,38879
"Oshawa",2015-11-01,37783,30206,38934
"Oshawa",2015-12-01,37808,30227,38988
"Oshawa",2016-01-01,37832,30247,39040
"Oshawa",2016-02-01,37856,30267,39090
"Oshawa",2016-03-01,37882,30285,39138
"Oshawa",2016-04-01,37911,30302,39183
"Oshawa",2016-05-01,37942,30317,39226
"Oshawa",2016-06-01,37978,30330,39265
"Oshawa",2016-07-01,38020,30340,39300
"Oshawa",2016-08-01,38067,30348,39331
"Oshawa",2016-09-01,38120,30354,39359
"Oshawa",2016-10-01,38177,30359,39385
"Oshawa",2016-11-01,38236,30363,39409
"Oshawa",2016-12-01,38296,30367,39432
"Oshawa",2017-01-01,38357,30372,39455
"Oshawa",2017-02-01,38417,30379,39479
"Oshawa",2017-03-01,38475,30388,39505
"Oshawa",2017-04-01,38529,30399,39533
"Oshawa",2017-05-01,38579,30415,39564
"Oshawa",2017-06-01,38623,30435,39600
"Oshawa",2017-07-01,38660,30460,39640
"Oshawa",2017-08-01,38689,30491,39686
"Oshawa",2017-09-01,38711,30527,39737
"Oshawa",2017-10-01,38727,30567,39793
"Oshawa",2017-11-01,38738,30612,39853
"Oshawa",2017-12-01,38746,30661,39918
"Oshawa",2018-01-01,38751,30712,39985
"Oshawa",2018-02-01,38754,30767,40056
"Oshawa",2018-03-01,38757,30823,40130
"Oshawa",2018-04-01,38761,30881,40205
"Oshawa",2018-05-01,38767,30940,40282
"Oshawa",2018-06-01,38777,31000,40361
"Oshawa",2018-07-01,38790,31060,40440
"Oshawa",2018-08-01,38809,31119,40520
"Oshawa",2018-09-01,38833,31178,40599
"Oshawa",2018-10-01,38865,31235,40679
"Oshawa",2018-11-01,38904,31292,40758
"Oshawa",2018-12-01,38951,31346,40837
"Oshawa",2019-01-01,39006,31399,40915
"Oshawa",2019-02-01,39071,31449,40993
"Oshawa",2019-03-01,39146,31497,41069
"Oshawa",2019-04-01,39232,31543,41144
"Oshawa",2019-05-01,39329,31585,41218
"Oshawa",2019-06-01,39438,31624,41290
"Oshawa",2019-07-01,39560,31660,41360
"Oshawa",2019-08-01,39695,31692,41428
"Oshawa",2019-09-01,39844,31719,41494
"Oshawa",2019-10-01,40008,31743,41557
"Oshawa",2019-11-01,40188,31761,41618
"Oshawa",2019-12-01,40383,31775,41676
"Oshawa",2020-01-01,40595,31783,41731
"Oshawa",2020-02-01,40825,31786,41783
"Oshawa",2020-03-01,41072,31784,41831
"Oshawa",2020-04-01,41338,31775,41876
"Oshawa",2020-05-01,41624,31760,41917
"Oshawa",2020-06-01,41929,31738,41954
"Oshawa",2020-07-01,42255,31709,41987
"Oshawa",2020-08-01,42603,31673,42015
"Oshawa",2020-09-01,42972,31630,42039
"Oshawa",2020-10-01,43365,31579,42058
"Oshawa",2020-11-01,43780,31520,42072
"Oshawa",2020-12-01,44220,31453,42081
"Oshawa",2021-01-01,44684,31377,42084
"Oshawa",2021-02-01,45174,31293,42082
"Oshawa",2021-03-01,45690,31199,42074
"Oshawa",2021-04-01,46232,31096,42060
"Oshawa",2021-05-01,46802,30983,42040
"Oshawa",2021-06-01,47400,30860,42014
"Oshawa",2021-07-01,48026,30728,41981
"Oshawa",2021-08-01,48682,30584,41941
"Oshawa",2021-09-01,49367,30430,41894
"Oshawa",2021-10-01,50084,30265,41840
"Oshawa",2021-11-01,50832,30088,41779
"Oshawa",2021-12-01,51611,29900,41710
"Ottawa",2013-01-01,98881,68605,84017
"Ottawa",2013-02-01,99316,68735,84150
"Ottawa",2013-03-01,99719,68847,84275
"Ottawa",2013-04-01,100093,68943,84394
"Ottawa",2013-05-01,100438,69023,84508
"Ottawa",2013-06-01,100757,69088,84616
"Ottawa",2013-07-01,101050,69140,84720
"Ottawa",2013-08-01,101320,69179,84820
"Ottawa",2013-09-01,101567,69205,84915
"Ottawa",2013-10-01,101795,69221,85008
"Ottawa",2013-11-01,102003,69227,85099
"Ottawa",2013-12-01,102194,69223,85187
"Ottawa",2014-01-01,102368,69211,85273
"Ottawa",2014-02-01,102529,69192,85359
"Ottawa",2014-03-01,102677,69167,85444
"Ottawa",2014-04-01,102813,69136,85529
"Ottawa",2014-05-01,102940,69100,85615
"Ottawa",2014-06-01,103058,69062,85702
"Ottawa",2014-07-01,103170,69020,85790
"Ottawa",2014-08-01,103277,68977,85881
"Ottawa",2014-09-01,103382,68934,85975
"Ottawa",2014-10-01,103488,68894,86074
"Ottawa",2014-11-01,103597,68859,86179
"Ottawa",2014-12-01,103713,68831,86292
"Ottawa",2015-01-01,103839,68812,86413
"Ottawa",2015-02-01,103977,68804,86545
"Ottawa",2015-03-01,104131,68810,86689
"Ottawa",2015-04-01,104303,68831,86846
"Ottawa",2015-05-01,104497,68870,87018
"Ottawa",2015-06-01,104715,68929,87205
"Ottawa",2015-07-01,104960,69010,87410
"Ottawa",2015-08-01,105234,69114,87633
"Ottawa",2015-09-01,105535,69239,87871
"Ottawa",2015-10-01,105857,69380,88122
"Ottawa",2015-11-01,106198,69533,88383
"Ottawa",2015-12-01,106553,69694,88651
"Ottawa",2016-01-01,106917,69860,88923
"Ottawa",2016-02-01,107288,70026,89197
"Ottawa",2016-03-01,107661,70188,89469
"Ottawa",2016-04-01,108031,70342,89736
"Ottawa",2016-05-01,108396,70485,89995
"Ottawa",2016-06-01,108750,70612,90244
"Ottawa",2016-07-01,109090,70720,90480
"Ottawa",2016-08-01,109413,70805,90700
"Ottawa",2016-09-01,109719,70869,90906
"Ottawa",2016-10-01,110009,70916,91097
"Ottawa",2016-11-01,110285,70948,91277
"Ottawa",2016-12-01,110547,70968,91446
"Ottawa",2017-01-01,110798,70980,91605
"Ottawa",2017-02-01,111039,70985,91757
"Ottawa",2017-03-01,111270,70988,91901
"Ottawa",2017-04-01,111494,70991,92041
"Ottawa",2017-05-01,111711,70997,92176
"Ottawa",2017-06-01,111922,71009,92309
"Ottawa",2017-07-01,112130,71030,92440
"Ottawa",2017-08-01,112335,71063,92571
"Ottawa",2017-09-01,112538,71106,92703
"Ottawa",2017-10-01,112739,71159,92834
"Ottawa",2017-11-01,112939,71220,92965
"Ottawa",2017-12-01,113140,71289,93096
"Ottawa",2018-01-01,113340,71364,93227
"Ottawa",2018-02-01,113542,71443,93357
"Ottawa",2018-03-01,113746,71526,93487
"Ottawa",2018-04-01,113952,71611,93616
"Ottawa",2018-05-01,114161,71698,93745
"Ottawa",2018-06-01,114373,71785,93873
"Ottawa",2018-07-01,114590,71870,94000
"Ottawa",2018-08-01,114812,71953,94126
"Ottawa",2018-09-01,115039,72033,94252
"Ottawa",2018-10-01,115273,72110,94377
"Ottawa",2018-11-01,115513,72184,94503
"Ottawa",2018-12-01,115762,72254,94628
"Ottawa",2019-01-01,116020,72319,94753
"Ottawa",2019-02-01,116287,72380,94879
"Ottawa",2019-03-01,116564,72435,95005
"Ottawa",2019-04-01,116852,72485,95132
"Ottawa",2019-05-01,117152,72530,95260
"Ottawa",2019-06-01,117464,72568,95389
"Ottawa",2019-07-01,117790,72600,95520
"Ottawa",2019-08-01,118130,72625,95652
"Ottawa",2019-09-01,118484,72643,95787
"Ottawa",2019-10-01,118854,72653,95923
"Ottawa",2019-11-01,119241,72655,96062
"Ottawa",2019-12-01,119644,72648,96203
"Ottawa",2020-01-01,120066,72633,96346
"Ottawa",2020-02-01,120506,72609,96493
"Ottawa",2020-03-01,120965,72576,96643
"Ottawa",2020-04-01,121445,72532,96796
"Ottawa",2020-05-01,121945,72479,96952
"Ottawa",2020-06-01,122467,72414,97113
"Ottawa",2020-07-01,123012,72339,97277
"Ottawa",2020-08-01,123580,72253,97445
"Ottawa",2020-09-01,124171,72154,97618
"Ottawa",2020-10-01,124788,72044,97795
"Ottawa",2020-11-01,125430,71921,97977
"Ottawa",2020-12-01,126098,71786,98164
"Ottawa",2021-01-01,126793,71637,98357
"Ottawa",2021-02-01,127517,71475,98554
"Ottawa",2021-03-01,128268,71299,98757
"Ottawa",2021-04-01,129049,71108,98966
"Ottawa",2021-05-01,129860,70903,99182
"Ottawa",2021-06-01,130702,70683,99403
"Ottawa",2021-07-01,131576,70447,99631
"Ottawa",2021-08-01,132481,70196,99865
"Ottawa",2021-09-01,133420,69929,100106
"Ottawa",2021-10-01,134393,69645,100354
"Ottawa",2021-11-01,135401,69344,100610
"Ottawa",2021-12-01,136444,69026,100873
"Quebec",2013-01-01,982779,583411,653681
"Quebec",2013-02-01,983314,583505,654396
"Quebec",2013-03-01,983906,583563,655049
"Quebec",2013-04-01,984553,583588,655643
"Quebec",2013-05-01,985250,583579,656181
"Quebec",2013-06-01,985997,583540,656665
"Quebec",2013-07-01,986790,583470,657100
"Quebec",2013-08-01,987627,583372,657487
"Quebec",2013-09-01,988505,583246,657831
"Quebec",2013-10-01,989421,583095,658133
"Quebec",2013-11-01,990374,582920,658397
"Quebec",2013-12-01,991360,582721,658626
"Quebec",2014-01-01,992377,582501,658824
"Quebec",2014-02-01,993422,582260,658991
"Quebec",2014-03-01,994493,582001,659133
"Quebec",2014-04-01,995586,581723,659252
"Quebec",2014-05-01,996701,581430,659351
"Quebec",2014-06-01,997833,581122,659432
"Quebec",2014-07-01,998980,580800,659500
"Quebec",2014-08-01,1000139,580466,659557
"Quebec",2014-09-01,1001305,580121,659606
"Quebec",2014-10-01,1002470,579767,659652
"Quebec",2014-11-01,1003628,579404,659698
"Quebec",2014-12-01,1004773,579033,659747
"Quebec",2015-01-01,1005899,578657,659805
"Quebec",2015-02-01,1006997,578275,659874
"Quebec",2015-03-01,1008064,577889,659958
"Quebec",2015-04-01,1009090,577500,660061
"Quebec",2015-05-01,1010071,577110,660186
"Quebec",2015-06-01,1011000,576720,660338
"Quebec",2015-07-01,1011870,576330,660520
"Quebec",2015-08-01,1012678,575942,660735
"Quebec",2015-09-01,1013434,575559,660984
"Quebec",2015-10-01,1014150,575181,661267
"Quebec",2015-11-01,1014840,574813,661584
"Quebec",2015-12-01,1015517,574454,661936
"Quebec",2016-01-01,1016194,574109,662321
"Quebec",2016-02-01,1016883,573779,662740
"Quebec",2016-03-01,1017599,573466,663194
"Quebec",2016-04-01,1018353,573172,663681
"Quebec",2016-05-01,1019160,572900,664203
"Quebec",2016-06-01,1020031,572652,664759
"Quebec",2016-07-01,1020980,572430,665350
"Quebec",2016-08-01,1022015,572235,665975
"Quebec",2016-09-01,1023121,572068,666633
"Quebec",2016-10-01,1024279,571927,667322
"Quebec",2016-11-01,1025469,571812,668042
"Quebec",2016-12-01,1026671,571721,668791
"Quebec",2017-01-01,1027866,571654,669568
"Quebec",2017-02-01,1029035,571610,670372
"Quebec",2017-03-01,1030157,571588,671200
"Quebec",2017-04-01,1031213,571587,672053
"Quebec",2017-05-01,1032184,571605,672928
"Quebec",2017-06-01,1033049,571644,673824
"Quebec",2017-07-01,1033790,571700,674740
"Quebec",2017-08-01,1034393,571773,675674
"Quebec",2017-09-01,1034873,571860,676620
"Quebec",2017-10-01,1035253,571955,677573
"Quebec",2017-11-01,1035553,572056,678525
"Quebec",2017-12-01,1035797,572156,679472
"Quebec",2018-01-01,1036005,572253,680406
"Quebec",2018-02-01,1036199,572341,681322
"Quebec",2018-03-01,1036402,572417,682213
"Quebec",2018-04-01,1036634,572476,683074
"Quebec",2018-05-01,1036918,572514,683898
"Quebec",2018-06-01,1037277,572527,684678
"Quebec",2018-07-01,1037730,572510,685410
"Quebec",2018-08-01,1038299,572459,686086
"Quebec",2018-09-01,1039000,572372,686702
"Quebec",2018-10-01,1039844,572242,687252
"Quebec",2018-11-01,1040846,572069,687732
"Quebec",2018-12-01,1042020,571847,688135
"Quebec",2019-01-01,1043379,571573,688457
"Quebec",2019-02-01,1044936,571244,688692
"Quebec",2019-03-01,1046704,570856,688836
"Quebec",2019-04-01,1048699,570405,688883
"Quebec",2019-05-01,1050932,569887,688827
"Quebec",2019-06-01,1053418,569300,688665
"Quebec",2019-07-01,1056170,568640,688390
"Quebec",2019-08-01,1059201,567902,687997
"Quebec",2019-09-01,1062526,567084,687482
"Quebec",2019-10-01,1066157,566182,686839
"Quebec",2019-11-01,1070108,565192,686062
"Quebec",2019-12-01,1074393,564110,685147
"Quebec",2020-01-01,1079026,562933,684089
"Quebec",2020-02-01,1084018,561658,682881
"Quebec",2020-03-01,1089385,560280,681520
"Quebec",2020-04-01,1095140,558797,679999
"Quebec",2020-05-01,1101296,557204,678315
"Quebec",2020-06-01,1107867,555498,676460
"Quebec",2020-07-01,1114866,553675,674431
"Quebec",2020-08-01,1122307,551732,672222
"Quebec",2020-09-01,1130204,549666,669828
"Quebec",2020-10-01,1138569,547471,667244
"Quebec",2020-11-01,1147417,545146,664464
"Quebec",2020-12-01,1156761,542686,661483
"Quebec",2021-01-01,1166614,540088,658297
"Quebec",2021-02-01,1176990,537348,654899
"Quebec",2021-03-01,1187903,534463,651285
"Quebec",2021-04-01,1199365,531429,647450
"Quebec",2021-05-01,1211392,528242,643388
"Quebec",2021-06-01,1223995,524898,639094
"Quebec",2021-07-01,1237189,521395,634564
"Quebec",2021-08-01,1250987,517729,629791
"Quebec",2021-09-01,1265403,513895,624770
"Quebec",2021-10-01,1280450,509891,619497
"Quebec",2021-11-01,1296142,505713,613967
"Quebec",2021-12-01,1312492,501356,608173
"Niagara",2013-01-01,49914,30330,33509
"Niagara",2013-02-01,49845,30387,33485
"Niagara",2013-03-01,49793,30439,33461
"Niagara",2013-04-01,49758,30486,33438
"Niagara",2013-05-01,49737,30528,33415
"Niagara",2013-06-01,49732,30566,33392
"Niagara",2013-07-01,49740,30600,33370
"Niagara",2013-08-01,49761,30630,33348
"Niagara",2013-09-01,49795,30656,33327
"Niagara",2013-10-01,49841,30679,33306
"Niagara",2013-11-01,49898,30699,33286
"Niagara",2013-12-01,49965,30715,33267
"Niagara",2014-01-01,50041,30729,33248
"Niagara",2014-02-01,50127,30739,33230
"Niagara",2014-03-01,50220,30748,33212
"Niagara",2014-04-01,50321,30754,33196
"Niagara",2014-05-01,50428,30758,33180
"Niagara",2014-06-01,50541,30760,33164
"Niagara",2014-07-01,50660,30760,33150
"Niagara",2014-08-01,50783,30759,33136
"Niagara",2014-09-01,50909,30757,33124
"Niagara",2014-10-01,51037,30753,33112
"Niagara",2014-11-01,51166,30749,33102
"Niagara",2014-12-01,51294,30745,33092
"Niagara",2015-01-01,51420,30740,33084
"Niagara",2015-02-01,51543,30735,33078
"Niagara",2015-03-01,51662,30730,33073
"Niagara",2015-04-01,51776,30726,33069
"Niagara",2015-05-01,51882,30723,33068
"Niagara",2015-06-01,51981,30721,33068
"Niagara",2015-07-01,52070,30720,33070
"Niagara",2015-08-01,52149,30721,33074
"Niagara",2015-09-01,52219,30723,33080
"Niagara",2015-10-01,52281,30726,33087
"Niagara",2015-11-01,52336,30731,33096
"Niagara",2015-12-01,52387,30738,33105
"Niagara",2016-01-01,52433,30746,33116
"Niagara",2016-02-01,52477,30756,33127
"Niagara",2016-03-01,52521,30768,33138
"Niagara",2016-04-01,52564,30781,33149
"Niagara",2016-05-01,52609,30796,33160
"Niagara",2016-06-01,52657,30812,33170
"Niagara",2016-07-01,52710,30830,33180
"Niagara",2016-08-01,52768,30850,33189
"Niagara",2016-09-01,52831,30870,33197
"Niagara",2016-10-01,52899,30892,33204
"Niagara",2016-11-01,52970,30914,33212
"Niagara",2016-12-01,53045,30935,33219
"Niagara",2017-01-01,53123,30956,33227
"Niagara",2017-02-01,53203,30976,33235
"Niagara",2017-03-01,53284,30994,33243
"Niagara",2017-04-01,53366,31010,33253
"Niagara",2017-05-01,53448,31023,33264
"Niagara",2017-06-01,53529,31033,33276
"Niagara",2017-07-01,53610,31040,33290
"Niagara",2017-08-01,53689,31043,33306
"Niagara",2017-09-01,53767,31042,33323
"Niagara",2017-10-01,53843,31039,33342
"Niagara",2017-11-01,53919,31033,33362
"Niagara",2017-12-01,53993,31026,33383
"Niagara",2018-01-01,54067,31017,33405
"Niagara",2018-02-01,54141,31007,33428
"Niagara",2018-03-01,54214,30998,33450
"Niagara",2018-04-01,54288,30989,33473
"Niagara",2018-05-01,54361,30981,33496
"Niagara",2018-06-01,54435,30974,33518
"Niagara",2018-07-01,54510,30970,33540
"Niagara",2018-08-01,54585,30968,33561
"Niagara",2018-09-01,54662,30970,33581
"Niagara",2018-10-01,54739,30975,33600
"Niagara",2018-11-01,54817,30983,33618
"Niagara",2018-12-01,54896,30996,33634
"Niagara",2019-01-01,54976,31013,33649
"Niagara",2019-02-01,55057,31035,33662
"Niagara",2019-03-01,55139,31062,33674
"Niagara",2019-04-01,55223,31095,33684
"Niagara",2019-05-01,55307,31134,33691
"Niagara",2019-06-01,55393,31179,33697
"Niagara",2019-07-01,55480,31230,33700
"Niagara",2019-08-01,55568,31288,33701
"Niagara",2019-09-01,55658,31354,33699
"Niagara",2019-10-01,55749,31427,33695
"Niagara",2019-11-01,55842,31509,33688
"Niagara",2019-12-01,55935,31598,33677
"Niagara",2020-01-01,56031,31697,33664
"Niagara",2020-02-01,56128,31804,33648
"Niagara",2020-03-01,56226,31921,33628
"Niagara",2020-04-01,56327,32048,33605
"Niagara",2020-05-01,56428,32184,33578
"Niagara",2020-06-01,56532,32331,33548
"Niagara",2020-07-01,56637,32489,33513
"Niagara",2020-08-01,56744,32659,33475
"Niagara",2020-09-01,56853,32839,33432
"Niagara",2020-10-01,56964,33032,33385
"Niagara",2020-11-01,57077,33237,33334
"Niagara",2020-12-01,57192,33454,33278
"Niagara",2021-01-01,57308,33685,33218
"Niagara",2021-02-01,57427,33928,33152
"Niagara",2021-03-01,57548,34186,33082
"Niagara",2021-04-01,57670,34457,33007
"Niagara",2021-05-01,57795,34743,32926
"Niagara",2021-06-01,57923,35043,32841
"Niagara",2021-07-01,58052,35358,32749
"Niagara",2021-08-01,58184,35689,32652
"Niagara",2021-09-01,58318,36036,32550
"Niagara",2021-10-01,58454,36399,32441
"Niagara",2021-11-01,58593,36778,32327
"Niagara",2021-12-01,58734,37174,32206
"Toronto",2013-01-01,549718,482116,574979
"Toronto",2013-02-01,551961,481902,575126
"Toronto",2013-03-01,554088,481722,575301
"Toronto",2013-04-01,556102,481576,575502
"Toronto",2013-05-01,558009,481461,575728
"Toronto",2013-06-01,559814,481376,575978
"Toronto",2013-07-01,561520,481320,576250
"Toronto",2013-08-01,563132,481291,576543
"Toronto",2013-09-01,564656,481288,576854
"Toronto",2013-10-01,566094,481309,577184
"Toronto",2013-11-01,567452,481352,577530
"Toronto",2013-12-01,568735,481418,577891
"Toronto",2014-01-01,569947,481503,578265
"Toronto",2014-02-01,571092,481606,578651
"Toronto",2014-03-01,572175,481727,579048
"Toronto",2014-04-01,573201,481863,579453
"Toronto",2014-05-01,574174,482013,579866
"Toronto",2014-06-01,575099,482176,580286
"Toronto",2014-07-01,575980,482350,580710
"Toronto",2014-08-01,576822,482534,581137
"Toronto",2014-09-01,577632,482725,581564
"Toronto",2014-10-01,578416,482922,581989
"Toronto",2014-11-01,579182,483121,582408
"Toronto",2014-12-01,579935,483322,582818
"Toronto",2015-01-01,580684,483522,583216
"Toronto",2015-02-01,581435,483718,583599
"Toronto",2015-03-01,582195,483908,583965
"Toronto",2015-04-01,582971,484091,584310
"Toronto",2015-05-01,583769,484263,584631
"Toronto",2015-06-01,584596,484424,584925
"Toronto",2015-07-01,585460,484570,585190
"Toronto",2015-08-01,586365,484700,585423
"Toronto",2015-09-01,587309,484815,585628
"Toronto",2015-10-01,588286,484917,585810
"Toronto",2015-11-01,589292,485006,585973
"Toronto",2015-12-01,590322,485085,586122
"Toronto",2016-01-01,591372,485155,586262
"Toronto",2016-02-01,592436,485217,586398
"Toronto",2016-03-01,593510,485274,586535
"Toronto",2016-04-01,594590,485326,586676
"Toronto",2016-05-01,595669,485375,586828
"Toronto",2016-06-01,596744,485422,586994
"Toronto",2016-07-01,597810,485470,587180
"Toronto",2016-08-01,598865,485520,587389
"Toronto",2016-09-01,599918,485578,587624
"Toronto",2016-10-01,600984,485649,587885
"Toronto",2016-11-01,602074,485741,588175
"Toronto",2016-12-01,603201,485858,588493
"Toronto",2017-01-01,604379,486007,588842
"Toronto",2017-02-01,605620,486195,589222
"Toronto",2017-03-01,606936,486427,589635
"Toronto",2017-04-01,608342,486710,590082
"Toronto",2017-05-01,609849,487048,590565
"Toronto",2017-06-01,611471,487450,591083
"Toronto",2017-07-01,613220,487920,591640
"Toronto",2017-08-01,615105,488462,592234
"Toronto",2017-09-01,617116,489068,592861
"Toronto",2017-10-01,619239,489728,593514
"Toronto",2017-11-01,621460,490430,594187
"Toronto",2017-12-01,623766,491163,594873
"Toronto",2018-01-01,626141,491918,595566
"Toronto",2018-02-01,628573,492682,596260
"Toronto",2018-03-01,631046,493446,596949
"Toronto",2018-04-01,633548,494199,597626
"Toronto",2018-05-01,636063,494929,598284
"Toronto",2018-06-01,638579,495626,598917
"Toronto",2018-07-01,641080,496280,599520
"Toronto",2018-08-01,643554,496880,600085
"Toronto",2018-09-01,645992,497417,600608
"Toronto",2018-10-01,648383,497886,601084
"Toronto",2018-11-01,650721,498277,601509
"Toronto",2018-12-01,652997,498585,601876
"Toronto",2019-01-01,655200,498801,602182
"Toronto",2019-02-01,657324,498918,602421
"Toronto",2019-03-01,659359,498929,602589
"Toronto",2019-04-01,661297,498826,602680
"Toronto",2019-05-01,663129,498601,602691
"Toronto",2019-06-01,664846,498249,602616
"Toronto",2019-07-01,666440,497760,602450
"Toronto",2019-08-01,667902,497128,602189
"Toronto",2019-09-01,669223,496345,601827
"Toronto",2019-10-01,670396,495404,601360
"Toronto",2019-11-01,671410,494298,600783
"Toronto",2019-12-01,672258,493018,600091
"Toronto",2020-01-01,672930,491559,599279
"Toronto",2020-02-01,673419,489911,598343
"Toronto",2020-03-01,673715,488068,597277
"Toronto",2020-04-01,673810,486023,596077
"Toronto",2020-05-01,673695,483768,594738
"Toronto",2020-06-01,673362,481295,593255
"Toronto",2020-07-01,672802,478598,591623
"Toronto",2020-08-01,672006,475668,589837
"Toronto",2020-09-01,670966,472499,587893
"Toronto",2020-10-01,669672,469083,585786
"Toronto",2020-11-01,668117,465413,583510
"Toronto",2020-12-01,666291,461481,581061
"Toronto",2021-01-01,664187,457279,578435
"Toronto",2021-02-01,661795,452801,575625
"Toronto",2021-03-01,659106,448039,572629
"Toronto",2021-04-01,656113,442986,569439
"Toronto",2021-05-01,652806,437634,566053
"Toronto",2021-06-01,649176,431975,562464
"Toronto",2021-07-01,645216,426004,558669
"Toronto",2021-08-01,640916,419711,554661
"Toronto",2021-09-01,636268,413089,550437
"Toronto",2021-10-01,631263,406132,545992
"Toronto",2021-11-01,625893,398832,541320
"Toronto",2021-12-01,620148,391181,536417
"Vancouver",2013-01-01,271644,184641,201517
"Vancouver",2013-02-01,272319,184843,201559
"Vancouver",2013-03-01,272983,185046,201609
"Vancouver",2013-04-01,273637,185249,201666
"Vancouver",2013-05-01,274280,185453,201731
"Vancouver",2013-06-01,274915,185656,201802
"Vancouver",2013-07-01,275540,185860,201880
"Vancouver",2013-08-01,276156,186063,201964
"Vancouver",2013-09-01,276764,186266,202054
"Vancouver",2013-10-01,277364,186467,202150
"Vancouver",2013-11-01,277956,186668,202251
"Vancouver",2013-12-01,278541,186867,202357
"Vancouver",2014-01-01,279119,187064,202468
"Vancouver",2014-02-01,279690,187260,202583
"Vancouver",2014-03-01,280255,187453,202701
"Vancouver",2014-04-01,280814,187644,202824
"Vancouver",2014-05-01,281368,187832,202950
"Vancouver",2014-06-01,281916,188018,203079
"Vancouver",2014-07-01,282460,188200,203210
"Vancouver",2014-08-01,282999,188379,203344
"Vancouver",2014-09-01,283535,188554,203479
"Vancouver",2014-10-01,284066,188724,203616
"Vancouver",2014-11-01,284594,188889,203754
"Vancouver",2014-12-01,285118,189047,203892
"Vancouver",2015-01-01,285639,189200,204030
"Vancouver",2015-02-01,286157,189345,204166
"Vancouver",2015-03-01,286672,189482,204302
"Vancouver",2015-04-01,287185,189611,204436
"Vancouver",2015-05-01,287695,189731,204567
"Vancouver",2015-06-01,288203,189840,204695
"Vancouver",2015-07-01,288710,189940,204820
"Vancouver",2015-08-01,289215,190029,204941
"Vancouver",2015-09-01,289719,190108,205059
"Vancouver",2015-10-01,290224,190179,205173
"Vancouver",2015-11-01,290730,190242,205285
"Vancouver",2015-12-01,291238,190300,205395
"Vancouver",2016-01-01,291749,190353,205504
"Vancouver",2016-02-01,292264,190403,205611
"Vancouver",2016-03-01,292783,190451,205718
"Vancouver",2016-04-01,293309,190499,205825
"Vancouver",2016-05-01,293841,190547,205932
"Vancouver",2016-06-01,294381,190597,206040
"Vancouver",2016-07-01,294930,190650,206150
"Vancouver",2016-08-01,295488,190708,206262
"Vancouver",2016-09-01,296058,190772,206376
"Vancouver",2016-10-01,296640,190843,206493
"Vancouver",2016-11-01,297236,190923,206615
"Vancouver",2016-12-01,297849,191013,206741
"Vancouver",2017-01-01,298479,191115,206873
"Vancouver",2017-02-01,299128,191230,207011
"Vancouver",2017-03-01,299798,191359,207156
"Vancouver",2017-04-01,300491,191505,207309
"Vancouver",2017-05-01,301208,191667,207470
"Vancouver",2017-06-01,301950,191848,207640
"Vancouver",2017-07-01,302720,192050,207820
"Vancouver",2017-08-01,303518,192272,208010
"Vancouver",2017-09-01,304345,192514,208210
"Vancouver",2017-10-01,305198,192772,208417
"Vancouver",2017-11-01,306077,193043,208631
"Vancouver",2017-12-01,306980,193326,208851
"Vancouver",2018-01-01,307908,193617,209075
"Vancouver",2018-02-01,308858,193914,209301
"Vancouver",2018-03-01,309829,194215,209529
"Vancouver",2018-04-01,310821,194517,209757
"Vancouver",2018-05-01,311833,194816,209984
"Vancouver",2018-06-01,312863,195112,210209
"Vancouver",2018-07-01,313910,195400,210430
"Vancouver",2018-08-01,314974,195679,210646
"Vancouver",2018-09-01,316053,195946,210856
"Vancouver",2018-10-01,317148,196201,211060
"Vancouver",2018-11-01,318257,196440,211256
"Vancouver",2018-12-01,319381,196662,211443
"Vancouver",2019-01-01,320518,196866,211621
"Vancouver",2019-02-01,321668,197050,211788
"Vancouver",2019-03-01,322832,197212,211945
"Vancouver",2019-04-01,324007,197349,212089
"Vancouver",2019-05-01,325194,197461,212220
"Vancouver",2019-06-01,326392,197545,212337
"Vancouver",2019-07-01,327600,197600,212440
"Vancouver",2019-08-01,328819,197624,212527
"Vancouver",2019-09-01,330047,197615,212597
"Vancouver",2019-10-01,331284,197571,212650
"Vancouver",2019-11-01,332529,197491,212685
"Vancouver",2019-12-01,333783,197372,212700
"Vancouver",2020-01-01,335043,197213,212695
"Vancouver",2020-02-01,336311,197013,212669
"Vancouver",2020-03-01,337585,196768,212622
"Vancouver",2020-04-01,338866,196479,212551
"Vancouver",2020-05-01,340151,196142,212457
"Vancouver",2020-06-01,341441,195756,212338
"Vancouver",2020-07-01,342736,195319,212194
"Vancouver",2020-08-01,344034,194829,212023
"Vancouver",2020-09-01,345336,194285,211825
"Vancouver",2020-10-01,346640,193685,211599
"Vancouver",2020-11-01,347947,193027,211344
"Vancouver",2020-12-01,349255,192308,211059
"Vancouver",2021-01-01,350565,191529,210743
"Vancouver",2021-02-01,351875,190686,210396
"Vancouver",2021-03-01,353185,189777,210016
"Vancouver",2021-04-01,354495,188802,209602
"Vancouver",2021-05-01,355804,187758,209154
"Vancouver",2021-06-01,357112,186643,208671
"Vancouver",2021-07-01,358417,185456,208152
"Vancouver",2021-08-01,359721,184195,207595
"Vancouver",2021-09-01,361021,182858,207001
"Vancouver",2021-10-01,362318,181443,206367
"Vancouver",2021-11-01,363610,179948,205694
"Vancouver",2021-12-01,364898,178372,204981
"Victoria",2013-01-01,47668,25306,23083
"Victoria",2013-02-01,47773,25200,23136
"Victoria",2013-03-01,47879,25105,23185
"Victoria",2013-04-01,47986,25021,23231
"Victoria",2013-05-01,48093,24948,23273
"Victoria",2013-06-01,48201,24884,23313
"Victoria",2013-07-01,48310,24830,23350
"Victoria",2013-08-01,48419,24785,23384
"Victoria",2013-09-01,48529,24749,23416
"Victoria",2013-10-01,48638,24721,23446
"Victoria",2013-11-01,48748,24701,23474
"Victoria",2013-12-01,48858,24689,23499
"Victoria",2014-01-01,48968,24683,23523
"Victoria",2014-02-01,49078,24684,23546
"Victoria",2014-03-01,49187,24691,23567
"Victoria",2014-04-01,49296,24703,23586
"Victoria",2014-05-01,49405,24721,23605
"Victoria",2014-06-01,49513,24743,23623
"Victoria",2014-07-01,49620,24770,23640
"Victoria",2014-08-01,49726,24801,23657
"Victoria",2014-09-01,49832,24834,23673
"Victoria",2014-10-01,49935,24870,23690
"Victoria",2014-11-01,50037,24908,23707
"Victoria",2014-12-01,50137,24947,23725
"Victoria",2015-01-01,50234,24986,23744
"Victoria",2015-02-01,50328,25024,23764
"Victoria",2015-03-01,50418,25061,23786
"Victoria",2015-04-01,50505,25095,23811
"Victoria",2015-05-01,50588,25127,23838
"Victoria",2015-06-01,50666,25156,23867
"Victoria",2015-07-01,50740,25180,23900
"Victoria",2015-08-01,50809,25199,23936
"Victoria",2015-09-01,50873,25214,23975
"Victoria",2015-10-01,50934,25226,24017
"Victoria",2015-11-01,50993,25235,24060
"Victoria",2015-12-01,51050,25242,24106
"Victoria",2016-01-01,51107,25247,24152
"Victoria",2016-02-01,51164,25253,24199
"Victoria",2016-03-01,51223,25258,24247
"Victoria",2016-04-01,51284,25265,24294
"Victoria",2016-05-01,51348,25274,24341
"Victoria",2016-06-01,51417,25285,24386
"Victoria",2016-07-01,51490,25300,24430
"Victoria",2016-08-01,51569,25319,24472
"Victoria",2016-09-01,51653,25341,24512
"Victoria",2016-10-01,51741,25367,24551
"Victoria",2016-11-01,51831,25395,24588
"Victoria",2016-12-01,51922,25426,24624
"Victoria",2017-01-01,52014,25457,24659
"Victoria",2017-02-01,52104,25490,24693
"Victoria",2017-03-01,52193,25523,24727
"Victoria",2017-04-01,52277,25557,24760
"Victoria",2017-05-01,52358,25589,24793
"Victoria",2017-06-01,52432,25620,24827
"Victoria",2017-07-01,52500,25650,24860
"Victoria",2017-08-01,52560,25677,24894
"Victoria",2017-09-01,52613,25703,24928
"Victoria",2017-10-01,52661,25727,24962
"Victoria",2017-11-01,52705,25749,24997
"Victoria",2017-12-01,52746,25770,25032
"Victoria",2018-01-01,52785,25789,25068
"Victoria",2018-02-01,52825,25808,25103
"Victoria",2018-03-01,52866,25827,25138
"Victoria",2018-04-01,52909,25845,25174
"Victoria",2018-05-01,52957,25863,25209
"Victoria",2018-06-01,53010,25881,25245
"Victoria",2018-07-01,53070,25900,25280
"Victoria",2018-08-01,53138,25919,25315
"Victoria",2018-09-01,53215,25939,25350
"Victoria",2018-10-01,53301,25960,25385
"Victoria",2018-11-01,53398,25982,25419
"Victoria",2018-12-01,53507,26005,25454
"Victoria",2019-01-01,53628,26029,25488
"Victoria",2019-02-01,53762,26054,25522
"Victoria",2019-03-01,53910,26080,25556
"Victoria",2019-04-01,54073,26108,25590
"Victoria",2019-05-01,54252,26137,25623
"Victoria",2019-06-01,54447,26168,25657
"Victoria",2019-07-01,54660,26200,25690
"Victoria",2019-08-01,54891,26234,25723
"Victoria",2019-09-01,55141,26270,25756
"Victoria",2019-10-01,55411,26307,25789
"Victoria",2019-11-01,55701,26347,25821
"Victoria",2019-12-01,56014,26389,25854
"Victoria",2020-01-01,56348,26433,25886
"Victoria",2020-02-01,56706,26479,25918
"Victoria",2020-03-01,57089,26527,25950
"Victoria",2020-04-01,57496,26578,25981
"Victoria",2020-05-01,57929,26631,26013
"Victoria",2020-06-01,58388,26687,26044
"Victoria",2020-07-01,58876,26745,26075
"Victoria",2020-08-01,59391,26806,26106
"Victoria",2020-09-01,59936,26870,26137
"Victoria",2020-10-01,60511,26937,26168
"Victoria",2020-11-01,61117,27007,26198
"Victoria",2020-12-01,61754,27080,26228
"Victoria",2021-01-01,62424,27157,26259
"Victoria",2021-02-01,63128,27236,26289
"Victoria",2021-03-01,63866,27319,26318
"Victoria",2021-04-01,64639,27405,26348
"Victoria",2021-05-01,65448,27495,26377
"Victoria",2021-06-01,66294,27588,26407
"Victoria",2021-07-01,67177,27685,26436
"Victoria",2021-08-01,68099,27786,26465
"Victoria",2021-09-01,69060,27891,26493
"Victoria",2021-10-01,70062,28000,26522
"Victoria",2021-11-01,71104,28113,26550
"Victoria",2021-12-01,72189,28230,26579
"Windsor",2013-01-01,34435,25487,32136
"Windsor",2013-02-01,34452,25528,32072
"Windsor",2013-03-01,34471,25562,32015
"Windsor",2013-04-01,34494,25590,31963
"Windsor",2013-05-01,34520,25612,31917
"Windsor",2013-06-01,34548,25629,31876
"Windsor",2013-07-01,34580,25640,31840
"Windsor",2013-08-01,34614,25646,31809
"Windsor",2013-09-01,34651,25648,31784
"Windsor",2013-10-01,34691,25645,31762
"Windsor",2013-11-01,34733,25637,31746
"Windsor",2013-12-01,34778,25627,31733
"Windsor",2014-01-01,34824,25612,31725
"Windsor",2014-02-01,34874,25595,31721
"Windsor",2014-03-01,34925,25574,31720
"Windsor",2014-04-01,34978,25551,31723
"Windsor",2014-05-01,35034,25526,31729
"Windsor",2014-06-01,35091,25499,31738
"Windsor",2014-07-01,35150,25470,31750
"Windsor",2014-08-01,35211,25440,31765
"Windsor",2014-09-01,35273,25409,31782
"Windsor",2014-10-01,35337,25378,31801
"Windsor",2014-11-01,35402,25347,31822
"Windsor",2014-12-01,35468,25316,31845
"Windsor",2015-01-01,35536,25287,31868
"Windsor",2015-02-01,35603,25260,31892
"Windsor",2015-03-01,35672,25235,31916
"Windsor",2015-04-01,35741,25213,31941
"Windsor",2015-05-01,35811,25195,31965
"Windsor",2015-06-01,35880,25180,31988
"Windsor",2015-07-01,35950,25170,32010
"Windsor",2015-08-01,36020,25165,32031
"Windsor",2015-09-01,36089,25163,32051
"Windsor",2015-10-01,36159,25166,32070
"Windsor",2015-11-01,36230,25172,32089
"Windsor",2015-12-01,36300,25181,32109
"Windsor",2016-01-01,36372,25192,32129
"Windsor",2016-02-01,36445,25204,32150
"Windsor",2016-03-01,36519,25218,32173
"Windsor",2016-04-01,36594,25232,32198
"Windsor",2016-05-01,36671,25245,32226
"Windsor",2016-06-01,36750,25258,32256
"Windsor",2016-07-01,36830,25270,32290
"Windsor",2016-08-01,36912,25280,32327
"Windsor",2016-09-01,36996,25288,32367
"Windsor",2016-10-01,37079,25294,32408
"Windsor",2016-11-01,37161,25299,32449
"Windsor",2016-12-01,37241,25301,32489
"Windsor",2017-01-01,37318,25302,32527
"Windsor",2017-02-01,37391,25300,32561
"Windsor",2017-03-01,37458,25296,32591
"Windsor",2017-04-01,37518,25290,32615
"Windsor",2017-05-01,37571,25282,32632
"Windsor",2017-06-01,37615,25272,32641
"Windsor",2017-07-01,37650,25260,32640
"Windsor",2017-08-01,37674,25246,32629
"Windsor",2017-09-01,37689,25229,32609
"Windsor",2017-10-01,37696,25211,32581
"Windsor",2017-11-01,37695,25191,32546
"Windsor",2017-12-01,37689,25170,32506
"Windsor",2018-01-01,37679,25148,32463
"Windsor",2018-02-01,37666,25126,32417
"Windsor",2018-03-01,37651,25103,32370
"Windsor",2018-04-01,37636,25079,32323
"Windsor",2018-05-01,37621,25056,32279
"Windsor",2018-06-01,37609,25033,32237
"Windsor",2018-07-01,37600,25010,32200
"Windsor",2018-08-01,37596,24988,32169
"Windsor",2018-09-01,37597,24967,32144
"Windsor",2018-10-01,37605,24947,32127
"Windsor",2018-11-01,37620,24929,32119
"Windsor",2018-12-01,37643,24911,32120
"Windsor",2019-01-01,37675,24896,32131
"Windsor",2019-02-01,37717,24883,32153
"Windsor",2019-03-01,37769,24871,32187
"Windsor",2019-04-01,37833,24862,32234
"Windsor",2019-05-01,37909,24855,32295
"Windsor",2019-06-01,37997,24851,32370
"Windsor",2019-07-01,38100,24850,32460
"Windsor",2019-08-01,38217,24852,32567
"Windsor",2019-09-01,38350,24857,32690
"Windsor",2019-10-01,38499,24865,32832
"Windsor",2019-11-01,38665,24877,32993
"Windsor",2019-12-01,38849,24893,33173
"Windsor",2020-01-01,39051,24913,33374
"Windsor",2020-02-01,39273,24937,33596
"Windsor",2020-03-01,39516,24965,33840
"Windsor",2020-04-01,39780,24998,34108
"Windsor",2020-05-01,40065,25036,34400
"Windsor",2020-06-01,40374,25078,34716
"Windsor",2020-07-01,40706,25126,35058
"Windsor",2020-08-01,41063,25179,35427
"Windsor",2020-09-01,41445,25238,35823
"Windsor",2020-10-01,41854,25302,36248
"Windsor",2020-11-01,42289,25372,36702
"Windsor",2020-12-01,42752,25448,37185
"Windsor",2021-01-01,43243,25531,37700
"Windsor",2021-02-01,43764,25620,38246
"Windsor",2021-03-01,44316,25715,38825
"Windsor",2021-04-01,44898,25818,39438
"Windsor",2021-05-01,45512,25927,40085
"Windsor",2021-06-01,46159,26044,40767
"Windsor",2021-07-01,46839,26168,41485
"Windsor",2021-08-01,47554,26300,42240
"Windsor",2021-09-01,48304,26440,43033
"Windsor",2021-10-01,49090,26587,43865
"Windsor",2021-11-01,49913,26743,44736
"Windsor",2021-12-01,50773,26907,45647
