"GEO","Date","Age0_17","Age18_64","Age65_over"
"Alberta",2013-01-01,911337,2442941,431564
"Alberta",2013-02-01,912480,2460502,433799
"Alberta",2013-03-01,913691,2476698,435950
"Alberta",2013-04-01,914967,2491578,438020
"Alberta",2013-05-01,916305,2505189,440014
"Alberta",2013-06-01,917700,2517580,441936
"Alberta",2013-07-01,919150,2528800,443790
"Alberta",2013-08-01,920650,2538897,445579
"Alberta",2013-09-01,922198,2547920,447308
"Alberta",2013-10-01,923789,2555916,448980
"Alberta",2013-11-01,925419,2562935,450600
"Alberta",2013-12-01,927086,2569024,452171
"Alberta",2014-01-01,928785,2574233,453697
"Alberta",2014-02-01,930514,2578609,455183
"Alberta",2014-03-01,932267,2582202,456632
"Alberta",2014-04-01,934042,2585058,458048
"Alberta",2014-05-01,935835,2587228,459436
"Alberta",2014-06-01,937642,2588759,460798
"Alberta",2014-07-01,939460,2589700,462140
"Alberta",2014-08-01,941285,2590100,463465
"Alberta",2014-09-01,943110,2590014,464777
"Alberta",2014-10-01,944929,2589497,466082
"Alberta",2014-11-01,946735,2588604,467383
"Alberta",2014-12-01,948521,2587391,468685
"Alberta",2015-01-01,950282,2585914,469992
"Alberta",2015-02-01,952010,2584228,471309
"Alberta",2015-03-01,953699,2582388,472641
"Alberta",2015-04-01,955342,2580449,473991
"Alberta",2015-05-01,956933,2578468,475365
"Alberta",2015-06-01,958464,2576500,476766
"Alberta",2015-07-01,959930,2574600,478200
"Alberta",2015-08-01,961326,2572818,479670
"Alberta",2015-09-01,962658,2571179,481178
"Alberta",2015-10-01,963934,2569705,482727
"Alberta",2015-11-01,965163,2568415,484319
"Alberta",2015-12-01,966353,2567330,485955
"Alberta",2016-01-01,967512,2566471,487637
"Alberta",2016-02-01,968649,2565856,489367
"Alberta",2016-03-01,969772,2565508,491148
"Alberta",2016-04-01,970889,2565446,492981
"Alberta",2016-05-01,972009,2565690,494867
"Alberta",2016-06-01,973140,2566262,496810
"Alberta",2016-07-01,974290,2567180,498810
"Alberta",2016-08-01,975466,2568455,500869
"Alberta",2016-09-01,976667,2570055,502980
"Alberta",2016-10-01,977890,2571937,505137
"Alberta",2016-11-01,979132,2574057,507333
"Alberta",2016-12-01,980391,2576374,509561
"Alberta",2017-01-01,981663,2578844,511813
"Alberta",2017-02-01,982945,2581424,514084
"Alberta",2017-03-01,984236,2584071,516365
"Alberta",2017-04-01,985531,2586744,518650
"Alberta",2017-05-01,986829,2589398,520933
"Alberta",2017-06-01,988126,2591991,523205
"Alberta",2017-07-01,989420,2594480,525460
"Alberta",2017-08-01,990708,2596833,527693
"Alberta",2017-09-01,991989,2599060,529903
"Alberta",2017-10-01,993264,2601181,532093
"Alberta",2017-11-01,994531,2603216,534264
"Alberta",2017-12-01,995791,2605187,536419
"Alberta",2018-01-01,997043,2607114,538558
"Alberta",2018-02-01,998287,2609017,540684
"Alberta",2018-03-01,999523,2610916,542799
"Alberta",2018-04-01,1000751,2612833,544904
"Alberta",2018-05-01,1001970,2614787,547002
"Alberta",2018-06-01,1003180,2616799,549093
"Alberta",2018-07-01,1004380,2618890,551180
"Alberta",2018-08-01,1005571,2621078,553264
"Alberta",2018-09-01,1006751,2623373,555346
"Alberta",2018-10-01,1007920,2625782,557426
"Alberta",2018-11-01,1009077,2628314,559503
"Alberta",2018-12-01,1010222,2630977,561577
"Alberta",2019-01-01,1011353,2633777,563650
"Alberta",2019-02-01,1012469,2636724,565720
"Alberta",2019-03-01,1013571,2639824,567788
"Alberta",2019-04-01,1014657,2643086,569854
"Alberta",2019-05-01,1015725,2646517,571918
"Alberta",2019-06-01,1016777,2650126,573980
"Alberta",2019-07-01,1017810,2653920,576040
"Alberta",2019-08-01,1018824,2657907,578098
"Alberta",2019-09-01,1019818,2662094,580154
"Alberta",2019-10-01,1020792,2666490,582208
"Alberta",2019-11-01,1021744,2671102,584260
"Alberta",2019-12-01,1022674,2675939,586310
"Alberta",2020-01-01,1023581,2681007,588359
"Alberta",2020-02-01,1024465,2686316,590406
"Alberta",2020-03-01,1025323,2691872,592451
"Alberta",2020-04-01,1026157,2697683,594494
"Alberta",2020-05-01,1026964,2703758,596536
"Alberta",2020-06-01,1027744,2710103,598577
"Alberta",2020-07-01,1028497,2716728,600615
"Alberta",2020-08-01,1029221,2723639,602653
"Alberta",2020-09-01,1029916,2730845,604689
"Alberta",2020-10-01,1030581,2738354,606723
"Alberta",2020-11-01,1031215,2746172,608756
"Alberta",2020-12-01,1031817,2754308,610788
"Alberta",2021-01-01,1032387,2762771,612818
"Alberta",2021-02-01,1032924,2771567,614848
"Alberta",2021-03-01,1033426,2780704,616876
"Alberta",2021-04-01,1033894,2790191,618902
"Alberta",2021-05-01,1034327,2800034,620928
"Alberta",2021-06-01,1034723,2810243,622953
"Alberta",2021-07-01,1035081,2820824,624976
"Alberta",2021-08-01,1035402,2831786,626999
"Alberta",2021-09-01,1035684,2843136,629021
"Alberta",2021-10-01,1035927,2854883,631041
"Alberta",2021-11-01,1036129,2867033,633061
"Alberta",2021-12-01,1036291,2879595,635080
"British Columbia",2013-01-01,833343,2788162,729338
"British Columbia",2013-02-01,832016,2790851,732148
"British Columbia",2013-03-01,830867,2793506,734954
"British Columbia",2013-04-01,829888,2796127,737755
"British Columbia",2013-05-01,829074,2798717,740552
"British Columbia",2013-06-01,828417,2801278,743344
"British Columbia",2013-07-01,827910,2803810,746130
"British Columbia",2013-08-01,827547,2806315,748911
"British Columbia",2013-09-01,827321,2808796,751686
"British Columbia",2013-10-01,827225,2811252,754455
"British Columbia",2013-11-01,827253,2813686,757218
"British Columbia",2013-12-01,827397,2816100,759975
"British Columbia",2014-01-01,827651,2818494,762725
"British Columbia",2014-02-01,828008,2820870,765468
"British Columbia",2014-03-01,828461,2823231,768204
"British Columbia",2014-04-01,829004,2825576,770932
"British Columbia",2014-05-01,829629,2827909,773653
"British Columbia",2014-06-01,830330,2830229,776365
"British Columbia",2014-07-01,831100,2832540,779070
"British Columbia",2014-08-01,831932,2834842,781766
"British Columbia",2014-09-01,832817,2837133,784453
"British Columbia",2014-10-01,833745,2839415,787129
"British Columbia",2014-11-01,834707,2841684,789794
"British Columbia",2014-12-01,835693,2843940,792447
"British Columbia",2015-01-01,836695,2846183,795086
"British Columbia",2015-02-01,837702,2848411,797712
"British Columbia",2015-03-01,838705,2850623,800322
"British Columbia",2015-04-01,839695,2852818,802915
"British Columbia",2015-05-01,840662,2854995,805492
"British Columbia",2015-06-01,841597,2857152,808051
"British Columbia",2015-07-01,842490,2859290,810590
"British Columbia",2015-08-01,843334,2861409,813110
"British Columbia",2015-09-01,844131,2863518,815612
"British Columbia",2015-10-01,844885,2865629,818100
"British Columbia",2015-11-01,845599,2867755,820576
"British Columbia",2015-12-01,846277,2869906,823042
"British Columbia",2016-01-01,846924,2872095,825502
"British Columbia",2016-02-01,847542,2874333,827958
"British Columbia",2016-03-01,848137,2876632,830412
"British Columbia",2016-04-01,848711,2879003,832868
"British Columbia",2016-05-01,849269,2881459,835328
"British Columbia",2016-06-01,849814,2884011,837794
"British Columbia",2016-07-01,850350,2886670,840270
"British Columbia",2016-08-01,850881,2889446,842758
"British Columbia",2016-09-01,851406,2892339,845259
"British Columbia",2016-10-01,851927,2895344,847775
"British Columbia",2016-11-01,852441,2898459,850308
"British Columbia",2016-12-01,852949,2901679,852859
"British Columbia",2017-01-01,853451,2905002,855430
"British Columbia",2017-02-01,853946,2908424,858022
"British Columbia",2017-03-01,854434,2911941,860636
"British Columbia",2017-04-01,854915,2915551,863274
"British Columbia",2017-05-01,855388,2919250,865939
"British Columbia",2017-06-01,855853,2923034,868630
"British Columbia",2017-07-01,856310,2926900,871350
"British Columbia",2017-08-01,856759,2930846,874099
"British Columbia",2017-09-01,857202,2934871,876874
"British Columbia",2017-10-01,857641,2938976,879669
"British Columbia",2017-11-01,858079,2943163,882480
"British Columbia",2017-12-01,858519,2947432,885302
"British Columbia",2018-01-01,858963,2951785,888130
"British Columbia",2018-02-01,859413,2956221,890959
"British Columbia",2018-03-01,859872,2960741,893785
"British Columbia",2018-04-01,860343,2965348,896603
"British Columbia",2018-05-01,860828,2970041,899408
"British Columbia",2018-06-01,861329,2974821,902195
"British Columbia",2018-07-01,861850,2979690,904960
"British Columbia",2018-08-01,862392,2984648,907697
"British Columbia",2018-09-01,862958,2989694,910404
"British Columbia",2018-10-01,863549,2994830,913076
"British Columbia",2018-11-01,864168,3000056,915710
"British Columbia",2018-12-01,864816,3005370,918302
"British Columbia",2019-01-01,865495,3010774,920850
"British Columbia",2019-02-01,866208,3016266,923349
"British Columbia",2019-03-01,866956,3021849,925795
"British Columbia",2019-04-01,867741,3027520,928186
"British Columbia",2019-05-01,868566,3033281,930518
"British Columbia",2019-06-01,869431,3039131,932787
"British Columbia",2019-07-01,870340,3045070,934990
"British Columbia",2019-08-01,871294,3051099,937123
"British Columbia",2019-09-01,872294,3057217,939183
"British Columbia",2019-10-01,873344,3063424,941165
"British Columbia",2019-11-01,874444,3069721,943068
"British Columbia",2019-12-01,875597,3076107,944886
"British Columbia",2020-01-01,876805,3082583,946617
"British Columbia",2020-02-01,878070,3089148,948257
"British Columbia",2020-03-01,879393,3095803,949802
"British Columbia",2020-04-01,880777,3102547,951249
"British Columbia",2020-05-01,882224,3109380,952595
"British Columbia",2020-06-01,883735,3116303,953835
"British Columbia",2020-07-01,885313,3123316,954967
"British Columbia",2020-08-01,886959,3130418,955986
"British Columbia",2020-09-01,888675,3137610,956890
"British Columbia",2020-10-01,890464,3144891,957674
"British Columbia",2020-11-01,892326,3152262,958335
"British Columbia",2020-12-01,894266,3159723,958870
"British Columbia",2021-01-01,896283,3167273,959276
"British Columbia",2021-02-01,898380,3174913,959547
"British Columbia",2021-03-01,900560,3182643,959682
"British Columbia",2021-04-01,902823,3190462,959676
"British Columbia",2021-05-01,905173,3198371,959526
"British Columbia",2021-06-01,907610,3206369,959229
"British Columbia",2021-07-01,910138,3214458,958780
"British Columbia",2021-08-01,912757,3222636,958177
"British Columbia",2021-09-01,915470,3230904,957415
"British Columbia",2021-10-01,918278,3239262,956492
"British Columbia",2021-11-01,921185,3247710,955403
"British Columbia",2021-12-01,924191,3256247,954146
"Calgary",2013-01-01,296769,849124,129628
"Calgary",2013-02-01,296952,854833,130807
"Calgary",2013-03-01,297194,860119,131916
"Calgary",2013-04-01,297493,864997,132958
"Calgary",2013-05-01,297846,869481,133935
"Calgary",2013-06-01,298249,873587,134852
"Calgary",2013-07-01,298700,877330,135710
"Calgary",2013-08-01,299196,880725,136513
"Calgary",2013-09-01,299735,883787,137265
"Calgary",2013-10-01,300313,886531,137968
"Calgary",2013-11-01,300928,888972,138626
"Calgary",2013-12-01,301578,891126,139241
"Calgary",2014-01-01,302258,893007,139816
"Calgary",2014-02-01,302967,894630,140356
"Calgary",2014-03-01,303701,896011,140863
"Calgary",2014-04-01,304459,897164,141339
"Calgary",2014-05-01,305236,898105,141789
"Calgary",2014-06-01,306031,898849,142215
"Calgary",2014-07-01,306840,899410,142620
"Calgary",2014-08-01,307661,899804,143008
"Calgary",2014-09-01,308488,900048,143381
"Calgary",2014-10-01,309318,900157,143744
"Calgary",2014-11-01,310145,900148,144098
"Calgary",2014-12-01,310965,900037,144448
"Calgary",2015-01-01,311773,899840,144796
"Calgary",2015-02-01,312564,899573,145146
"Calgary",2015-03-01,313333,899254,145500
"Calgary",2015-04-01,314076,898898,145863
"Calgary",2015-05-01,314788,898521,146236
"Calgary",2015-06-01,315464,898139,146624
"Calgary",2015-07-01,316100,897770,147030
"Calgary",2015-08-01,316692,897428,147456
"Calgary",2015-09-01,317243,897124,147906
"Calgary",2015-10-01,317760,896870,148383
"Calgary",2015-11-01,318246,896674,148888
"Calgary",2015-12-01,318707,896547,149425
"Calgary",2016-01-01,319148,896500,149998
"Calgary",2016-02-01,319574,896543,150608
"Calgary",2016-03-01,319991,896686,151258
"Calgary",2016-04-01,320403,896938,151952
"Calgary",2016-05-01,320815,897311,152691
"Calgary",2016-06-01,321232,897815,153480
"Calgary",2016-07-01,321660,898460,154320
"Calgary",2016-08-01,322102,899251,155213
"Calgary",2016-09-01,322559,900175,156152
"Calgary",2016-10-01,323028,901213,157130
"Calgary",2016-11-01,323508,902348,158139
"Calgary",2016-12-01,323998,903561,159171
"Calgary",2017-01-01,324496,904833,160217
"Calgary",2017-02-01,325000,906146,161270
"Calgary",2017-03-01,325510,907482,162322
"Calgary",2017-04-01,326023,908823,163365
"Calgary",2017-05-01,326538,910150,164391
"Calgary",2017-06-01,327055,911445,165392
"Calgary",2017-07-01,327570,912690,166360
"Calgary",2017-08-01,328083,913871,167289
"Calgary",2017-09-01,328595,914993,168182
"Calgary",2017-10-01,329105,916068,169041
"Calgary",2017-11-01,329614,917105,169872
"Calgary",2017-12-01,330122,918116,170677
"Calgary",2018-01-01,330629,919109,171462
"Calgary",2018-02-01,331137,920096,172230
"Calgary",2018-03-01,331645,921087,172984
"Calgary",2018-04-01,332154,922093,173729
"Calgary",2018-05-01,332665,923123,174469
"Calgary",2018-06-01,333176,924189,175208
"Calgary",2018-07-01,333690,925300,175950
"Calgary",2018-08-01,334206,926466,176698
"Calgary",2018-09-01,334724,927693,177454
"Calgary",2018-10-01,335245,928985,178220
"Calgary",2018-11-01,335768,930348,178998
"Calgary",2018-12-01,336294,931784,179788
"Calgary",2019-01-01,336822,933300,180594
"Calgary",2019-02-01,337352,934900,181415
"Calgary",2019-03-01,337885,936588,182254
"Calgary",2019-04-01,338420,938370,183113
"Calgary",2019-05-01,338957,940249,183992
"Calgary",2019-06-01,339497,942231,184894
"Calgary",2019-07-01,340040,944320,185820
"Calgary",2019-08-01,340585,946521,186772
"Calgary",2019-09-01,341133,948838,187751
"Calgary",2019-10-01,341683,951276,188758
"Calgary",2019-11-01,342235,953840,189796
"Calgary",2019-12-01,342790,956534,190867
"Calgary",2020-01-01,343348,959363,191970
"Calgary",2020-02-01,343908,962332,193109
"Calgary",2020-03-01,344471,965445,194285
"Calgary",2020-04-01,345036,968707,195498
"Calgary",2020-05-01,345604,972123,196752
"Calgary",2020-06-01,346175,975697,198047
"Calgary",2020-07-01,346748,979433,199386
"Calgary",2020-08-01,347324,983338,200769
"Calgary",2020-09-01,347902,987414,202198
"Calgary",2020-10-01,348483,991667,203674
"Calgary",2020-11-01,349067,996102,205201
"Calgary",2020-12-01,349653,1000723,206778
"Calgary",2021-01-01,350242,1005534,208407
"Calgary",2021-02-01,350834,1010541,210091
"Calgary",2021-03-01,351429,1015748,211831
"Calgary",2021-04-01,352026,1021160,213627
"Calgary",2021-05-01,352626,1026781,215483
"Calgary",2021-06-01,353228,1032616,217399
"Calgary",2021-07-01,353834,1038670,219377
"Calgary",2021-08-01,354442,1044947,221419
"Calgary",2021-09-01,355053,1051452,223525
"Calgary",2021-10-01,355667,1058190,225699
"Calgary",2021-11-01,356283,1065164,227941
"Calgary",2021-12-01,356902,1072381,230252
"Edmonton",2013-01-01,274126,779652,141431
"Edmonton",2013-02-01,274280,784453,141592
"Edmonton",2013-03-01,274511,788993,141787
"Edmonton",2013-04-01,274815,793279,142017
"Edmonton",2013-05-01,275188,797319,142280
"Edmonton",2013-06-01,275628,801120,142575
"Edmonton",2013-07-01,276130,804690,142900
"Edmonton",2013-08-01,276691,808036,143254
"Edmonton",2013-09-01,277309,811166,143635
"Edmonton",2013-10-01,277978,814087,144043
"Edmonton",2013-11-01,278696,816807,144475
"Edmonton",2013-12-01,279460,819333,144931
"Edmonton",2014-01-01,280265,821673,145410
"Edmonton",2014-02-01,281109,823834,145909
"Edmonton",2014-03-01,281987,825824,146427
"Edmonton",2014-04-01,282897,827650,146964
"Edmonton",2014-05-01,283835,829319,147518
"Edmonton",2014-06-01,284797,830840,148087
"Edmonton",2014-07-01,285780,832220,148670
"Edmonton",2014-08-01,286780,833465,149266
"Edmonton",2014-09-01,287792,834582,149872
"Edmonton",2014-10-01,288810,835574,150487
"Edmonton",2014-11-01,289828,836446,151107
"Edmonton",2014-12-01,290841,837203,151730
"Edmonton",2015-01-01,291843,837850,152355
"Edmonton",2015-02-01,292828,838390,152978
"Edmonton",2015-03-01,293790,838830,153597
"Edmonton",2015-04-01,294724,839173,154210
"Edmonton",2015-05-01,295625,839424,154815
"Edmonton",2015-06-01,296485,839588,155409
"Edmonton",2015-07-01,297300,839670,155990
"Edmonton",2015-08-01,298066,839676,156556
"Edmonton",2015-09-01,298786,839623,157109
"Edmonton",2015-10-01,299466,839530,157653
"Edmonton",2015-11-01,300111,839416,158188
"Edmonton",2015-12-01,300727,839299,158720
"Edmonton",2016-01-01,301319,839199,159249
"Edmonton",2016-02-01,301893,839134,159779
"Edmonton",2016-03-01,302454,839123,160313
"Edmonton",2016-04-01,303008,839186,160854
"Edmonton",2016-05-01,303560,839340,161403
"Edmonton",2016-06-01,304115,839605,161964
"Edmonton",2016-07-01,304680,840000,162540
"Edmonton",2016-08-01,305258,840537,163132
"Edmonton",2016-09-01,305848,841205,163741
"Edmonton",2016-10-01,306448,841987,164364
"Edmonton",2016-11-01,307057,842864,165001
"Edmonton",2016-12-01,307671,843818,165649
"Edmonton",2017-01-01,308289,844833,166309
"Edmonton",2017-02-01,308908,845890,166978
"Edmonton",2017-03-01,309526,846971,167655
"Edmonton",2017-04-01,310142,848060,168339
"Edmonton",2017-05-01,310753,849137,169029
"Edmonton",2017-06-01,311356,850187,169723
"Edmonton",2017-07-01,311950,851190,170420
"Edmonton",2017-08-01,312533,852134,171119
"Edmonton",2017-09-01,313105,853024,171819
"Edmonton",2017-10-01,313668,853870,172521
"Edmonton",2017-11-01,314222,854682,173223
"Edmonton",2017-12-01,314768,855470,173926
"Edmonton",2018-01-01,315309,856243,174630
"Edmonton",2018-02-01,315843,857012,175333
"Edmonton",2018-03-01,316373,857787,176036
"Edmonton",2018-04-01,316900,858577,176739
"Edmonton",2018-05-01,317424,859393,177440
"Edmonton",2018-06-01,317947,860244,178141
"Edmonton",2018-07-01,318470,861140,178840
"Edmonton",2018-08-01,318993,862090,179537
"Edmonton",2018-09-01,319517,863100,180233
"Edmonton",2018-10-01,320043,864174,180925
"Edmonton",2018-11-01,320570,865316,181615
"Edmonton",2018-12-01,321100,866531,182301
"Edmonton",2019-01-01,321632,867823,182983
"Edmonton",2019-02-01,322167,869197,183660
"Edmonton",2019-03-01,322705,870656,184332
"Edmonton",2019-04-01,323248,872205,184999
"Edmonton",2019-05-01,323794,873850,185659
"Edmonton",2019-06-01,324344,875593,186313
"Edmonton",2019-07-01,324900,877440,186960
"Edmonton",2019-08-01,325461,879395,187599
"Edmonton",2019-09-01,326027,881462,188231
"Edmonton",2019-10-01,326600,883645,188854
"Edmonton",2019-11-01,327178,885950,189468
"Edmonton",2019-12-01,327764,888380,190072
"Edmonton",2020-01-01,328357,890940,190667
"Edmonton",2020-02-01,328957,893634,191251
"Edmonton",2020-03-01,329565,896466,191824
"Edmonton",2020-04-01,330181,899442,192386
"Edmonton",2020-05-01,330807,902565,192936
"Edmonton",2020-06-01,331441,905840,193474
"Edmonton",2020-07-01,332084,909271,193999
"Edmonton",2020-08-01,332738,912862,194510
"Edmonton",2020-09-01,333401,916619,195008
"Edmonton",2020-10-01,334076,920544,195491
"Edmonton",2020-11-01,334761,924644,195959
"Edmonton",2020-12-01,335457,928922,196412
"Edmonton",2021-01-01,336166,933382,196850
"Edmonton",2021-02-01,336886,938029,197271
"Edmonton",2021-03-01,337619,942867,197675
"Edmonton",2021-04-01,338365,947901,198063
"Edmonton",2021-05-01,339124,953136,198432
"Edmonton",2021-06-01,339896,958574,198783
"Edmonton",2021-07-01,340683,964222,199116
"Edmonton",2021-08-01,341484,970083,199429
"Edmonton",2021-09-01,342300,976161,199723
"Edmonton",2021-10-01,343131,982462,199996
"Edmonton",2021-11-01,343978,988989,200249
"Edmonton",2021-12-01,344840,995746,200481
"Sudbury",2013-01-01,31058,98092,25781
"Sudbury",2013-02-01,31112,98256,25952
"Sudbury",2013-03-01,31157,98390,26112
"Sudbury",2013-04-01,31194,98496,26260
"Sudbury",2013-05-01,31223,98575,26397
"Sudbury",2013-06-01,31245,98629,26523
"Sudbury",2013-07-01,31260,98660,26640
"Sudbury",2013-08-01,31269,98669,26748
"Sudbury",2013-09-01,31272,98657,26846
"Sudbury",2013-10-01,31270,98626,26937
"Sudbury",2013-11-01,31263,98579,27020
"Sudbury",2013-12-01,31252,98516,27096
"Sudbury",2014-01-01,31237,98438,27166
"Sudbury",2014-02-01,31218,98349,27230
"Sudbury",2014-03-01,31197,98248,27288
"Sudbury",2014-04-01,31173,98139,27342
"Sudbury",2014-05-01,31146,98021,27391
"Sudbury",2014-06-01,31119,97898,27437
"Sudbury",2014-07-01,31090,97770,27480
"Sudbury",2014-08-01,31061,97640,27520
"Sudbury",2014-09-01,31032,97510,27559
"Sudbury",2014-10-01,31005,97385,27598
"Sudbury",2014-11-01,30980,97267,27638
"Sudbury",2014-12-01,30959,97162,27680
"Sudbury",2015-01-01,30943,97072,27725
"Sudbury",2015-02-01,30933,97001,27775
"Sudbury",2015-03-01,30930,96953,27830
"Sudbury",2015-04-01,30935,96931,27892
"Sudbury",2015-05-01,30949,96939,27962
"Sudbury",2015-06-01,30974,96981,28041
"Sudbury",2015-07-01,31010,97060,28130
"Sudbury",2015-08-01,31058,97178,28230
"Sudbury",2015-09-01,31116,97331,28340
"Sudbury",2015-10-01,31183,97512,28457
"Sudbury",2015-11-01,31257,97713,28581
"Sudbury",2015-12-01,31334,97928,28708
"Sudbury",2016-01-01,31414,98151,28838
"Sudbury",2016-02-01,31495,98375,28968
"Sudbury",2016-03-01,31573,98593,29096
"Sudbury",2016-04-01,31648,98798,29222
"Sudbury",2016-05-01,31717,98983,29342
"Sudbury",2016-06-01,31779,99143,29455
"Sudbury",2016-07-01,31830,99270,29560
"Sudbury",2016-08-01,31870,99359,29655
"Sudbury",2016-09-01,31899,99413,29740
"Sudbury",2016-10-01,31918,99436,29816
"Sudbury",2016-11-01,31928,99433,29885
"Sudbury",2016-12-01,31930,99407,29948
"Sudbury",2017-01-01,31924,99363,30006
"Sudbury",2017-02-01,31912,99305,30059
"Sudbury",2017-03-01,31895,99238,30110
"Sudbury",2017-04-01,31873,99166,30158
"Sudbury",2017-05-01,31848,99092,30205
"Sudbury",2017-06-01,31820,99022,30252
"Sudbury",2017-07-01,31790,98960,30300
"Sudbury",2017-08-01,31759,98909,30350
"Sudbury",2017-09-01,31728,98868,30402
"Sudbury",2017-10-01,31697,98838,30456
"Sudbury",2017-11-01,31665,98815,30511
"Sudbury",2017-12-01,31633,98801,30567
"Sudbury",2018-01-01,31602,98792,30624
"Sudbury",2018-02-01,31571,98789,30681
"Sudbury",2018-03-01,31540,98789,30739
"Sudbury",2018-04-01,31511,98793,30797
"Sudbury",2018-05-01,31483,98798,30855
"Sudbury",2018-06-01,31456,98804,30913
"Sudbury",2018-07-01,31430,98810,30970
"Sudbury",2018-08-01,31406,98814,31026
"Sudbury",2018-09-01,31385,98817,31081
"Sudbury",2018-10-01,31365,98817,31136
"Sudbury",2018-11-01,31349,98816,31190
"Sudbury",2018-12-01,31336,98814,31242
"Sudbury",2019-01-01,31326,98809,31294
"Sudbury",2019-02-01,31320,98802,31346
"Sudbury",2019-03-01,31318,98794,31396
"Sudbury",2019-04-01,31321,98784,31446
"Sudbury",2019-05-01,31328,98771,31495
"Sudbury",2019-06-01,31341,98757,31543
"Sudbury",2019-07-01,31360,98740,31590
"Sudbury",2019-08-01,31385,98721,31637
"Sudbury",2019-09-01,31415,98700,31683
"Sudbury",2019-10-01,31453,98677,31728
"Sudbury",2019-11-01,31497,98651,31772
"Sudbury",2019-12-01,31549,98623,31816
"Sudbury",2020-01-01,31609,98593,31859
"Sudbury",2020-02-01,31677,98560,31902
"Sudbury",2020-03-01,31753,98525,31944
"Sudbury",2020-04-01,31838,98487,31985
"Sudbury",2020-05-01,31932,98447,32025
"Sudbury",2020-06-01,32035,98404,32065
"Sudbury",2020-07-01,32149,98358,32105
"Sudbury",2020-08-01,32272,98310,32143
"Sudbury",2020-09-01,32407,98258,32182
"Sudbury",2020-10-01,32552,98204,32219
"Sudbury",2020-11-01,32708,98148,32256
"Sudbury",2020-12-01,32876,98088,32293
"Sudbury",2021-01-01,33056,98025,32329
"Sudbury",2021-02-01,33248,97959,32364
"Sudbury",2021-03-01,33453,97891,32399
"Sudbury",2021-04-01,33671,97819,32433
"Sudbury",2021-05-01,33902,97744,32467
"Sudbury",2021-06-01,34147,97666,32501
"Sudbury",2021-07-01,34407,97584,32534
"Sudbury",2021-08-01,34680,97500,32566
"Sudbury",2021-09-01,34969,97412,32599
"Sudbury",2021-10-01,35272,97320,32630
"Sudbury",2021-11-01,35591,97225,32661
"Sudbury",2021-12-01,35926,97127,32692
"Guelph",2013-01-01,31665,90405,20709
"Guelph",2013-02-01,31614,90494,20817
"Guelph",2013-03-01,31568,90581,20921
"Guelph",2013-04-01,31528,90666,21021
"Guelph",2013-05-01,31493,90749,21118
"Guelph",2013-06-01,31464,90830,21211
"Guelph",2013-07-01,31440,90910,21300
"Guelph",2013-08-01,31421,90989,21386
"Guelph",2013-09-01,31406,91067,21469
"Guelph",2013-10-01,31397,91144,21550
"Guelph",2013-11-01,31391,91220,21627
"Guelph",2013-12-01,31390,91297,21702
"Guelph",2014-01-01,31394,91373,21775
"Guelph",2014-02-01,31401,91449,21845
"Guelph",2014-03-01,31412,91526,21913
"Guelph",2014-04-01,31426,91603,21980
"Guelph",2014-05-01,31444,91681,22045
"Guelph",2014-06-01,31466,91760,22108
"Guelph",2014-07-01,31490,91840,22170
"Guelph",2014-08-01,31517,91922,22231
"Guelph",2014-09-01,31548,92005,22291
"Guelph",2014-10-01,31581,92092,22351
"Guelph",2014-11-01,31618,92183,22410
"Guelph",2014-12-01,31658,92279,22470
"Guelph",2015-01-01,31701,92381,22531
"Guelph",2015-02-01,31747,92489,22593
"Guelph",2015-03-01,31797,92605,22656
"Guelph",2015-04-01,31850,92729,22721
"Guelph",2015-05-01,31906,92862,22788
"Guelph",2015-06-01,31966,93006,22857
"Guelph",2015-07-01,32030,93160,22930
"Guelph",2015-08-01,32097,93326,23006
"Guelph",2015-09-01,32167,93501,23084
"Guelph",2015-10-01,32238,93683,23165
"Guelph",2015-11-01,32309,93870,23247
"Guelph",2015-12-01,32380,94058,23329
"Guelph",2016-01-01,32449,94247,23412
"Guelph",2016-02-01,32516,94433,23495
"Guelph",2016-03-01,32578,94614,23576
"Guelph",2016-04-01,32636,94788,23656
"Guelph",2016-05-01,32688,94952,23734
"Guelph",2016-06-01,32733,95103,23809
"Guelph",2016-07-01,32770,95240,23880
"Guelph",2016-08-01,32798,95361,23947
"Guelph",2016-09-01,32818,95467,24011
"Guelph",2016-10-01,32832,95561,24072
"Guelph",2016-11-01,32839,95646,24130
"Guelph",2016-12-01,32841,95724,24187
"Guelph",2017-01-01,32840,95798,24242
"Guelph",2017-02-01,32836,95871,24296
"Guelph",2017-03-01,32830,95944,24349
"Guelph",2017-04-01,32823,96021,24403
"Guelph",2017-05-01,32817,96104,24457
"Guelph",2017-06-01,32812,96197,24513
"Guelph",2017-07-01,32810,96300,24570
"Guelph",2017-08-01,32811,96417,24629
"Guelph",2017-09-01,32816,96546,24691
"Guelph",2017-10-01,32823,96687,24754
"Guelph",2017-11-01,32834,96837,24819
"Guelph",2017-12-01,32847,96996,24886
"Guelph",2018-01-01,32863,97162,24954
"Guelph",2018-02-01,32881,97333,25023
"Guelph",2018-03-01,32902,97510,25093
"Guelph",2018-04-01,32924,97689,25164
"Guelph",2018-05-01,32948,97869,25235
"Guelph",2018-06-01,32973,98050,25308
"Guelph",2018-07-01,33000,98230,25380
"Guelph",2018-08-01,33028,98407,25453
"Guelph",2018-09-01,33057,98582,25525
"Guelph",2018-10-01,33087,98753,25598
"Guelph",2018-11-01,33119,98919,25671
"Guelph",2018-12-01,33151,99081,25744
"Guelph",2019-01-01,33185,99237,25816
"Guelph",2019-02-01,33221,99388,25889
"Guelph",2019-03-01,33258,99531,25962
"Guelph",2019-04-01,33296,99668,26034
"Guelph",2019-05-01,33336,99797,26106
"Guelph",2019-06-01,33377,99918,26178
"Guelph",2019-07-01,33420,100030,26250
"Guelph",2019-08-01,33465,100133,26322
"Guelph",2019-09-01,33511,100225,26393
"Guelph",2019-10-01,33559,100307,26464
"Guelph",2019-11-01,33609,100378,26534
"Guelph",2019-12-01,33660,100437,26604
"Guelph",2020-01-01,33714,100483,26674
"Guelph",2020-02-01,33770,100517,26743
"Guelph",2020-03-01,33827,100537,26811
"Guelph",2020-04-01,33886,100544,26879
"Guelph",2020-05-01,33948,100535,26947
"Guelph",2020-06-01,34012,100512,27013
"Guelph",2020-07-01,34077,100472,27080
"Guelph",2020-08-01,34145,100416,27145
"Guelph",2020-09-01,34216,100344,27210
"Guelph",2020-10-01,34288,100253,27274
"Guelph",2020-11-01,34363,100145,27337
"Guelph",2020-12-01,34440,100018,27399
"Guelph",2021-01-01,34520,99872,27460
"Guelph",2021-02-01,34602,99705,27521
"Guelph",2021-03-01,34687,99519,27580
"Guelph",2021-04-01,34775,99311,27639
"Guelph",2021-05-01,34864,99082,27697
"Guelph",2021-06-01,34957,98831,27753
"Guelph",2021-07-01,35052,98557,27809
"Guelph",2021-08-01,35150,98259,27863
"Guelph",2021-09-01,35251,97938,27916
"Guelph",2021-10-01,35355,97592,27968
"Guelph",2021-11-01,35462,97221,28019
"Guelph",2021-12-01,35571,96825,28068
"Hamilton",2013-01-01,152035,433666,117504
"Hamilton",2013-02-01,151767,434390,118066
"Hamilton",2013-03-01,151526,435054,118595
"Hamilton",2013-04-01,151310,435662,119093
"Hamilton",2013-05-01,151120,436215,119560
"Hamilton",2013-06-01,150953,436717,119999
"Hamilton",2013-07-01,150810,437170,120410
"Hamilton",2013-08-01,150689,437576,120795
"Hamilton",2013-09-01,150589,437939,121156
"Hamilton",2013-10-01,150509,438260,121494
"Hamilton",2013-11-01,150448,438542,121810
"Hamilton",2013-12-01,150406,438788,122106
"Hamilton",2014-01-01,150382,439000,122382
"Hamilton",2014-02-01,150374,439181,122641
"Hamilton",2014-03-01,150381,439334,122884
"Hamilton",2014-04-01,150404,439460,123112
"Hamilton",2014-05-01,150440,439564,123326
"Hamilton",2014-06-01,150489,439646,123528
"Hamilton",2014-07-01,150550,439710,123720
"Hamilton",2014-08-01,150622,439759,123902
"Hamilton",2014-09-01,150704,439796,124078
"Hamilton",2014-10-01,150795,439826,124248
"Hamilton",2014-11-01,150893,439854,124415
"Hamilton",2014-12-01,150998,439883,124582
"Hamilton",2015-01-01,151109,439918,124750
"Hamilton",2015-02-01,151224,439964,124922
"Hamilton",2015-03-01,151343,440024,125099
"Hamilton",2015-04-01,151464,440103,125284
"Hamilton",2015-05-01,151586,440206,125480
"Hamilton",2015-06-01,151708,440337,125688
"Hamilton",2015-07-01,151830,440500,125910
"Hamilton",2015-08-01,151950,440698,126148
"Hamilton",2015-09-01,152067,440928,126401
"Hamilton",2015-10-01,152182,441185,126667
"Hamilton",2015-11-01,152294,441465,126945
"Hamilton",2015-12-01,152402,441763,127232
"Hamilton",2016-01-01,152508,442074,127527
"Hamilton",2016-02-01,152609,442395,127829
"Hamilton",2016-03-01,152707,442719,128135
"Hamilton",2016-04-01,152800,443044,128444
"Hamilton",2016-05-01,152888,443364,128754
"Hamilton",2016-06-01,152972,443674,129063
"Hamilton",2016-07-01,153050,443970,129370
"Hamilton",2016-08-01,153123,444249,129673
"Hamilton",2016-09-01,153191,444514,129973
"Hamilton",2016-10-01,153253,444770,130270
"Hamilton",2016-11-01,153311,445022,130563
"Hamilton",2016-12-01,153365,445274,130854
"Hamilton",2017-01-01,153414,445530,131144
"Hamilton",2017-02-01,153460,445797,131431
"Hamilton",2017-03-01,153502,446078,131718
"Hamilton",2017-04-01,153541,446378,132003
"Hamilton",2017-05-01,153576,446702,132289
"Hamilton",2017-06-01,153609,447054,132574
"Hamilton",2017-07-01,153640,447440,132860
"Hamilton",2017-08-01,153668,447863,133147
"Hamilton",2017-09-01,153695,448320,133433
"Hamilton",2017-10-01,153721,448809,133720
"Hamilton",2017-11-01,153746,449327,134006
"Hamilton",2017-12-01,153771,449870,134291
"Hamilton",2018-01-01,153797,450435,134574
"Hamilton",2018-02-01,153823,451019,134855
"Hamilton",2018-03-01,153851,451618,135134
"Hamilton",2018-04-01,153882,452230,135409
"Hamilton",2018-05-01,153914,452852,135680
"Hamilton",2018-06-01,153950,453479,135947
"Hamilton",2018-07-01,153990,454110,136210
"Hamilton",2018-08-01,154034,454741,136467
"Hamilton",2018-09-01,154082,455369,136719
"Hamilton",2018-10-01,154136,455994,136965
"Hamilton",2018-11-01,154195,456615,137205
"Hamilton",2018-12-01,154261,457228,137438
"Hamilton",2019-01-01,154333,457833,137664
"Hamilton",2019-02-01,154412,458429,137883
"Hamilton",2019-03-01,154498,459012,138095
"Hamilton",2019-04-01,154593,459583,138299
"Hamilton",2019-05-01,154696,460139,138494
"Hamilton",2019-06-01,154808,460678,138682
"Hamilton",2019-07-01,154930,461200,138860
"Hamilton",2019-08-01,155062,461702,139029
"Hamilton",2019-09-01,155204,462183,139189
"Hamilton",2019-10-01,155357,462641,139339
"Hamilton",2019-11-01,155521,463075,139479
"Hamilton",2019-12-01,155697,463483,139609
"Hamilton",2020-01-01,155886,463863,139728
"Hamilton",2020-02-01,156088,464214,139836
"Hamilton",2020-03-01,156302,464534,139932
"Hamilton",2020-04-01,156531,464822,140017
"Hamilton",2020-05-01,156774,465075,140089
"Hamilton",2020-06-01,157032,465293,140150
"Hamilton",2020-07-01,157304,465474,140197
"Hamilton",2020-08-01,157593,465616,140232
"Hamilton",2020-09-01,157898,465717,140253
"Hamilton",2020-10-01,158219,465777,140261
"Hamilton",2020-11-01,158558,465792,140254
"Hamilton",2020-12-01,158915,465763,140234
"Hamilton",2021-01-01,159289,465686,140199
"Hamilton",2021-02-01,159682,465561,140148
"Hamilton",2021-03-01,160094,465386,140083
"Hamilton",2021-04-01,160526,465159,140002
"Hamilton",2021-05-01,160978,464879,139905
"Hamilton",2021-06-01,161450,464544,139792
"Hamilton",2021-07-01,161943,464152,139662
"Hamilton",2021-08-01,162458,463702,139515
"Hamilton",2021-09-01,162995,463192,139351
"Hamilton",2021-10-01,163554,462621,139170
"Hamilton",2021-11-01,164136,461987,138970
"Hamilton",2021-12-01,164742,461289,138753
"Kelowna",2013-01-01,33263,108417,35683
"Kelowna",2013-02-01,33198,108741,35832
"Kelowna",2013-03-01,33144,109060,35981
"Kelowna",2013-04-01,33099,109374,36129
"Kelowna",2013-05-01,33064,109684,36277
"Kelowna",2013-06-01,33037,109989,36424
"Kelowna",2013-07-01,33020,110290,36570
"Kelowna",2013-08-01,33011,110586,36716
"Kelowna",2013-09-01,33010,110878,36861
"Kelowna",2013-10-01,33016,111165,37006
"Kelowna",2013-11-01,33029,111448,37150
"Kelowna",2013-12-01,33050,111727,37293
"Kelowna",2014-01-01,33076,112001,37436
"Kelowna",2014-02-01,33109,112272,37579
"Kelowna",2014-03-01,33147,112538,37720
"Kelowna",2014-04-01,33191,112799,37861
"Kelowna",2014-05-01,33240,113057,38001
"Kelowna",2014-06-01,33293,113310,38141
"Kelowna",2014-07-01,33350,113560,38280
"Kelowna",2014-08-01,33411,113805,38418
"Kelowna",2014-09-01,33475,114047,38556
"Kelowna",2014-10-01,33543,114283,38693
"Kelowna",2014-11-01,33612,114514,38829
"Kelowna",2014-12-01,33683,114740,38965
"Kelowna",2015-01-01,33756,114960,39100
"Kelowna",2015-02-01,33829,115174,39234
"Kelowna",2015-03-01,33903,115382,39368
"Kelowna",2015-04-01,33976,115582,39502
"Kelowna",2015-05-01,34049,115776,39635
"Kelowna",2015-06-01,34120,115962,39768
"Kelowna",2015-07-01,34190,116140,39900
"Kelowna",2015-08-01,34258,116310,40032
"Kelowna",2015-09-01,34323,116474,40163
"Kelowna",2015-10-01,34387,116632,40294
"Kelowna",2015-11-01,34449,116787,40423
"Kelowna",2015-12-01,34509,116941,40552
"Kelowna",2016-01-01,34567,117094,40680
"Kelowna",2016-02-01,34624,117248,40806
"Kelowna",2016-03-01,34680,117406,40930
"Kelowna",2016-04-01,34734,117569,41053
"Kelowna",2016-05-01,34787,117737,41174
"Kelowna",2016-06-01,34839,117914,41293
"Kelowna",2016-07-01,34890,118100,41410
"Kelowna",2016-08-01,34940,118297,41524
"Kelowna",2016-09-01,34989,118503,41637
"Kelowna",2016-10-01,35037,118716,41747
"Kelowna",2016-11-01,35084,118935,41856
"Kelowna",2016-12-01,35129,119157,41963
"Kelowna",2017-01-01,35173,119381,42069
"Kelowna",2017-02-01,35215,119604,42174
"Kelowna",2017-03-01,35254,119826,42278
"Kelowna",2017-04-01,35292,120043,42381
"Kelowna",2017-05-01,35327,120254,42484
"Kelowna",2017-06-01,35360,120457,42587
"Kelowna",2017-07-01,35390,120650,42690
"Kelowna",2017-08-01,35417,120832,42793
"Kelowna",2017-09-01,35442,121004,42896
"Kelowna",2017-10-01,35465,121168,43000
"Kelowna",2017-11-01,35487,121326,43105
"Kelowna",2017-12-01,35507,121480,43209
"Kelowna",2018-01-01,35527,121632,43315
"Kelowna",2018-02-01,35547,121783,43422
"Kelowna",2018-03-01,35567,121936,43529
"Kelowna",2018-04-01,35588,122092,43638
"Kelowna",2018-05-01,35610,122253,43747
"Kelowna",2018-06-01,35634,122422,43858
"Kelowna",2018-07-01,35660,122600,43970
"Kelowna",2018-08-01,35689,122789,44084
"Kelowna",2018-09-01,35720,122990,44199
"Kelowna",2018-10-01,35755,123204,44315
"Kelowna",2018-11-01,35793,123433,44434
"Kelowna",2018-12-01,35836,123677,44554
"Kelowna",2019-01-01,35882,123938,44676
"Kelowna",2019-02-01,35934,124217,44801
"Kelowna",2019-03-01,35990,124515,44928
"Kelowna",2019-04-01,36051,124833,45057
"Kelowna",2019-05-01,36118,125173,45189
"Kelowna",2019-06-01,36191,125535,45323
"Kelowna",2019-07-01,36270,125920,45460
"Kelowna",2019-08-01,36356,126330,45600
"Kelowna",2019-09-01,36448,126766,45743
"Kelowna",2019-10-01,36548,127229,45889
"Kelowna",2019-11-01,36655,127720,46038
"Kelowna",2019-12-01,36771,128241,46191
"Kelowna",2020-01-01,36894,128792,46347
"Kelowna",2020-02-01,37026,129374,46506
"Kelowna",2020-03-01,37167,129989,46670
"Kelowna",2020-04-01,37317,130638,46837
"Kelowna",2020-05-01,37477,131322,47008
"Kelowna",2020-06-01,37646,132042,47184
"Kelowna",2020-07-01,37826,132800,47363
"Kelowna",2020-08-01,38016,133596,47547
"Kelowna",2020-09-01,38217,134431,47735
"Kelowna",2020-10-01,38429,135307,47928
"Kelowna",2020-11-01,38653,136225,48126
"Kelowna",2020-12-01,38889,137185,48328
"Kelowna",2021-01-01,39137,138190,48535
"Kelowna",2021-02-01,39397,139240,48748
"Kelowna",2021-03-01,39670,140337,48965
"Kelowna",2021-04-01,39956,141481,49188
"Kelowna",2021-05-01,40256,142674,49416
"Kelowna",2021-06-01,40570,143916,49650
"Kelowna",2021-07-01,40898,145209,49889
"Kelowna",2021-08-01,41240,146555,50135
"Kelowna",2021-09-01,41597,147954,50386
"Kelowna",2021-10-01,41969,149407,50643
"Kelowna",2021-11-01,42357,150915,50906
"Kelowna",2021-12-01,42760,152481,51176
"Kitchener",2013-01-01,106562,296932,61653
"Kitchener",2013-02-01,106633,298400,62282
"Kitchener",2013-03-01,106691,299716,62862
"Kitchener",2013-04-01,106738,300888,63394
"Kitchener",2013-05-01,106774,301925,63881
"Kitchener",2013-06-01,106801,302833,64326
"Kitchener",2013-07-01,106820,303620,64730
"Kitchener",2013-08-01,106833,304295,65097
"Kitchener",2013-09-01,106840,304865,65428
"Kitchener",2013-10-01,106844,305337,65727
"Kitchener",2013-11-01,106845,305720,65996
"Kitchener",2013-12-01,106844,306022,66237
"Kitchener",2014-01-01,106844,306250,66452
"Kitchener",2014-02-01,106844,306411,66645
"Kitchener",2014-03-01,106848,306515,66817
"Kitchener",2014-04-01,106854,306567,66971
"Kitchener",2014-05-01,106866,306577,67109
"Kitchener",2014-06-01,106884,306552,67235
"Kitchener",2014-07-01,106910,306500,67350
"Kitchener",2014-08-01,106945,306430,67457
"Kitchener",2014-09-01,106993,306357,67562
"Kitchener",2014-10-01,107057,306298,67669
"Kitchener",2014-11-01,107143,306270,67784
"Kitchener",2014-12-01,107253,306290,67912
"Kitchener",2015-01-01,107392,306375,68059
"Kitchener",2015-02-01,107563,306541,68230
"Kitchener",2015-03-01,107771,306805,68430
"Kitchener",2015-04-01,108020,307184,68665
"Kitchener",2015-05-01,108314,307695,68939
"Kitchener",2015-06-01,108656,308355,69259
"Kitchener",2015-07-01,109050,309180,69630
"Kitchener",2015-08-01,109499,310180,70054
"Kitchener",2015-09-01,109994,311333,70526
"Kitchener",2015-10-01,110528,312613,71035
"Kitchener",2015-11-01,111089,313989,71573
"Kitchener",2015-12-01,111669,315434,72130
"Kitchener",2016-01-01,112258,316919,72698
"Kitchener",2016-02-01,112846,318416,73268
"Kitchener",2016-03-01,113425,319897,73830
"Kitchener",2016-04-01,113984,321334,74375
"Kitchener",2016-05-01,114514,322697,74895
"Kitchener",2016-06-01,115006,323958,75379
"Kitchener",2016-07-01,115450,325090,75820
"Kitchener",2016-08-01,115839,326072,76210
"Kitchener",2016-09-01,116176,326915,76553
"Kitchener",2016-10-01,116466,327640,76854
"Kitchener",2016-11-01,116714,328268,77118
"Kitchener",2016-12-01,116925,328818,77352
"Kitchener",2017-01-01,117105,329310,77561
"Kitchener",2017-02-01,117258,329765,77750
"Kitchener",2017-03-01,117390,330202,77926
"Kitchener",2017-04-01,117506,330642,78093
"Kitchener",2017-05-01,117611,331105,78257
"Kitchener",2017-06-01,117711,331611,78424
"Kitchener",2017-07-01,117810,332180,78600
"Kitchener",2017-08-01,117913,332828,78789
"Kitchener",2017-09-01,118019,333550,78990
"Kitchener",2017-10-01,118129,334338,79201
"Kitchener",2017-11-01,118242,335184,79422
"Kitchener",2017-12-01,118357,336078,79650
"Kitchener",2018-01-01,118474,337013,79885
"Kitchener",2018-02-01,118591,337979,80123
"Kitchener",2018-03-01,118709,338968,80364
"Kitchener",2018-04-01,118826,339971,80606
"Kitchener",2018-05-01,118942,340980,80847
"Kitchener",2018-06-01,119057,341986,81085
"Kitchener",2018-07-01,119170,342980,81320
"Kitchener",2018-08-01,119280,343955,81549
"Kitchener",2018-09-01,119388,344907,81773
"Kitchener",2018-10-01,119494,345833,81990
"Kitchener",2018-11-01,119599,346729,82201
"Kitchener",2018-12-01,119703,347595,82405
"Kitchener",2019-01-01,119807,348425,82603
"Kitchener",2019-02-01,119912,349218,82794
"Kitchener",2019-03-01,120017,349971,82978
"Kitchener",2019-04-01,120124,350680,83155
"Kitchener",2019-05-01,120234,351343,83324
"Kitchener",2019-06-01,120345,351958,83486
"Kitchener",2019-07-01,120460,352520,83640
"Kitchener",2019-08-01,120578,353028,83786
"Kitchener",2019-09-01,120701,353478,83923
"Kitchener",2019-10-01,120828,353867,84053
"Kitchener",2019-11-01,120961,354193,84173
"Kitchener",2019-12-01,121100,354453,84285
"Kitchener",2020-01-01,121244,354643,84387
"Kitchener",2020-02-01,121396,354762,84481
"Kitchener",2020-03-01,121555,354806,84565
"Kitchener",2020-04-01,121722,354771,84639
"Kitchener",2020-05-01,121898,354657,84704
"Kitchener",2020-06-01,122083,354458,84759
"Kitchener",2020-07-01,122277,354174,84803
"Kitchener",2020-08-01,122481,353800,84837
"Kitchener",2020-09-01,122696,353334,84861
"Kitchener",2020-10-01,122922,352773,84874
"Kitchener",2020-11-01,123160,352114,84875
"Kitchener",2020-12-01,123410,351354,84866
"Kitchener",2021-01-01,123673,350490,84845
"Kitchener",2021-02-01,123950,349520,84812
"Kitchener",2021-03-01,124240,348441,84768
"Kitchener",2021-04-01,124545,347249,84712
"Kitchener",2021-05-01,124864,345942,84644
"Kitchener",2021-06-01,125199,344517,84563
"Kitchener",2021-07-01,125550,342971,84470
"Kitchener",2021-08-01,125918,341302,84364
"Kitchener",2021-09-01,126303,339505,84245
"Kitchener",2021-10-01,126705,337579,84113
"Kitchener",2021-11-01,127126,335521,83967
"Kitchener",2021-12-01,127566,333328,83808
"London",2013-01-01,100616,290042,75300
"London",2013-02-01,100329,290122,75463
"London",2013-03-01,100075,290200,75632
"London",2013-04-01,99852,290278,75806
"London",2013-05-01,99659,290355,75986
"London",2013-06-01,99496,290432,76171
"London",2013-07-01,99360,290510,76360
"London",2013-08-01,99251,290588,76554
"London",2013-09-01,99168,290668,76752
"London",2013-10-01,99109,290749,76955
"London",2013-11-01,99073,290833,77162
"London",2013-12-01,99060,290919,77372
"London",2014-01-01,99067,291008,77586
"London",2014-02-01,99095,291100,77803
"London",2014-03-01,99141,291197,78023
"London",2014-04-01,99205,291297,78246
"London",2014-05-01,99285,291403,78471
"London",2014-06-01,99380,291514,78700
"London",2014-07-01,99490,291630,78930
"London",2014-08-01,99613,291752,79162
"London",2014-09-01,99746,291880,79396
"London",2014-10-01,99887,292013,79630
"London",2014-11-01,100035,292150,79864
"London",2014-12-01,100187,292291,80097
"London",2015-01-01,100341,292434,80328
"London",2015-02-01,100494,292581,80557
"London",2015-03-01,100644,292729,80783
"London",2015-04-01,100789,292879,81005
"London",2015-05-01,100926,293029,81222
"London",2015-06-01,101054,293180,81434
"London",2015-07-01,101170,293330,81640
"London",2015-08-01,101273,293480,81839
"London",2015-09-01,101364,293634,82034
"London",2015-10-01,101449,293795,82225
"London",2015-11-01,101529,293969,82416
"London",2015-12-01,101608,294161,82607
"London",2016-01-01,101690,294375,82800
"London",2016-02-01,101777,294614,82998
"London",2016-03-01,101874,294885,83202
"London",2016-04-01,101983,295192,83415
"London",2016-05-01,102109,295538,83637
"London",2016-06-01,102253,295929,83872
"London",2016-07-01,102420,296370,84120
"London",2016-08-01,102612,296862,84383
"London",2016-09-01,102824,297402,84660
"London",2016-10-01,103054,297980,84948
"London",2016-11-01,103296,298591,85245
"London",2016-12-01,103547,299226,85548
"London",2017-01-01,103800,299880,85855
"London",2017-02-01,104052,300544,86164
"London",2017-03-01,104299,301211,86473
"London",2017-04-01,104536,301875,86780
"London",2017-05-01,104758,302527,87081
"London",2017-06-01,104961,303161,87375
"London",2017-07-01,105140,303770,87660
"London",2017-08-01,105292,304348,87933
"London",2017-09-01,105420,304896,88195
"London",2017-10-01,105525,305417,88447
"London",2017-11-01,105611,305916,88689
"London",2017-12-01,105681,306395,88922
"London",2018-01-01,105737,306857,89146
"London",2018-02-01,105784,307306,89362
"London",2018-03-01,105823,307744,89571
"London",2018-04-01,105859,308176,89774
"London",2018-05-01,105893,308603,89971
"London",2018-06-01,105929,309030,90163
"London",2018-07-01,105970,309460,90350
"London",2018-08-01,106019,309895,90533
"London",2018-09-01,106076,310337,90713
"London",2018-10-01,106145,310788,90889
"London",2018-11-01,106226,311247,91061
"London",2018-12-01,106321,311717,91230
"London",2019-01-01,106432,312198,91396
"London",2019-02-01,106559,312692,91558
"London",2019-03-01,106704,313200,91716
"London",2019-04-01,106870,313722,91872
"London",2019-05-01,107056,314261,92024
"London",2019-06-01,107266,314816,92174
"London",2019-07-01,107500,315390,92320
"London",2019-08-01,107760,315983,92463
"London",2019-09-01,108047,316597,92604
"London",2019-10-01,108363,317232,92742
"London",2019-11-01,108709,317891,92877
"London",2019-12-01,109087,318573,93010
"London",2020-01-01,109499,319280,93140
"London",2020-02-01,109945,320013,93267
"London",2020-03-01,110428,320773,93392
"London",2020-04-01,110948,321562,93515
"London",2020-05-01,111508,322381,93636
"London",2020-06-01,112109,323230,93754
"London",2020-07-01,112752,324111,93871
"London",2020-08-01,113439,325025,93985
"London",2020-09-01,114171,325973,94097
"London",2020-10-01,114950,326956,94208
"London",2020-11-01,115778,327975,94317
"London",2020-12-01,116655,329032,94424
"London",2021-01-01,117583,330127,94529
"London",2021-02-01,118565,331262,94633
"London",2021-03-01,119600,332438,94736
"London",2021-04-01,120692,333656,94837
"London",2021-05-01,121841,334917,94936
"London",2021-06-01,123048,336222,95035
"London",2021-07-01,124316,337572,95132
"London",2021-08-01,125646,338969,95228
"London",2021-09-01,127039,340414,95323
"London",2021-10-01,128497,341907,95417
"London",2021-11-01,130021,343450,95510
"London",2021-12-01,131613,345044,95603
"Montreal",2013-01-01,775255,2399489,580378
"Montreal",2013-02-01,777290,2409160,583894
"Montreal",2013-03-01,779097,2417804,587166
"Montreal",2013-04-01,780687,2425470,590208
"Montreal",2013-05-01,782075,2432208,593031
"Montreal",2013-06-01,783271,2438068,595647
"Montreal",2013-07-01,784290,2443100,598070
"Montreal",2013-08-01,785144,2447353,600311
"Montreal",2013-09-01,785845,2450878,602382
"Montreal",2013-10-01,786406,2453724,604296
"Montreal",2013-11-01,786841,2455941,606066
"Montreal",2013-12-01,787162,2457579,607702
"Montreal",2014-01-01,787381,2458687,609219
"Montreal",2014-02-01,787511,2459316,610627
"Montreal",2014-03-01,787566,2459515,611940
"Montreal",2014-04-01,787557,2459334,613170
"Montreal",2014-05-01,787498,2458823,614328
"Montreal",2014-06-01,787402,2458032,615427
"Montreal",2014-07-01,787280,2457010,616480
"Montreal",2014-08-01,787149,2455816,617501
"Montreal",2014-09-01,787038,2454542,618516
"Montreal",2014-10-01,786977,2453288,619551
"Montreal",2014-11-01,786999,2452156,620635
"Montreal",2014-12-01,787135,2451246,621795
"Montreal",2015-01-01,787416,2450659,623058
"Montreal",2015-02-01,787874,2450496,624453
"Montreal",2015-03-01,788540,2450857,626007
"Montreal",2015-04-01,789446,2451843,627746
"Montreal",2015-05-01,790624,2453556,629700
"Montreal",2015-06-01,792105,2456094,631896
"Montreal",2015-07-01,793920,2459560,634360
"Montreal",2015-08-01,796086,2464011,637108
"Montreal",2015-09-01,798555,2469337,640104
"Montreal",2015-10-01,801266,2475383,643300
"Montreal",2015-11-01,804155,2481995,646645
"Montreal",2015-12-01,807161,2489020,650091
"Montreal",2016-01-01,810222,2496304,653590
"Montreal",2016-02-01,813274,2503692,657093
"Montreal",2016-03-01,816255,2511031,660550
"Montreal",2016-04-01,819104,2518167,663913
"Montreal",2016-05-01,821758,2524947,667134
"Montreal",2016-06-01,824154,2531216,670162
"Montreal",2016-07-01,826230,2536820,672950
"Montreal",2016-08-01,827942,2541647,675462
"Montreal",2016-09-01,829316,2545750,677717
"Montreal",2016-10-01,830397,2549222,679748
"Montreal",2016-11-01,831230,2552158,681587
"Montreal",2016-12-01,831860,2554652,683266
"Montreal",2017-01-01,832332,2556797,684818
"Montreal",2017-02-01,832690,2558689,686277
"Montreal",2017-03-01,832978,2560419,687673
"Montreal",2017-04-01,833243,2562084,689040
"Montreal",2017-05-01,833529,2563776,690410
"Montreal",2017-06-01,833879,2565590,691816
"Montreal",2017-07-01,834340,2567620,693290
"Montreal",2017-08-01,834945,2569937,694857
"Montreal",2017-09-01,835688,2572522,696513
"Montreal",2017-10-01,836552,2575332,698243
"Montreal",2017-11-01,837519,2578326,700036
"Montreal",2017-12-01,838573,2581462,701878
"Montreal",2018-01-01,839695,2584697,703758
"Montreal",2018-02-01,840870,2587989,705661
"Montreal",2018-03-01,842079,2591297,707575
"Montreal",2018-04-01,843305,2594578,709488
"Montreal",2018-05-01,844533,2597790,711387
"Montreal",2018-06-01,845743,2600892,713258
"Montreal",2018-07-01,846920,2603840,715090
"Montreal",2018-08-01,848048,2606598,716870
"Montreal",2018-09-01,849120,2609146,718594
"Montreal",2018-10-01,850131,2611470,720258
"Montreal",2018-11-01,851077,2613554,721858
"Montreal",2018-12-01,851953,2615383,723390
"Montreal",2019-01-01,852754,2616944,724851
"Montreal",2019-02-01,853475,2618220,726237
"Montreal",2019-03-01,854112,2619197,727544
"Montreal",2019-04-01,854660,2619861,728769
"Montreal",2019-05-01,855114,2620196,729907
"Montreal",2019-06-01,855469,2620187,730955
"Montreal",2019-07-01,855720,2619820,731910
"Montreal",2019-08-01,855863,2619080,732767
"Montreal",2019-09-01,855893,2617952,733523
"Montreal",2019-10-01,855805,2616421,734174
"Montreal",2019-11-01,855595,2614472,734717
"Montreal",2019-12-01,855257,2612091,735147
"Montreal",2020-01-01,854787,2609262,735461
"Montreal",2020-02-01,854180,2605971,735656
"Montreal",2020-03-01,853431,2602203,735727
"Montreal",2020-04-01,852536,2597942,735670
"Montreal",2020-05-01,851489,2593175,735483
"Montreal",2020-06-01,850286,2587887,735161
"Montreal",2020-07-01,848923,2582061,734700
"Montreal",2020-08-01,847394,2575685,734098
"Montreal",2020-09-01,845694,2568742,733349
"Montreal",2020-10-01,843820,2561218,732451
"Montreal",2020-11-01,841765,2553098,731400
"Montreal",2020-12-01,839526,2544368,730191
"Montreal",2021-01-01,837097,2535012,728822
"Montreal",2021-02-01,834475,2525015,727288
"Montreal",2021-03-01,831653,2514363,725586
"Montreal",2021-04-01,828627,2503041,723712
"Montreal",2021-05-01,825392,2491033,721663
"Montreal",2021-06-01,821945,2478326,719434
"Montreal",2021-07-01,818279,2464904,717021
"Montreal",2021-08-01,814390,2450753,714422
"Montreal",2021-09-01,810274,2435857,711633
"Montreal",2021-10-01,805925,2420202,708649
"Montreal",2021-11-01,801339,2403773,705466
"Montreal",2021-12-01,796511,2386555,702083
"Ontario",2013-01-01,2785713,8083497,1972645
"Ontario",2013-02-01,2780175,8092973,1981090
"Ontario",2013-03-01,2775209,8101880,1989300
"Ontario",2013-04-01,2770792,8110245,1997284
"Ontario",2013-05-01,2766904,8118093,2005051
"Ontario",2013-06-01,2763524,8125449,2012610
"Ontario",2013-07-01,2760630,8132340,2019970
"Ontario",2013-08-01,2758202,8138791,2027140
"Ontario",2013-09-01,2756217,8144828,2034129
"Ontario",2013-10-01,2754656,8150476,2040946
"Ontario",2013-11-01,2753497,8155762,2047600
"Ontario",2013-12-01,2752719,8160711,2054100
"Ontario",2014-01-01,2752300,8165349,2060454
"Ontario",2014-02-01,2752220,8169701,2066673
"Ontario",2014-03-01,2752458,8173793,2072765
"Ontario",2014-04-01,2752992,8177652,2078738
"Ontario",2014-05-01,2753801,8181302,2084603
"Ontario",2014-06-01,2754864,8184769,2090367
"Ontario",2014-07-01,2756160,8188080,2096040
"Ontario",2014-08-01,2757666,8191262,2101632
"Ontario",2014-09-01,2759353,8194355,2107154
"Ontario",2014-10-01,2761189,8197398,2112619
"Ontario",2014-11-01,2763142,8200434,2118041
"Ontario",2014-12-01,2765182,8203504,2123432
"Ontario",2015-01-01,2767278,8206649,2128804
"Ontario",2015-02-01,2769396,8209910,2134171
"Ontario",2015-03-01,2771508,8213329,2139545
"Ontario",2015-04-01,2773580,8216946,2144939
"Ontario",2015-05-01,2775582,8220802,2150366
"Ontario",2015-06-01,2777483,8224940,2155839
"Ontario",2015-07-01,2779250,8229400,2161370
"Ontario",2015-08-01,2780862,8234210,2166969
"Ontario",2015-09-01,2782329,8239348,2172633
"Ontario",2015-10-01,2783671,8244777,2178356
"Ontario",2015-11-01,2784908,8250461,2184131
"Ontario",2015-12-01,2786060,8256363,2189953
"Ontario",2016-01-01,2787146,8262447,2195815
"Ontario",2016-02-01,2788186,8268678,2201711
"Ontario",2016-03-01,2789200,8275019,2207636
"Ontario",2016-04-01,2790208,8281434,2213582
"Ontario",2016-05-01,2791229,8287887,2219544
"Ontario",2016-06-01,2792283,8294341,2225515
"Ontario",2016-07-01,2793390,8300760,2231490
"Ontario",2016-08-01,2794565,8307129,2237465
"Ontario",2016-09-01,2795802,8313518,2243446
"Ontario",2016-10-01,2797091,8320017,2249443
"Ontario",2016-11-01,2798423,8326716,2255465
"Ontario",2016-12-01,2799787,8333705,2261522
"Ontario",2017-01-01,2801174,8341075,2267623
"Ontario",2017-02-01,2802573,8348916,2273778
"Ontario",2017-03-01,2803974,8357318,2279995
"Ontario",2017-04-01,2805367,8366373,2286285
"Ontario",2017-05-01,2806743,8376169,2292656
"Ontario",2017-06-01,2808090,8386798,2299118
"Ontario",2017-07-01,2809400,8398350,2305680
"Ontario",2017-08-01,2810664,8410881,2312347
"Ontario",2017-09-01,2811883,8424310,2319100
"Ontario",2017-10-01,2813062,8438523,2325919
"Ontario",2017-11-01,2814204,8453405,2332779
"Ontario",2017-12-01,2815312,8468841,2339659
"Ontario",2018-01-01,2816390,8484717,2346535
"Ontario",2018-02-01,2817441,8500918,2353387
"Ontario",2018-03-01,2818470,8517329,2360190
"Ontario",2018-04-01,2819480,8533835,2366922
"Ontario",2018-05-01,2820474,8550322,2373561
"Ontario",2018-06-01,2821456,8566676,2380085
"Ontario",2018-07-01,2822430,8582780,2386470
"Ontario",2018-08-01,2823399,8598528,2392695
"Ontario",2018-09-01,2824363,8613839,2398744
"Ontario",2018-10-01,2825325,8628639,2404599
"Ontario",2018-11-01,2826285,8642854,2410245
"Ontario",2018-12-01,2827243,8656411,2415666
"Ontario",2019-01-01,2828201,8669236,2420845
"Ontario",2019-02-01,2829160,8681256,2425766
"Ontario",2019-03-01,2830119,8692396,2430413
"Ontario",2019-04-01,2831082,8702584,2434770
"Ontario",2019-05-01,2832047,8711744,2438821
"Ontario",2019-06-01,2833016,8719804,2442550
"Ontario",2019-07-01,2833990,8726690,2445940
"Ontario",2019-08-01,2834970,8732328,2448975
"Ontario",2019-09-01,2835956,8736645,2451640
"Ontario",2019-10-01,2836950,8739566,2453917
"Ontario",2019-11-01,2837952,8741018,2455791
"Ontario",2019-12-01,2838964,8740928,2457246
"Ontario",2020-01-01,2839985,8739221,2458266
"Ontario",2020-02-01,2841018,8735824,2458833
"Ontario",2020-03-01,2842062,8730663,2458933
"Ontario",2020-04-01,2843120,8723665,2458549
"Ontario",2020-05-01,2844190,8714756,2457665
"Ontario",2020-06-01,2845276,8703862,2456265
"Ontario",2020-07-01,2846376,8690909,2454332
"Ontario",2020-08-01,2847493,8675824,2451850
"Ontario",2020-09-01,2848627,8658533,2448804
"Ontario",2020-10-01,2849779,8638962,2445177
"Ontario",2020-11-01,2850950,8617038,2440953
"Ontario",2020-12-01,2852140,8592686,2436115
"Ontario",2021-01-01,2853351,8565834,2430649
"Ontario",2021-02-01,2854584,8536407,2424536
"Ontario",2021-03-01,2855838,8504332,2417762
"Ontario",2021-04-01,2857116,8469536,2410310
"Ontario",2021-05-01,2858419,8431943,2402164
"Ontario",2021-06-01,2859746,8391481,2393308
"Ontario",2021-07-01,2861099,8348077,2383726
"Ontario",2021-08-01,2862478,8301655,2373401
"Ontario",2021-09-01,2863886,8252143,2362317
"Ontario",2021-10-01,2865321,8199467,2350459
"Ontario",2021-11-01,2866786,8143553,2337810
"Ontario",2021-12-01,2868282,8084327,2324353
"Oshawa",2013-01-01,85197,222562,48354
"Oshawa",2013-02-01,84929,222774,48527
"Oshawa",2013-03-01,84692,222986,48701
"Oshawa",2013-04-01,84486,223197,48875
"Oshawa",2013-05-01,84309,223408,49049
"Oshawa",2013-06-01,84161,223619,49225
"Oshawa",2013-07-01,84040,223830,49400
"Oshawa",2013-08-01,83945,224040,49576
"Oshawa",2013-09-01,83875,224250,49752
"Oshawa",2013-10-01,83828,224460,49928
"Oshawa",2013-11-01,83804,224670,50104
"Oshawa",2013-12-01,83801,224879,50280
"Oshawa",2014-01-01,83819,225087,50455
"Oshawa",2014-02-01,83855,225295,50631
"Oshawa",2014-03-01,83909,225503,50806
"Oshawa",2014-04-01,83980,225711,50980
"Oshawa",2014-05-01,84066,225918,51154
"Oshawa",2014-06-01,84167,226124,51327
"Oshawa",2014-07-01,84280,226330,51500
"Oshawa",2014-08-01,84405,226535,51672
"Oshawa",2014-09-01,84541,226740,51842
"Oshawa",2014-10-01,84684,226945,52011
"Oshawa",2014-11-01,84834,227149,52179
"Oshawa",2014-12-01,84989,227353,52344
"Oshawa",2015-01-01,85147,227556,52507
"Oshawa",2015-02-01,85305,227759,52667
"Oshawa",2015-03-01,85463,227962,52825
"Oshawa",2015-04-01,85618,228164,52979
"Oshawa",2015-05-01,85769,228366,53130
"Oshawa",2015-06-01,85914,228568,53277
"Oshawa",2015-07-01,86050,228770,53420
"Oshawa",2015-08-01,86177,228971,53559
"Oshawa",2015-09-01,86296,229172,53694
"Oshawa",2015-10-01,86407,229373,53826
"Oshawa",2015-11-01,86513,229573,53956
"Oshawa",2015-12-01,86615,229771,54084
"Oshawa",2016-01-01,86713,229969,54212
"Oshawa",2016-02-01,86810,230165,54339
"Oshawa",2016-03-01,86907,230360,54467
"Oshawa",2016-04-01,87005,230553,54597
"Oshawa",2016-05-01,87106,230744,54728
"Oshawa",2016-06-01,87210,230933,54862
"Oshawa",2016-07-01,87320,231120,55000
"Oshawa",2016-08-01,87436,231305,55142
"Oshawa",2016-09-01,87558,231488,55287
"Oshawa",2016-10-01,87683,231671,55436
"Oshawa",2016-11-01,87811,231856,55588
"Oshawa",2016-12-01,87939,232044,55742
"Oshawa",2017-01-01,88068,232235,55899
"Oshawa",2017-02-01,88194,232432,56058
"Oshawa",2017-03-01,88318,232635,56219
"Oshawa",2017-04-01,88436,232846,56381
"Oshawa",2017-05-01,88549,233067,56543
"Oshawa",2017-06-01,88654,233297,56707
"Oshawa",2017-07-01,88750,233540,56870
"Oshawa",2017-08-01,88836,233795,57033
"Oshawa",2017-09-01,88914,234063,57196
"Oshawa",2017-10-01,88985,234343,57359
"Oshawa",2017-11-01,89051,234636,57521
"Oshawa",2017-12-01,89114,234939,57682
"Oshawa",2018-01-01,89176,235254,57842
"Oshawa",2018-02-01,89238,235580,58002
"Oshawa",2018-03-01,89303,235917,58160
"Oshawa",2018-04-01,89371,236263,58317
"Oshawa",2018-05-01,89446,236619,58473
"Oshawa",2018-06-01,89528,236985,58627
"Oshawa",2018-07-01,89620,237360,58780
"Oshawa",2018-08-01,89723,237744,58931
"Oshawa",2018-09-01,89839,238136,59080
"Oshawa",2018-10-01,89968,238537,59227
"Oshawa",2018-11-01,90112,238946,59372
"Oshawa",2018-12-01,90272,239365,59515
"Oshawa",2019-01-01,90450,239791,59655
"Oshawa",2019-02-01,90646,240227,59792
"Oshawa",2019-03-01,90861,240670,59926
"Oshawa",2019-04-01,91097,241123,60057
"Oshawa",2019-05-01,91354,241583,60185
"Oshawa",2019-06-01,91635,242052,60309
"Oshawa",2019-07-01,91940,242530,60430
"Oshawa",2019-08-01,92270,243016,60547
"Oshawa",2019-09-01,92627,243510,60660
"Oshawa",2019-10-01,93011,244013,60769
"Oshawa",2019-11-01,93424,244524,60873
"Oshawa",2019-12-01,93867,245043,60973
"Oshawa",2020-01-01,94342,245570,61069
"Oshawa",2020-02-01,94848,246105,61159
"Oshawa",2020-03-01,95388,246649,61245
"Oshawa",2020-04-01,95963,247201,61325
"Oshawa",2020-05-01,96573,247761,61400
"Oshawa",2020-06-01,97221,248329,61470
"Oshawa",2020-07-01,97906,248905,61534
"Oshawa",2020-08-01,98631,249489,61592
"Oshawa",2020-09-01,99396,250081,61643
"Oshawa",2020-10-01,100203,250681,61689
"Oshawa",2020-11-01,101053,251289,61728
"Oshawa",2020-12-01,101946,251905,61761
"Oshawa",2021-01-01,102885,252529,61787
"Oshawa",2021-02-01,103870,253160,61806
"Oshawa",2021-03-01,104902,253800,61818
"Oshawa",2021-04-01,105983,254447,61822
"Oshawa",2021-05-01,107113,255102,61820
"Oshawa",2021-06-01,108295,255764,61809
"Oshawa",2021-07-01,109529,256435,61791
"Oshawa",2021-08-01,110815,257113,61765
"Oshawa",2021-09-01,112157,257798,61730
"Oshawa",2021-10-01,113554,258492,61688
"Oshawa",2021-11-01,115007,259193,61637
"Oshawa",2021-12-01,116519,259901,61577
"Ottawa",2013-01-01,194840,570597,128183
"Ottawa",2013-02-01,194884,572095,128913
"Ottawa",2013-03-01,194931,573454,129610
"Ottawa",2013-04-01,194981,574683,130277
"Ottawa",2013-05-01,195036,575789,130915
"Ottawa",2013-06-01,195095,576779,131525
"Ottawa",2013-07-01,195160,577660,132110
"Ottawa",2013-08-01,195230,578439,132670
"Ottawa",2013-09-01,195307,579124,133209
"Ottawa",2013-10-01,195391,579722,133726
"Ottawa",2013-11-01,195482,580239,134224
"Ottawa",2013-12-01,195582,580684,134705
"Ottawa",2014-01-01,195690,581063,135170
"Ottawa",2014-02-01,195807,581383,135620
"Ottawa",2014-03-01,195934,581652,136059
"Ottawa",2014-04-01,196071,581877,136486
"Ottawa",2014-05-01,196219,582065,136904
"Ottawa",2014-06-01,196379,582224,137315
"Ottawa",2014-07-01,196550,582360,137720
"Ottawa",2014-08-01,196734,582482,138121
"Ottawa",2014-09-01,196934,582603,138522
"Ottawa",2014-10-01,197151,582739,138925
"Ottawa",2014-11-01,197388,582903,139336
"Ottawa",2014-12-01,197648,583111,139757
"Ottawa",2015-01-01,197932,583376,140192
"Ottawa",2015-02-01,198245,583714,140644
"Ottawa",2015-03-01,198587,584140,141118
"Ottawa",2015-04-01,198963,584668,141617
"Ottawa",2015-05-01,199373,585312,142145
"Ottawa",2015-06-01,199822,586088,142704
"Ottawa",2015-07-01,200310,587010,143300
"Ottawa",2015-08-01,200840,588086,143934
"Ottawa",2015-09-01,201405,589301,144600
"Ottawa",2015-10-01,201998,590631,145294
"Ottawa",2015-11-01,202612,592053,146009
"Ottawa",2015-12-01,203240,593546,146738
"Ottawa",2016-01-01,203874,595085,147475
"Ottawa",2016-02-01,204508,596650,148215
"Ottawa",2016-03-01,205134,598217,148949
"Ottawa",2016-04-01,205744,599763,149674
"Ottawa",2016-05-01,206331,601265,150381
"Ottawa",2016-06-01,206889,602702,151065
"Ottawa",2016-07-01,207410,604050,151720
"Ottawa",2016-08-01,207888,605293,152341
"Ottawa",2016-09-01,208325,606438,152929
"Ottawa",2016-10-01,208722,607498,153489
"Ottawa",2016-11-01,209084,608488,154025
"Ottawa",2016-12-01,209413,609421,154538
"Ottawa",2017-01-01,209712,610310,155035
"Ottawa",2017-02-01,209984,611168,155517
"Ottawa",2017-03-01,210231,612010,155988
"Ottawa",2017-04-01,210456,612849,156452
"Ottawa",2017-05-01,210662,613697,156914
"Ottawa",2017-06-01,210853,614570,157375
"Ottawa",2017-07-01,211030,615480,157840
"Ottawa",2017-08-01,211197,616438,158312
"Ottawa",2017-09-01,211355,617442,158789
"Ottawa",2017-10-01,211506,618489,159272
"Ottawa",2017-11-01,211653,619574,159757
"Ottawa",2017-12-01,211796,620694,160244
"Ottawa",2018-01-01,211938,621843,160731
"Ottawa",2018-02-01,212080,623019,161217
"Ottawa",2018-03-01,212225,624216,161701
"Ottawa",2018-04-01,212373,625431,162180
"Ottawa",2018-05-01,212527,626659,162654
"Ottawa",2018-06-01,212689,627897,163121
"Ottawa",2018-07-01,212860,629140,163580
"Ottawa",2018-08-01,213042,630385,164029
"Ottawa",2018-09-01,213237,631630,164468
"Ottawa",2018-10-01,213448,632875,164896
"Ottawa",2018-11-01,213675,634119,165313
"Ottawa",2018-12-01,213922,635361,165719
"Ottawa",2019-01-01,214189,636602,166112
"Ottawa",2019-02-01,214480,637840,166494
"Ottawa",2019-03-01,214796,639075,166862
"Ottawa",2019-04-01,215139,640306,167218
"Ottawa",2019-05-01,215511,641533,167559
"Ottawa",2019-06-01,215914,642754,167887
"Ottawa",2019-07-01,216350,643970,168200
"Ottawa",2019-08-01,216821,645180,168498
"Ottawa",2019-09-01,217329,646382,168781
"Ottawa",2019-10-01,217877,647577,169048
"Ottawa",2019-11-01,218465,648764,169299
"Ottawa",2019-12-01,219097,649942,169533
"Ottawa",2020-01-01,219773,651111,169750
"Ottawa",2020-02-01,220497,652270,169950
"Ottawa",2020-03-01,221269,653418,170132
"Ottawa",2020-04-01,222093,654555,170295
"Ottawa",2020-05-01,222969,655681,170439
"Ottawa",2020-06-01,223901,656793,170565
"Ottawa",2020-07-01,224890,657893,170670
"Ottawa",2020-08-01,225937,658979,170756
"Ottawa",2020-09-01,227046,660051,170821
"Ottawa",2020-10-01,228218,661108,170866
"Ottawa",2020-11-01,229455,662150,170888
"Ottawa",2020-12-01,230758,663175,170890
"Ottawa",2021-01-01,232131,664184,170868
"Ottawa",2021-02-01,233575,665175,170825
"Ottawa",2021-03-01,235092,666148,170758
"Ottawa",2021-04-01,236684,667103,170668
"Ottawa",2021-05-01,238352,668038,170553
"Ottawa",2021-06-01,240100,668954,170415
"Ottawa",2021-07-01,241929,669850,170251
"Ottawa",2021-08-01,243841,670724,170063
"Ottawa",2021-09-01,245837,671577,169849
"Ottawa",2021-10-01,247921,672407,169608
"Ottawa",2021-11-01,250094,673215,169342
"Ottawa",2021-12-01,252357,673999,169048
"Quebec",2013-01-01,1564474,4982080,1319958
"Quebec",2013-02-01,1564165,4985394,1324007
"Quebec",2013-03-01,1563921,4988378,1328041
"Quebec",2013-04-01,1563741,4991046,1332059
"Quebec",2013-05-01,1563624,4993410,1336062
"Quebec",2013-06-01,1563567,4995484,1340053
"Quebec",2013-07-01,1563570,4997280,1344030
"Quebec",2013-08-01,1563632,4998812,1347996
"Quebec",2013-09-01,1563750,5000093,1351951
"Quebec",2013-10-01,1563925,5001136,1355896
"Quebec",2013-11-01,1564155,5001954,1359831
"Quebec",2013-12-01,1564437,5002560,1363759
"Quebec",2014-01-01,1564772,5002968,1367680
"Quebec",2014-02-01,1565157,5003189,1371594
"Quebec",2014-03-01,1565592,5003238,1375502
"Quebec",2014-04-01,1566075,5003128,1379406
"Quebec",2014-05-01,1566605,5002871,1383307
"Quebec",2014-06-01,1567180,5002481,1387204
"Quebec",2014-07-01,1567800,5001970,1391100
"Quebec",2014-08-01,1568463,5001351,1394995
"Quebec",2014-09-01,1569167,5000630,1398890
"Quebec",2014-10-01,1569913,4999813,1402787
"Quebec",2014-11-01,1570699,4998904,1406687
"Quebec",2014-12-01,1571524,4997910,1410592
"Quebec",2015-01-01,1572387,4996835,1414503
"Quebec",2015-02-01,1573288,4995684,1418421
"Quebec",2015-03-01,1574225,4994464,1422348
"Quebec",2015-04-01,1575198,4993179,1426285
"Quebec",2015-05-01,1576205,4991835,1430233
"Quebec",2015-06-01,1577246,4990437,1434194
"Quebec",2015-07-01,1578320,4988990,1438170
"Quebec",2015-08-01,1579425,4987506,1442161
"Quebec",2015-09-01,1580559,4986023,1446166
"Quebec",2015-10-01,1581720,4984585,1450185
"Quebec",2015-11-01,1582904,4983237,1454217
"Quebec",2015-12-01,1584109,4982021,1458260
"Quebec",2016-01-01,1585331,4980983,1462313
"Quebec",2016-02-01,1586569,4980167,1466376
"Quebec",2016-03-01,1587820,4979617,1470446
"Quebec",2016-04-01,1589080,4979377,1474524
"Quebec",2016-05-01,1590346,4979492,1478608
"Quebec",2016-06-01,1591618,4980004,1482697
"Quebec",2016-07-01,1592890,4980960,1486790
"Quebec",2016-08-01,1594162,4982386,1490886
"Quebec",2016-09-01,1595436,4984243,1494989
"Quebec",2016-10-01,1596716,4986477,1499100
"Quebec",2016-11-01,1598005,4989032,1503222
"Quebec",2016-12-01,1599306,4991852,1507360
"Quebec",2017-01-01,1600624,4994883,1511515
"Quebec",2017-02-01,1601961,4998069,1515690
"Quebec",2017-03-01,1603321,5001355,1519889
"Quebec",2017-04-01,1604707,5004685,1524115
"Quebec",2017-05-01,1606123,5008005,1528370
"Quebec",2017-06-01,1607573,5011258,1532657
"Quebec",2017-07-01,1609060,5014390,1536980
"Quebec",2017-08-01,1610586,5017355,1541339
"Quebec",2017-09-01,1612148,5020146,1545730
"Quebec",2017-10-01,1613741,5022767,1550146
"Quebec",2017-11-01,1615361,5025221,1554580
"Quebec",2017-12-01,1617003,5027510,1559025
"Quebec",2018-01-01,1618663,5029639,1563475
"Quebec",2018-02-01,1620336,5031609,1567922
"Quebec",2018-03-01,1622017,5033424,1572361
"Quebec",2018-04-01,1623703,5035088,1576783
"Quebec",2018-05-01,1625389,5036603,1581184
"Quebec",2018-06-01,1627069,5037973,1585555
"Quebec",2018-07-01,1628740,5039200,1589890
"Quebec",2018-08-01,1630397,5040286,1594183
"Quebec",2018-09-01,1632037,5041224,1598428
"Quebec",2018-10-01,1633658,5042006,1602621
"Quebec",2018-11-01,1635255,5042623,1606757
"Quebec",2018-12-01,1636827,5043066,1610831
"Quebec",2019-01-01,1638370,5043327,1614838
"Quebec",2019-02-01,1639881,5043397,1618774
"Quebec",2019-03-01,1641358,5043269,1622633
"Quebec",2019-04-01,1642797,5042932,1626411
"Quebec",2019-05-01,1644196,5042379,1630103
"Quebec",2019-06-01,1645551,5041601,1633704
"Quebec",2019-07-01,1646860,5040590,1637210
"Quebec",2019-08-01,1648120,5039337,1640615
"Quebec",2019-09-01,1649327,5037833,1643915
"Quebec",2019-10-01,1650480,5036070,1647105
"Quebec",2019-11-01,1651574,5034039,1650181
"Quebec",2019-12-01,1652608,5031731,1653136
"Quebec",2020-01-01,1653577,5029139,1655967
"Quebec",2020-02-01,1654480,5026254,1658669
"Quebec",2020-03-01,1655313,5023066,1661237
"Quebec",2020-04-01,1656073,5019568,1663666
"Quebec",2020-05-01,1656758,5015751,1665951
"Quebec",2020-06-01,1657364,5011606,1668088
"Quebec",2020-07-01,1657888,5007125,1670071
"Quebec",2020-08-01,1658328,5002299,1671896
"Quebec",2020-09-01,1658680,4997119,1673559
"Quebec",2020-10-01,1658943,4991578,1675053
"Quebec",2020-11-01,1659112,4985666,1676376
"Quebec",2020-12-01,1659184,4979375,1677520
"Quebec",2021-01-01,1659158,4972697,1678483
"Quebec",2021-02-01,1659030,4965622,1679258
"Quebec",2021-03-01,1658796,4958142,1679842
"Quebec",2021-04-01,1658455,4950249,1680229
"Quebec",2021-05-01,1658002,4941934,1680415
"Quebec",2021-06-01,1657436,4933189,1680395
"Quebec",2021-07-01,1656754,4924005,1680163
"Quebec",2021-08-01,1655951,4914373,1679716
"Quebec",2021-09-01,1655026,4904284,1679048
"Quebec",2021-10-01,1653976,4893732,1678155
"Quebec",2021-11-01,1652797,4882705,1677032
"Quebec",2021-12-01,1651486,4871197,1675673
"Niagara",2013-01-01,75914,234086,77692
"Niagara",2013-02-01,75738,233969,77861
"Niagara",2013-03-01,75578,233874,78037
"Niagara",2013-04-01,75434,233800,78217
"Niagara",2013-05-01,75305,233745,78403
"Niagara",2013-06-01,75191,233708,78594
"Niagara",2013-07-01,75090,233690,78790
"Niagara",2013-08-01,75003,233688,78990
"Niagara",2013-09-01,74928,233703,79194
"Niagara",2013-10-01,74865,233732,79402
"Niagara",2013-11-01,74814,233776,79613
"Niagara",2013-12-01,74773,233833,79828
"Niagara",2014-01-01,74743,233903,80046
"Niagara",2014-02-01,74722,233984,80266
"Niagara",2014-03-01,74710,234075,80489
"Niagara",2014-04-01,74707,234177,80714
"Niagara",2014-05-01,74711,234287,80941
"Niagara",2014-06-01,74722,234405,81170
"Niagara",2014-07-01,74740,234530,81400
"Niagara",2014-08-01,74764,234661,81631
"Niagara",2014-09-01,74792,234797,81863
"Niagara",2014-10-01,74825,234935,82094
"Niagara",2014-11-01,74861,235074,82326
"Niagara",2014-12-01,74900,235211,82556
"Niagara",2015-01-01,74940,235347,82784
"Niagara",2015-02-01,74982,235477,83010
"Niagara",2015-03-01,75023,235602,83234
"Niagara",2015-04-01,75063,235718,83454
"Niagara",2015-05-01,75101,235824,83671
"Niagara",2015-06-01,75137,235919,83883
"Niagara",2015-07-01,75170,236000,84090
"Niagara",2015-08-01,75199,236067,84292
"Niagara",2015-09-01,75223,236121,84489
"Niagara",2015-10-01,75244,236165,84683
"Niagara",2015-11-01,75262,236202,84873
"Niagara",2015-12-01,75276,236234,85062
"Niagara",2016-01-01,75288,236265,85249
"Niagara",2016-02-01,75298,236295,85436
"Niagara",2016-03-01,75305,236329,85623
"Niagara",2016-04-01,75311,236369,85811
"Niagara",2016-05-01,75315,236417,86001
"Niagara",2016-06-01,75318,236477,86194
"Niagara",2016-07-01,75320,236550,86390
"Niagara",2016-08-01,75322,236639,86591
"Niagara",2016-09-01,75323,236743,86796
"Niagara",2016-10-01,75323,236861,87005
"Niagara",2016-11-01,75323,236993,87218
"Niagara",2016-12-01,75323,237136,87434
"Niagara",2017-01-01,75322,237290,87654
"Niagara",2017-02-01,75321,237454,87877
"Niagara",2017-03-01,75319,237626,88102
"Niagara",2017-04-01,75318,237806,88331
"Niagara",2017-05-01,75315,237993,88562
"Niagara",2017-06-01,75313,238184,88795
"Niagara",2017-07-01,75310,238380,89030
"Niagara",2017-08-01,75307,238579,89267
"Niagara",2017-09-01,75304,238781,89505
"Niagara",2017-10-01,75301,238987,89744
"Niagara",2017-11-01,75299,239196,89983
"Niagara",2017-12-01,75298,239409,90221
"Niagara",2018-01-01,75298,239625,90458
"Niagara",2018-02-01,75300,239846,90693
"Niagara",2018-03-01,75303,240070,90925
"Niagara",2018-04-01,75308,240298,91155
"Niagara",2018-05-01,75316,240531,91381
"Niagara",2018-06-01,75327,240768,91603
"Niagara",2018-07-01,75340,241010,91820
"Niagara",2018-08-01,75357,241256,92032
"Niagara",2018-09-01,75377,241507,92237
"Niagara",2018-10-01,75400,241762,92436
"Niagara",2018-11-01,75428,242022,92628
"Niagara",2018-12-01,75460,242286,92813
"Niagara",2019-01-01,75496,242554,92990
"Niagara",2019-02-01,75537,242825,93158
"Niagara",2019-03-01,75583,243101,93316
"Niagara",2019-04-01,75634,243380,93466
"Niagara",2019-05-01,75690,243664,93605
"Niagara",2019-06-01,75752,243950,93733
"Niagara",2019-07-01,75820,244240,93850
"Niagara",2019-08-01,75894,244533,93955
"Niagara",2019-09-01,75974,244830,94048
"Niagara",2019-10-01,76061,245129,94129
"Niagara",2019-11-01,76154,245431,94196
"Niagara",2019-12-01,76255,245736,94249
"Niagara",2020-01-01,76363,246044,94287
"Niagara",2020-02-01,76478,246355,94311
"Niagara",2020-03-01,76601,246668,94319
"Niagara",2020-04-01,76732,246983,94312
"Niagara",2020-05-01,76871,247300,94288
"Niagara",2020-06-01,77019,247620,94247
"Niagara",2020-07-01,77175,247941,94188
"Niagara",2020-08-01,77341,248265,94111
"Niagara",2020-09-01,77515,248590,94016
"Niagara",2020-10-01,77699,248917,93901
"Niagara",2020-11-01,77893,249245,93767
"Niagara",2020-12-01,78096,249575,93613
"Niagara",2021-01-01,78309,249906,93438
"Niagara",2021-02-01,78533,250239,93242
"Niagara",2021-03-01,78768,250572,93024
"Niagara",2021-04-01,79013,250907,92784
"Niagara",2021-05-01,79269,251242,92521
"Niagara",2021-06-01,79537,251578,92234
"Niagara",2021-07-01,79816,251914,91924
"Niagara",2021-08-01,80107,252251,91589
"Niagara",2021-09-01,80410,252589,91230
"Niagara",2021-10-01,80725,252926,90845
"Niagara",2021-11-01,81053,253264,90434
"Niagara",2021-12-01,81393,253602,89996
"Toronto",2013-01-01,1260946,3671330,750570
"Toronto",2013-02-01,1258113,3677526,754793
"Toronto",2013-03-01,1255584,3683432,758866
"Toronto",2013-04-01,1253347,3689060,762792
"Toronto",2013-05-01,1251389,3694422,766578
"Toronto",2013-06-01,1249698,3699528,770229
"Toronto",2013-07-01,1248260,3704390,773750
"Toronto",2013-08-01,1247064,3709018,777147
"Toronto",2013-09-01,1246097,3713424,780424
"Toronto",2013-10-01,1245347,3717619,783588
"Toronto",2013-11-01,1244800,3721614,786644
"Toronto",2013-12-01,1244445,3725421,789597
"Toronto",2014-01-01,1244269,3729049,792453
"Toronto",2014-02-01,1244260,3732511,795216
"Toronto",2014-03-01,1244404,3735817,797893
"Toronto",2014-04-01,1244690,3738979,800488
"Toronto",2014-05-01,1245104,3742008,803007
"Toronto",2014-06-01,1245635,3744914,805456
"Toronto",2014-07-01,1246270,3747710,807840
"Toronto",2014-08-01,1246995,3750407,810164
"Toronto",2014-09-01,1247791,3753020,812435
"Toronto",2014-10-01,1248639,3755567,814660
"Toronto",2014-11-01,1249519,3758063,816846
"Toronto",2014-12-01,1250410,3760527,819000
"Toronto",2015-01-01,1251294,3762973,821129
"Toronto",2015-02-01,1252149,3765419,823238
"Toronto",2015-03-01,1252956,3767882,825336
"Toronto",2015-04-01,1253696,3770378,827430
"Toronto",2015-05-01,1254348,3772924,829525
"Toronto",2015-06-01,1254893,3775535,831630
"Toronto",2015-07-01,1255310,3778230,833750
"Toronto",2015-08-01,1255586,3781020,835892
"Toronto",2015-09-01,1255732,3783898,838056
"Toronto",2015-10-01,1255764,3786854,840241
"Toronto",2015-11-01,1255700,3789877,842448
"Toronto",2015-12-01,1255557,3792956,844674
"Toronto",2016-01-01,1255350,3796081,846921
"Toronto",2016-02-01,1255099,3799240,849186
"Toronto",2016-03-01,1254819,3802422,851471
"Toronto",2016-04-01,1254527,3805617,853773
"Toronto",2016-05-01,1254240,3808814,856092
"Toronto",2016-06-01,1253975,3812002,858428
"Toronto",2016-07-01,1253750,3815170,860780
"Toronto",2016-08-01,1253578,3818320,863148
"Toronto",2016-09-01,1253461,3821507,865536
"Toronto",2016-10-01,1253400,3824796,867947
"Toronto",2016-11-01,1253393,3828255,870385
"Toronto",2016-12-01,1253441,3831950,872854
"Toronto",2017-01-01,1253542,3835949,875358
"Toronto",2017-02-01,1253697,3840317,877901
"Toronto",2017-03-01,1253904,3845123,880486
"Toronto",2017-04-01,1254163,3850432,883118
"Toronto",2017-05-01,1254474,3856312,885800
"Toronto",2017-06-01,1254837,3862829,888536
"Toronto",2017-07-01,1255250,3870050,891330
"Toronto",2017-08-01,1255712,3878016,894183
"Toronto",2017-09-01,1256214,3886667,897086
"Toronto",2017-10-01,1256747,3895917,900024
"Toronto",2017-11-01,1257301,3905678,902985
"Toronto",2017-12-01,1257865,3915865,905957
"Toronto",2018-01-01,1258430,3926391,908925
"Toronto",2018-02-01,1258986,3937170,911878
"Toronto",2018-03-01,1259522,3948116,914802
"Toronto",2018-04-01,1260030,3959142,917684
"Toronto",2018-05-01,1260499,3970162,920511
"Toronto",2018-06-01,1260919,3981090,923271
"Toronto",2018-07-01,1261280,3991840,925950
"Toronto",2018-08-01,1261573,4002330,928536
"Toronto",2018-09-01,1261789,4012499,931019
"Toronto",2018-10-01,1261921,4022292,933389
"Toronto",2018-11-01,1261960,4031653,935636
"Toronto",2018-12-01,1261898,4040527,937752
"Toronto",2019-01-01,1261727,4048857,939726
"Toronto",2019-02-01,1261440,4056588,941549
"Toronto",2019-03-01,1261028,4063664,943211
"Toronto",2019-04-01,1260483,4070031,944703
"Toronto",2019-05-01,1259797,4075631,946015
"Toronto",2019-06-01,1258962,4080409,947137
"Toronto",2019-07-01,1257970,4084310,948060
"Toronto",2019-08-01,1256813,4087278,948774
"Toronto",2019-09-01,1255484,4089257,949270
"Toronto",2019-10-01,1253973,4090191,949538
"Toronto",2019-11-01,1252273,4090026,949569
"Toronto",2019-12-01,1250376,4088704,949352
"Toronto",2020-01-01,1248274,4086171,948879
"Toronto",2020-02-01,1245959,4082371,948139
"Toronto",2020-03-01,1243423,4077247,947124
"Toronto",2020-04-01,1240658,4070745,945823
"Toronto",2020-05-01,1237656,4062809,944227
"Toronto",2020-06-01,1234408,4053383,942326
"Toronto",2020-07-01,1230907,4042411,940111
"Toronto",2020-08-01,1227145,4029837,937572
"Toronto",2020-09-01,1223113,4015607,934699
"Toronto",2020-10-01,1218804,3999664,931484
"Toronto",2020-11-01,1214210,3981952,927915
"Toronto",2020-12-01,1209322,3962417,923985
"Toronto",2021-01-01,1204134,3941001,919682
"Toronto",2021-02-01,1198635,3917650,914999
"Toronto",2021-03-01,1192819,3892308,909924
"Toronto",2021-04-01,1186678,3864918,904448
"Toronto",2021-05-01,1180203,3835427,898563
"Toronto",2021-06-01,1173387,3803776,892257
"Toronto",2021-07-01,1166221,3769912,885522
"Toronto",2021-08-01,1158697,3733779,878348
"Toronto",2021-09-01,1150808,3695320,870725
"Toronto",2021-10-01,1142545,3654480,862644
"Toronto",2021-11-01,1133901,3611203,854096
"Toronto",2021-12-01,1124866,3565434,845070
"Vancouver",2013-01-01,434529,1532969,335709
"Vancouver",2013-02-01,433711,1534883,337108
"Vancouver",2013-03-01,432999,1536735,338491
"Vancouver",2013-04-01,432388,1538528,339858
"Vancouver",2013-05-01,431874,1540265,341210
"Vancouver",2013-06-01,431453,1541948,342547
"Vancouver",2013-07-01,431120,1543580,343870
"Vancouver",2013-08-01,430871,1545163,345179
"Vancouver",2013-09-01,430703,1546701,346474
"Vancouver",2013-10-01,430609,1548195,347755
"Vancouver",2013-11-01,430587,1549649,349024
"Vancouver",2013-12-01,430632,1551064,350281
"Vancouver",2014-01-01,430740,1552444,351525
"Vancouver",2014-02-01,430906,1553792,352758
"Vancouver",2014-03-01,431126,1555109,353979
"Vancouver",2014-04-01,431396,1556399,355190
"Vancouver",2014-05-01,431711,1557664,356390
"Vancouver",2014-06-01,432067,1558907,357580
"Vancouver",2014-07-01,432460,1560130,358760
"Vancouver",2014-08-01,432885,1561336,359931
"Vancouver",2014-09-01,433337,1562530,361093
"Vancouver",2014-10-01,433809,1563714,362246
"Vancouver",2014-11-01,434295,1564894,363390
"Vancouver",2014-12-01,434789,1566073,364526
"Vancouver",2015-01-01,435286,1567255,365653
"Vancouver",2015-02-01,435778,1568444,366772
"Vancouver",2015-03-01,436259,1569645,367883
"Vancouver",2015-04-01,436724,1570860,368986
"Vancouver",2015-05-01,437167,1572095,370082
"Vancouver",2015-06-01,437581,1573354,371170
"Vancouver",2015-07-01,437960,1574640,372250
"Vancouver",2015-08-01,438300,1575956,373323
"Vancouver",2015-09-01,438601,1577301,374391
"Vancouver",2015-10-01,438868,1578671,375454
"Vancouver",2015-11-01,439103,1580064,376514
"Vancouver",2015-12-01,439309,1581476,377571
"Vancouver",2016-01-01,439489,1582904,378628
"Vancouver",2016-02-01,439646,1584346,379686
"Vancouver",2016-03-01,439783,1585798,380746
"Vancouver",2016-04-01,439902,1587257,381809
"Vancouver",2016-05-01,440008,1588721,382876
"Vancouver",2016-06-01,440103,1590186,383950
"Vancouver",2016-07-01,440190,1591650,385030
"Vancouver",2016-08-01,440272,1593112,386119
"Vancouver",2016-09-01,440350,1594587,387217
"Vancouver",2016-10-01,440427,1596093,388326
"Vancouver",2016-11-01,440504,1597647,389446
"Vancouver",2016-12-01,440583,1599266,390579
"Vancouver",2017-01-01,440666,1600968,391725
"Vancouver",2017-02-01,440754,1602771,392886
"Vancouver",2017-03-01,440849,1604692,394062
"Vancouver",2017-04-01,440954,1606749,395254
"Vancouver",2017-05-01,441070,1608959,396464
"Vancouver",2017-06-01,441198,1611340,397692
"Vancouver",2017-07-01,441340,1613910,398940
"Vancouver",2017-08-01,441498,1616680,400207
"Vancouver",2017-09-01,441672,1619640,401492
"Vancouver",2017-10-01,441860,1622774,402792
"Vancouver",2017-11-01,442064,1626067,404104
"Vancouver",2017-12-01,442281,1629501,405425
"Vancouver",2018-01-01,442512,1633062,406753
"Vancouver",2018-02-01,442755,1636734,408084
"Vancouver",2018-03-01,443011,1640500,409416
"Vancouver",2018-04-01,443279,1644344,410747
"Vancouver",2018-05-01,443559,1648251,412073
"Vancouver",2018-06-01,443849,1652205,413392
"Vancouver",2018-07-01,444150,1656190,414700
"Vancouver",2018-08-01,444461,1660191,415996
"Vancouver",2018-09-01,444781,1664197,417277
"Vancouver",2018-10-01,445111,1668200,418540
"Vancouver",2018-11-01,445451,1672190,419785
"Vancouver",2018-12-01,445801,1676158,421009
"Vancouver",2019-01-01,446160,1680094,422210
"Vancouver",2019-02-01,446528,1683990,423386
"Vancouver",2019-03-01,446906,1687837,424535
"Vancouver",2019-04-01,447293,1691624,425655
"Vancouver",2019-05-01,447689,1695343,426744
"Vancouver",2019-06-01,448095,1698985,427799
"Vancouver",2019-07-01,448510,1702540,428820
"Vancouver",2019-08-01,448934,1705999,429803
"Vancouver",2019-09-01,449367,1709353,430748
"Vancouver",2019-10-01,449809,1712593,431651
"Vancouver",2019-11-01,450260,1715709,432511
"Vancouver",2019-12-01,450719,1718692,433326
"Vancouver",2020-01-01,451188,1721534,434093
"Vancouver",2020-02-01,451665,1724224,434811
"Vancouver",2020-03-01,452150,1726753,435478
"Vancouver",2020-04-01,452645,1729113,436092
"Vancouver",2020-05-01,453148,1731294,436650
"Vancouver",2020-06-01,453659,1733286,437151
"Vancouver",2020-07-01,454179,1735081,437593
"Vancouver",2020-08-01,454707,1736670,437974
"Vancouver",2020-09-01,455243,1738043,438291
"Vancouver",2020-10-01,455787,1739190,438542
"Vancouver",2020-11-01,456340,1740103,438726
"Vancouver",2020-12-01,456901,1740773,438841
"Vancouver",2021-01-01,457469,1741190,438884
"Vancouver",2021-02-01,458046,1741344,438854
"Vancouver",2021-03-01,458630,1741228,438748
"Vancouver",2021-04-01,459223,1740831,438565
"Vancouver",2021-05-01,459823,1740144,438302
"Vancouver",2021-06-01,460431,1739158,437958
"Vancouver",2021-07-01,461046,1737864,437530
"Vancouver",2021-08-01,461669,1736253,437016
"Vancouver",2021-09-01,462299,1734315,436415
"Vancouver",2021-10-01,462937,1732041,435724
"Vancouver",2021-11-01,463582,1729422,434941
"Vancouver",2021-12-01,464235,1726449,434065
"Victoria",2013-01-01,54763,209039,65813
"Victoria",2013-02-01,54752,209145,66033
"Victoria",2013-03-01,54749,209256,66258
"Victoria",2013-04-01,54753,209371,66489
"Victoria",2013-05-01,54765,209491,66725
"Victoria",2013-06-01,54784,209613,66965
"Victoria",2013-07-01,54810,209740,67210
"Victoria",2013-08-01,54842,209870,67459
"Victoria",2013-09-01,54881,210004,67711
"Victoria",2013-10-01,54925,210140,67967
"Victoria",2013-11-01,54975,210280,68226
"Victoria",2013-12-01,55030,210423,68487
"Victoria",2014-01-01,55090,210568,68752
"Victoria",2014-02-01,55155,210716,69018
"Victoria",2014-03-01,55224,210866,69286
"Victoria",2014-04-01,55298,211019,69555
"Victoria",2014-05-01,55375,211174,69826
"Victoria",2014-06-01,55456,211331,70098
"Victoria",2014-07-01,55540,211490,70370
"Victoria",2014-08-01,55627,211650,70642
"Victoria",2014-09-01,55717,211812,70914
"Victoria",2014-10-01,55809,211974,71185
"Victoria",2014-11-01,55904,212136,71455
"Victoria",2014-12-01,56000,212298,71722
"Victoria",2015-01-01,56098,212458,71986
"Victoria",2015-02-01,56197,212616,72246
"Victoria",2015-03-01,56297,212772,72502
"Victoria",2015-04-01,56397,212925,72753
"Victoria",2015-05-01,56498,213074,72998
"Victoria",2015-06-01,56599,213220,73238
"Victoria",2015-07-01,56700,213360,73470
"Victoria",2015-08-01,56800,213495,73695
"Victoria",2015-09-01,56900,213627,73914
"Victoria",2015-10-01,56998,213757,74127
"Victoria",2015-11-01,57095,213885,74335
"Victoria",2015-12-01,57191,214015,74540
"Victoria",2016-01-01,57284,214148,74743
"Victoria",2016-02-01,57376,214285,74945
"Victoria",2016-03-01,57465,214428,75146
"Victoria",2016-04-01,57551,214578,75348
"Victoria",2016-05-01,57634,214738,75552
"Victoria",2016-06-01,57714,214908,75759
"Victoria",2016-07-01,57790,215090,75970
"Victoria",2016-08-01,57862,215286,76186
"Victoria",2016-09-01,57931,215493,76406
"Victoria",2016-10-01,57997,215709,76630
"Victoria",2016-11-01,58060,215932,76859
"Victoria",2016-12-01,58120,216160,77091
"Victoria",2017-01-01,58178,216390,77326
"Victoria",2017-02-01,58235,216619,77564
"Victoria",2017-03-01,58290,216846,77805
"Victoria",2017-04-01,58343,217068,78049
"Victoria",2017-05-01,58396,217282,78294
"Victoria",2017-06-01,58448,217487,78541
"Victoria",2017-07-01,58500,217680,78790
"Victoria",2017-08-01,58552,217859,79040
"Victoria",2017-09-01,58604,218027,79290
"Victoria",2017-10-01,58657,218186,79540
"Victoria",2017-11-01,58709,218339,79791
"Victoria",2017-12-01,58762,218489,80041
"Victoria",2018-01-01,58815,218639,80290
"Victoria",2018-02-01,58869,218792,80538
"Victoria",2018-03-01,58922,218951,80785
"Victoria",2018-04-01,58976,219118,81030
"Victoria",2018-05-01,59031,219297,81273
"Victoria",2018-06-01,59085,219490,81513
"Victoria",2018-07-01,59140,219700,81750
"Victoria",2018-08-01,59195,219930,81984
"Victoria",2018-09-01,59251,220182,82214
"Victoria",2018-10-01,59307,220458,82441
"Victoria",2018-11-01,59364,220759,82663
"Victoria",2018-12-01,59422,221088,82880
"Victoria",2019-01-01,59480,221446,83092
"Victoria",2019-02-01,59539,221835,83299
"Victoria",2019-03-01,59599,222257,83500
"Victoria",2019-04-01,59660,222714,83695
"Victoria",2019-05-01,59722,223207,83884
"Victoria",2019-06-01,59785,223738,84065
"Victoria",2019-07-01,59850,224310,84240
"Victoria",2019-08-01,59916,224924,84407
"Victoria",2019-09-01,59983,225581,84566
"Victoria",2019-10-01,60052,226285,84717
"Victoria",2019-11-01,60122,227035,84860
"Victoria",2019-12-01,60194,227836,84993
"Victoria",2020-01-01,60268,228687,85117
"Victoria",2020-02-01,60344,229591,85232
"Victoria",2020-03-01,60421,230550,85337
"Victoria",2020-04-01,60501,231566,85431
"Victoria",2020-05-01,60582,232640,85514
"Victoria",2020-06-01,60666,233775,85587
"Victoria",2020-07-01,60752,234972,85648
"Victoria",2020-08-01,60840,236232,85698
"Victoria",2020-09-01,60930,237559,85735
"Victoria",2020-10-01,61024,238953,85760
"Victoria",2020-11-01,61119,240417,85772
"Victoria",2020-12-01,61217,241951,85771
"Victoria",2021-01-01,61318,243559,85756
"Victoria",2021-02-01,61422,245242,85727
"Victoria",2021-03-01,61529,247002,85685
"Victoria",2021-04-01,61638,248840,85627
"Victoria",2021-05-01,61751,250759,85555
"Victoria",2021-06-01,61866,252760,85468
"Victoria",2021-07-01,61985,254845,85364
"Victoria",2021-08-01,62107,257016,85245
"Victoria",2021-09-01,62233,259275,85110
"Victoria",2021-10-01,62362,261623,84958
"Victoria",2021-11-01,62494,264063,84788
"Victoria",2021-12-01,62630,266596,84602
"Windsor",2013-01-01,72874,201208,51013
"Windsor",2013-02-01,72687,201099,51170
"Windsor",2013-03-01,72517,201002,51326
"Windsor",2013-04-01,72363,200914,51480
"Windsor",2013-05-01,72224,200836,51634
"Windsor",2013-06-01,72100,200768,51788
"Windsor",2013-07-01,71990,200710,51940
"Windsor",2013-08-01,71894,200662,52092
"Windsor",2013-09-01,71811,200623,52243
"Windsor",2013-10-01,71741,200593,52393
"Windsor",2013-11-01,71684,200573,52543
"Windsor",2013-12-01,71638,200563,52693
"Windsor",2014-01-01,71603,200561,52842
"Windsor",2014-02-01,71579,200569,52991
"Windsor",2014-03-01,71565,200585,53139
"Windsor",2014-04-01,71560,200611,53287
"Windsor",2014-05-01,71565,200645,53435
"Windsor",2014-06-01,71579,200688,53582
"Windsor",2014-07-01,71600,200740,53730
"Windsor",2014-08-01,71629,200800,53877
"Windsor",2014-09-01,71665,200869,54025
"Windsor",2014-10-01,71707,200946,54172
"Windsor",2014-11-01,71755,201032,54319
"Windsor",2014-12-01,71807,201127,54466
"Windsor",2015-01-01,71864,201231,54612
"Windsor",2015-02-01,71925,201343,54758
"Windsor",2015-03-01,71988,201464,54903
"Windsor",2015-04-01,72054,201595,55048
"Windsor",2015-05-01,72122,201734,55193
"Windsor",2015-06-01,72191,201882,55337
"Windsor",2015-07-01,72260,202040,55480
"Windsor",2015-08-01,72329,202207,55623
"Windsor",2015-09-01,72398,202382,55765
"Windsor",2015-10-01,72467,202565,55908
"Windsor",2015-11-01,72535,202754,56051
"Windsor",2015-12-01,72603,202951,56195
"Windsor",2016-01-01,72671,203152,56342
"Windsor",2016-02-01,72738,203359,56490
"Windsor",2016-03-01,72805,203570,56641
"Windsor",2016-04-01,72872,203784,56795
"Windsor",2016-05-01,72938,204001,56952
"Windsor",2016-06-01,73004,204220,57114
"Windsor",2016-07-01,73070,204440,57280
"Windsor",2016-08-01,73135,204661,57451
"Windsor",2016-09-01,73198,204881,57625
"Windsor",2016-10-01,73256,205102,57800
"Windsor",2016-11-01,73309,205321,57975
"Windsor",2016-12-01,73354,205539,58147
"Windsor",2017-01-01,73390,205755,58316
"Windsor",2017-02-01,73414,205968,58478
"Windsor",2017-03-01,73425,206178,58633
"Windsor",2017-04-01,73421,206385,58779
"Windsor",2017-05-01,73400,206588,58913
"Windsor",2017-06-01,73360,206787,59034
"Windsor",2017-07-01,73300,206980,59140
"Windsor",2017-08-01,73218,207168,59230
"Windsor",2017-09-01,73117,207351,59305
"Windsor",2017-10-01,73000,207529,59368
"Windsor",2017-11-01,72869,207702,59420
"Windsor",2017-12-01,72728,207871,59463
"Windsor",2018-01-01,72580,208035,59499
"Windsor",2018-02-01,72427,208196,59530
"Windsor",2018-03-01,72273,208353,59558
"Windsor",2018-04-01,72120,208507,59585
"Windsor",2018-05-01,71971,208657,59613
"Windsor",2018-06-01,71830,208805,59644
"Windsor",2018-07-01,71700,208950,59680
"Windsor",2018-08-01,71583,209093,59723
"Windsor",2018-09-01,71481,209233,59773
"Windsor",2018-10-01,71397,209372,59833
"Windsor",2018-11-01,71332,209508,59904
"Windsor",2018-12-01,71289,209642,59986
"Windsor",2019-01-01,71270,209775,60081
"Windsor",2019-02-01,71276,209906,60190
"Windsor",2019-03-01,71309,210036,60315
"Windsor",2019-04-01,71373,210164,60456
"Windsor",2019-05-01,71467,210290,60614
"Windsor",2019-06-01,71596,210416,60792
"Windsor",2019-07-01,71760,210540,60990
"Windsor",2019-08-01,71962,210663,61209
"Windsor",2019-09-01,72203,210786,61451
"Windsor",2019-10-01,72487,210907,61717
"Windsor",2019-11-01,72814,211028,62007
"Windsor",2019-12-01,73186,211149,62324
"Windsor",2020-01-01,73607,211268,62668
"Windsor",2020-02-01,74077,211388,63041
"Windsor",2020-03-01,74600,211507,63444
"Windsor",2020-04-01,75176,211626,63878
"Windsor",2020-05-01,75807,211745,64344
"Windsor",2020-06-01,76497,211865,64843
"Windsor",2020-07-01,77247,211984,65377
"Windsor",2020-08-01,78059,212104,65947
"Windsor",2020-09-01,78934,212224,66554
"Windsor",2020-10-01,79876,212344,67200
"Windsor",2020-11-01,80885,212466,67885
"Windsor",2020-12-01,81965,212588,68610
"Windsor",2021-01-01,83116,212711,69378
"Windsor",2021-02-01,84342,212835,70189
"Windsor",2021-03-01,85643,212959,71044
"Windsor",2021-04-01,87023,213086,71944
"Windsor",2021-05-01,88483,213213,72892
"Windsor",2021-06-01,90025,213342,73887
"Windsor",2021-07-01,91651,213472,74932
"Windsor",2021-08-01,93363,213604,76027
"Windsor",2021-09-01,95163,213738,77173
"Windsor",2021-10-01,97054,213873,78373
"Windsor",2021-11-01,99037,214011,79626
"Windsor",2021-12-01,101114,214150,80935
