"GEO","Date","Inc_med"
"Alberta",2013-01-01,59032
"Alberta",2013-02-01,59313
"Alberta",2013-03-01,59585
"Alberta",2013-04-01,59848
"Alberta",2013-05-01,60101
"Alberta",2013-06-01,60345
"Alberta",2013-07-01,60580
"Alberta",2013-08-01,60805
"Alberta",2013-09-01,61021
"Alberta",2013-10-01,61228
"Alberta",2013-11-01,61425
"Alberta",2013-12-01,61612
"Alberta",2014-01-01,61791
"Alberta",2014-02-01,61959
"Alberta",2014-03-01,62118
"Alberta",2014-04-01,62268
"Alberta",2014-05-01,62408
"Alberta",2014-06-01,62539
"Alberta",2014-07-01,62660
"Alberta",2014-08-01,62771
"Alberta",2014-09-01,62871
"Alberta",2014-10-01,62959
"Alberta",2014-11-01,63032
"Alberta",2014-12-01,63090
"Alberta",2015-01-01,63131
"Alberta",2015-02-01,63153
"Alberta",2015-03-01,63155
"Alberta",2015-04-01,63135
"Alberta",2015-05-01,63092
"Alberta",2015-06-01,63024
"Alberta",2015-07-01,62930
"Alberta",2015-08-01,62810
"Alberta",2015-09-01,62667
"Alberta",2015-10-01,62509
"Alberta",2015-11-01,62341
"Alberta",2015-12-01,62170
"Alberta",2016-01-01,62000
"Alberta",2016-02-01,61838
"Alberta",2016-03-01,61691
"Alberta",2016-04-01,61563
"Alberta",2016-05-01,61461
"Alberta",2016-06-01,61392
"Alberta",2016-07-01,61360
"Alberta",2016-08-01,61370
"Alberta",2016-09-01,61419
"Alberta",2016-10-01,61502
"Alberta",2016-11-01,61614
"Alberta",2016-12-01,61750
"Alberta",2017-01-01,61905
"Alberta",2017-02-01,62073
"Alberta",2017-03-01,62251
"Alberta",2017-04-01,62432
"Alberta",2017-05-01,62613
"Alberta",2017-06-01,62787
"Alberta",2017-07-01,62950
"Alberta",2017-08-01,63098
"Alberta",2017-09-01,63232
"Alberta",2017-10-01,63352
"Alberta",2017-11-01,63461
"Alberta",2017-12-01,63560
"Alberta",2018-01-01,63650
"Alberta",2018-02-01,63733
"Alberta",2018-03-01,63810
"Alberta",2018-04-01,63883
"Alberta",2018-05-01,63953
"Alberta",2018-06-01,64021
"Alberta",2018-07-01,64090
"Alberta",2018-08-01,64160
"Alberta",2018-09-01,64232
"Alberta",2018-10-01,64306
"Alberta",2018-11-01,64382
"Alberta",2018-12-01,64461
"Alberta",2019-01-01,64542
"Alberta",2019-02-01,64625
"Alberta",2019-03-01,64712
"Alberta",2019-04-01,64801
"Alberta",2019-05-01,64894
"Alberta",2019-06-01,64990
"Alberta",2019-07-01,65090
"Alberta",2019-08-01,65194
"Alberta",2019-09-01,65301
"Alberta",2019-10-01,65413
"Alberta",2019-11-01,65529
"Alberta",2019-12-01,65649
"Alberta",2020-01-01,65774
"Alberta",2020-02-01,65904
"Alberta",2020-03-01,66039
"Alberta",2020-04-01,66179
"Alberta",2020-05-01,66325
"Alberta",2020-06-01,66476
"Alberta",2020-07-01,66632
"Alberta",2020-08-01,66795
"Alberta",2020-09-01,66964
"Alberta",2020-10-01,67139
"Alberta",2020-11-01,67321
"Alberta",2020-12-01,67509
"Alberta",2021-01-01,67704
"Alberta",2021-02-01,67906
"Alberta",2021-03-01,68115
"Alberta",2021-04-01,68332
"Alberta",2021-05-01,68556
"Alberta",2021-06-01,68788
"Alberta",2021-07-01,69027
"Alberta",2021-08-01,69275
"Alberta",2021-09-01,69531
"Alberta",2021-10-01,69796
"Alberta",2021-11-01,70069
"Alberta",2021-12-01,70351
"British Columbia",2013-01-01,46593
"British Columbia",2013-02-01,46624
"British Columbia",2013-03-01,46664
"British Columbia",2013-04-01,46712
"British Columbia",2013-05-01,46767
"British Columbia",2013-06-01,46830
"British Columbia",2013-07-01,46900
"British Columbia",2013-08-01,46976
"British Columbia",2013-09-01,47059
"British Columbia",2013-10-01,47147
"British Columbia",2013-11-01,47240
"British Columbia",2013-12-01,47339
"British Columbia",2014-01-01,47442
"British Columbia",2014-02-01,47550
"British Columbia",2014-03-01,47662
"British Columbia",2014-04-01,47777
"British Columbia",2014-05-01,47895
"British Columbia",2014-06-01,48016
"British Columbia",2014-07-01,48140
"British Columbia",2014-08-01,48266
"British Columbia",2014-09-01,48392
"British Columbia",2014-10-01,48520
"British Columbia",2014-11-01,48646
"British Columbia",2014-12-01,48771
"British Columbia",2015-01-01,48894
"British Columbia",2015-02-01,49013
"British Columbia",2015-03-01,49129
"British Columbia",2015-04-01,49239
"British Columbia",2015-05-01,49343
"British Columbia",2015-06-01,49440
"British Columbia",2015-07-01,49530
"British Columbia",2015-08-01,49611
"British Columbia",2015-09-01,49686
"British Columbia",2015-10-01,49755
"British Columbia",2015-11-01,49821
"British Columbia",2015-12-01,49885
"British Columbia",2016-01-01,49949
"British Columbia",2016-02-01,50015
"British Columbia",2016-03-01,50084
"British Columbia",2016-04-01,50159
"British Columbia",2016-05-01,50240
"British Columbia",2016-06-01,50330
"British Columbia",2016-07-01,50430
"British Columbia",2016-08-01,50542
"British Columbia",2016-09-01,50664
"British Columbia",2016-10-01,50795
"British Columbia",2016-11-01,50933
"British Columbia",2016-12-01,51077
"British Columbia",2017-01-01,51226
"British Columbia",2017-02-01,51377
"British Columbia",2017-03-01,51529
"British Columbia",2017-04-01,51681
"British Columbia",2017-05-01,51832
"British Columbia",2017-06-01,51978
"British Columbia",2017-07-01,52120
"British Columbia",2017-08-01,52255
"British Columbia",2017-09-01,52385
"British Columbia",2017-10-01,52509
"British Columbia",2017-11-01,52628
"British Columbia",2017-12-01,52744
"British Columbia",2018-01-01,52855
"British Columbia",2018-02-01,52963
"British Columbia",2018-03-01,53069
"British Columbia",2018-04-01,53173
"British Columbia",2018-05-01,53276
"British Columbia",2018-06-01,53378
"British Columbia",2018-07-01,53480
"British Columbia",2018-08-01,53582
"British Columbia",2018-09-01,53685
"British Columbia",2018-10-01,53789
"British Columbia",2018-11-01,53893
"British Columbia",2018-12-01,53999
"British Columbia",2019-01-01,54105
"British Columbia",2019-02-01,54213
"British Columbia",2019-03-01,54323
"British Columbia",2019-04-01,54434
"British Columbia",2019-05-01,54548
"British Columbia",2019-06-01,54663
"British Columbia",2019-07-01,54780
"British Columbia",2019-08-01,54900
"British Columbia",2019-09-01,55022
"British Columbia",2019-10-01,55146
"British Columbia",2019-11-01,55274
"British Columbia",2019-12-01,55404
"British Columbia",2020-01-01,55538
"British Columbia",2020-02-01,55675
"British Columbia",2020-03-01,55815
"British Columbia",2020-04-01,55959
"British Columbia",2020-05-01,56106
"British Columbia",2020-06-01,56257
"British Columbia",2020-07-01,56413
"British Columbia",2020-08-01,56572
"British Columbia",2020-09-01,56736
"British Columbia",2020-10-01,56905
"British Columbia",2020-11-01,57078
"British Columbia",2020-12-01,57255
"British Columbia",2021-01-01,57438
"British Columbia",2021-02-01,57626
"British Columbia",2021-03-01,57819
"British Columbia",2021-04-01,58018
"British Columbia",2021-05-01,58222
"British Columbia",2021-06-01,58432
"British Columbia",2021-07-01,58648
"British Columbia",2021-08-01,58870
"British Columbia",2021-09-01,59098
"British Columbia",2021-10-01,59333
"British Columbia",2021-11-01,59574
"British Columbia",2021-12-01,59822
"Calgary",2013-01-01,60909
"Calgary",2013-02-01,60993
"Calgary",2013-03-01,61093
"Calgary",2013-04-01,61208
"Calgary",2013-05-01,61336
"Calgary",2013-06-01,61478
"Calgary",2013-07-01,61630
"Calgary",2013-08-01,61793
"Calgary",2013-09-01,61965
"Calgary",2013-10-01,62144
"Calgary",2013-11-01,62331
"Calgary",2013-12-01,62523
"Calgary",2014-01-01,62720
"Calgary",2014-02-01,62920
"Calgary",2014-03-01,63122
"Calgary",2014-04-01,63325
"Calgary",2014-05-01,63529
"Calgary",2014-06-01,63730
"Calgary",2014-07-01,63930
"Calgary",2014-08-01,64126
"Calgary",2014-09-01,64315
"Calgary",2014-10-01,64495
"Calgary",2014-11-01,64663
"Calgary",2014-12-01,64816
"Calgary",2015-01-01,64951
"Calgary",2015-02-01,65066
"Calgary",2015-03-01,65157
"Calgary",2015-04-01,65222
"Calgary",2015-05-01,65257
"Calgary",2015-06-01,65261
"Calgary",2015-07-01,65230
"Calgary",2015-08-01,65163
"Calgary",2015-09-01,65063
"Calgary",2015-10-01,64937
"Calgary",2015-11-01,64791
"Calgary",2015-12-01,64629
"Calgary",2016-01-01,64457
"Calgary",2016-02-01,64282
"Calgary",2016-03-01,64108
"Calgary",2016-04-01,63941
"Calgary",2016-05-01,63787
"Calgary",2016-06-01,63652
"Calgary",2016-07-01,63540
"Calgary",2016-08-01,63457
"Calgary",2016-09-01,63401
"Calgary",2016-10-01,63370
"Calgary",2016-11-01,63362
"Calgary",2016-12-01,63374
"Calgary",2017-01-01,63404
"Calgary",2017-02-01,63449
"Calgary",2017-03-01,63508
"Calgary",2017-04-01,63578
"Calgary",2017-05-01,63657
"Calgary",2017-06-01,63741
"Calgary",2017-07-01,63830
"Calgary",2017-08-01,63921
"Calgary",2017-09-01,64013
"Calgary",2017-10-01,64107
"Calgary",2017-11-01,64202
"Calgary",2017-12-01,64298
"Calgary",2018-01-01,64395
"Calgary",2018-02-01,64494
"Calgary",2018-03-01,64594
"Calgary",2018-04-01,64694
"Calgary",2018-05-01,64795
"Calgary",2018-06-01,64897
"Calgary",2018-07-01,65000
"Calgary",2018-08-01,65103
"Calgary",2018-09-01,65206
"Calgary",2018-10-01,65309
"Calgary",2018-11-01,65410
"Calgary",2018-12-01,65510
"Calgary",2019-01-01,65608
"Calgary",2019-02-01,65703
"Calgary",2019-03-01,65795
"Calgary",2019-04-01,65883
"Calgary",2019-05-01,65967
"Calgary",2019-06-01,66046
"Calgary",2019-07-01,66120
"Calgary",2019-08-01,66188
"Calgary",2019-09-01,66249
"Calgary",2019-10-01,66303
"Calgary",2019-11-01,66350
"Calgary",2019-12-01,66389
"Calgary",2020-01-01,66419
"Calgary",2020-02-01,66440
"Calgary",2020-03-01,66451
"Calgary",2020-04-01,66453
"Calgary",2020-05-01,66443
"Calgary",2020-06-01,66422
"Calgary",2020-07-01,66389
"Calgary",2020-08-01,66344
"Calgary",2020-09-01,66286
"Calgary",2020-10-01,66215
"Calgary",2020-11-01,66129
"Calgary",2020-12-01,66029
"Calgary",2021-01-01,65914
"Calgary",2021-02-01,65784
"Calgary",2021-03-01,65637
"Calgary",2021-04-01,65474
"Calgary",2021-05-01,65293
"Calgary",2021-06-01,65095
"Calgary",2021-07-01,64878
"Calgary",2021-08-01,64643
"Calgary",2021-09-01,64388
"Calgary",2021-10-01,64113
"Calgary",2021-11-01,63818
"Calgary",2021-12-01,63502
"Edmonton",2013-01-01,58866
"Edmonton",2013-02-01,59092
"Edmonton",2013-03-01,59311
"Edmonton",2013-04-01,59523
"Edmonton",2013-05-01,59729
"Edmonton",2013-06-01,59928
"Edmonton",2013-07-01,60120
"Edmonton",2013-08-01,60305
"Edmonton",2013-09-01,60484
"Edmonton",2013-10-01,60655
"Edmonton",2013-11-01,60820
"Edmonton",2013-12-01,60978
"Edmonton",2014-01-01,61129
"Edmonton",2014-02-01,61273
"Edmonton",2014-03-01,61410
"Edmonton",2014-04-01,61541
"Edmonton",2014-05-01,61664
"Edmonton",2014-06-01,61780
"Edmonton",2014-07-01,61890
"Edmonton",2014-08-01,61992
"Edmonton",2014-09-01,62087
"Edmonton",2014-10-01,62171
"Edmonton",2014-11-01,62245
"Edmonton",2014-12-01,62307
"Edmonton",2015-01-01,62356
"Edmonton",2015-02-01,62390
"Edmonton",2015-03-01,62409
"Edmonton",2015-04-01,62410
"Edmonton",2015-05-01,62393
"Edmonton",2015-06-01,62357
"Edmonton",2015-07-01,62300
"Edmonton",2015-08-01,62222
"Edmonton",2015-09-01,62127
"Edmonton",2015-10-01,62019
"Edmonton",2015-11-01,61905
"Edmonton",2015-12-01,61788
"Edmonton",2016-01-01,61674
"Edmonton",2016-02-01,61568
"Edmonton",2016-03-01,61475
"Edmonton",2016-04-01,61400
"Edmonton",2016-05-01,61347
"Edmonton",2016-06-01,61322
"Edmonton",2016-07-01,61330
"Edmonton",2016-08-01,61374
"Edmonton",2016-09-01,61451
"Edmonton",2016-10-01,61556
"Edmonton",2016-11-01,61686
"Edmonton",2016-12-01,61834
"Edmonton",2017-01-01,61998
"Edmonton",2017-02-01,62171
"Edmonton",2017-03-01,62350
"Edmonton",2017-04-01,62530
"Edmonton",2017-05-01,62707
"Edmonton",2017-06-01,62875
"Edmonton",2017-07-01,63030
"Edmonton",2017-08-01,63169
"Edmonton",2017-09-01,63292
"Edmonton",2017-10-01,63401
"Edmonton",2017-11-01,63498
"Edmonton",2017-12-01,63583
"Edmonton",2018-01-01,63660
"Edmonton",2018-02-01,63729
"Edmonton",2018-03-01,63792
"Edmonton",2018-04-01,63851
"Edmonton",2018-05-01,63908
"Edmonton",2018-06-01,63964
"Edmonton",2018-07-01,64020
"Edmonton",2018-08-01,64079
"Edmonton",2018-09-01,64140
"Edmonton",2018-10-01,64205
"Edmonton",2018-11-01,64273
"Edmonton",2018-12-01,64346
"Edmonton",2019-01-01,64423
"Edmonton",2019-02-01,64504
"Edmonton",2019-03-01,64591
"Edmonton",2019-04-01,64684
"Edmonton",2019-05-01,64783
"Edmonton",2019-06-01,64888
"Edmonton",2019-07-01,65000
"Edmonton",2019-08-01,65119
"Edmonton",2019-09-01,65246
"Edmonton",2019-10-01,65382
"Edmonton",2019-11-01,65525
"Edmonton",2019-12-01,65678
"Edmonton",2020-01-01,65840
"Edmonton",2020-02-01,66012
"Edmonton",2020-03-01,66193
"Edmonton",2020-04-01,66386
"Edmonton",2020-05-01,66589
"Edmonton",2020-06-01,66803
"Edmonton",2020-07-01,67030
"Edmonton",2020-08-01,67268
"Edmonton",2020-09-01,67519
"Edmonton",2020-10-01,67783
"Edmonton",2020-11-01,68061
"Edmonton",2020-12-01,68352
"Edmonton",2021-01-01,68657
"Edmonton",2021-02-01,68977
"Edmonton",2021-03-01,69312
"Edmonton",2021-04-01,69662
"Edmonton",2021-05-01,70028
"Edmonton",2021-06-01,70411
"Edmonton",2021-07-01,70809
"Edmonton",2021-08-01,71225
"Edmonton",2021-09-01,71659
"Edmonton",2021-10-01,72110
"Edmonton",2021-11-01,72579
"Edmonton",2021-12-01,73067
"Sudbury",2013-01-01,52763
"Sudbury",2013-02-01,52641
"Sudbury",2013-03-01,52540
"Sudbury",2013-04-01,52458
"Sudbury",2013-05-01,52394
"Sudbury",2013-06-01,52349
"Sudbury",2013-07-01,52320
"Sudbury",2013-08-01,52307
"Sudbury",2013-09-01,52310
"Sudbury",2013-10-01,52326
"Sudbury",2013-11-01,52356
"Sudbury",2013-12-01,52398
"Sudbury",2014-01-01,52452
"Sudbury",2014-02-01,52517
"Sudbury",2014-03-01,52591
"Sudbury",2014-04-01,52675
"Sudbury",2014-05-01,52766
"Sudbury",2014-06-01,52865
"Sudbury",2014-07-01,52970
"Sudbury",2014-08-01,53080
"Sudbury",2014-09-01,53194
"Sudbury",2014-10-01,53310
"Sudbury",2014-11-01,53425
"Sudbury",2014-12-01,53539
"Sudbury",2015-01-01,53649
"Sudbury",2015-02-01,53754
"Sudbury",2015-03-01,53851
"Sudbury",2015-04-01,53939
"Sudbury",2015-05-01,54016
"Sudbury",2015-06-01,54080
"Sudbury",2015-07-01,54130
"Sudbury",2015-08-01,54164
"Sudbury",2015-09-01,54184
"Sudbury",2015-10-01,54194
"Sudbury",2015-11-01,54196
"Sudbury",2015-12-01,54193
"Sudbury",2016-01-01,54188
"Sudbury",2016-02-01,54184
"Sudbury",2016-03-01,54184
"Sudbury",2016-04-01,54191
"Sudbury",2016-05-01,54207
"Sudbury",2016-06-01,54236
"Sudbury",2016-07-01,54280
"Sudbury",2016-08-01,54342
"Sudbury",2016-09-01,54420
"Sudbury",2016-10-01,54514
"Sudbury",2016-11-01,54621
"Sudbury",2016-12-01,54741
"Sudbury",2017-01-01,54871
"Sudbury",2017-02-01,55011
"Sudbury",2017-03-01,55157
"Sudbury",2017-04-01,55310
"Sudbury",2017-05-01,55468
"Sudbury",2017-06-01,55628
"Sudbury",2017-07-01,55790
"Sudbury",2017-08-01,55952
"Sudbury",2017-09-01,56113
"Sudbury",2017-10-01,56273
"Sudbury",2017-11-01,56431
"Sudbury",2017-12-01,56587
"Sudbury",2018-01-01,56739
"Sudbury",2018-02-01,56888
"Sudbury",2018-03-01,57033
"Sudbury",2018-04-01,57174
"Sudbury",2018-05-01,57308
"Sudbury",2018-06-01,57437
"Sudbury",2018-07-01,57560
"Sudbury",2018-08-01,57675
"Sudbury",2018-09-01,57783
"Sudbury",2018-10-01,57882
"Sudbury",2018-11-01,57972
"Sudbury",2018-12-01,58051
"Sudbury",2019-01-01,58120
"Sudbury",2019-02-01,58177
"Sudbury",2019-03-01,58222
"Sudbury",2019-04-01,58253
"Sudbury",2019-05-01,58270
"Sudbury",2019-06-01,58273
"Sudbury",2019-07-01,58260
"Sudbury",2019-08-01,58231
"Sudbury",2019-09-01,58185
"Sudbury",2019-10-01,58121
"Sudbury",2019-11-01,58038
"Sudbury",2019-12-01,57936
"Sudbury",2020-01-01,57814
"Sudbury",2020-02-01,57671
"Sudbury",2020-03-01,57506
"Sudbury",2020-04-01,57319
"Sudbury",2020-05-01,57109
"Sudbury",2020-06-01,56874
"Sudbury",2020-07-01,56615
"Sudbury",2020-08-01,56330
"Sudbury",2020-09-01,56020
"Sudbury",2020-10-01,55682
"Sudbury",2020-11-01,55316
"Sudbury",2020-12-01,54921
"Sudbury",2021-01-01,54498
"Sudbury",2021-02-01,54044
"Sudbury",2021-03-01,53559
"Sudbury",2021-04-01,53042
"Sudbury",2021-05-01,52493
"Sudbury",2021-06-01,51911
"Sudbury",2021-07-01,51295
"Sudbury",2021-08-01,50644
"Sudbury",2021-09-01,49958
"Sudbury",2021-10-01,49235
"Sudbury",2021-11-01,48475
"Sudbury",2021-12-01,47678
"Guelph",2013-01-01,54489
"Guelph",2013-02-01,54706
"Guelph",2013-03-01,54913
"Guelph",2013-04-01,55109
"Guelph",2013-05-01,55295
"Guelph",2013-06-01,55472
"Guelph",2013-07-01,55640
"Guelph",2013-08-01,55800
"Guelph",2013-09-01,55951
"Guelph",2013-10-01,56095
"Guelph",2013-11-01,56232
"Guelph",2013-12-01,56362
"Guelph",2014-01-01,56486
"Guelph",2014-02-01,56604
"Guelph",2014-03-01,56716
"Guelph",2014-04-01,56823
"Guelph",2014-05-01,56926
"Guelph",2014-06-01,57025
"Guelph",2014-07-01,57120
"Guelph",2014-08-01,57212
"Guelph",2014-09-01,57301
"Guelph",2014-10-01,57389
"Guelph",2014-11-01,57475
"Guelph",2014-12-01,57561
"Guelph",2015-01-01,57648
"Guelph",2015-02-01,57736
"Guelph",2015-03-01,57826
"Guelph",2015-04-01,57918
"Guelph",2015-05-01,58015
"Guelph",2015-06-01,58115
"Guelph",2015-07-01,58220
"Guelph",2015-08-01,58331
"Guelph",2015-09-01,58446
"Guelph",2015-10-01,58566
"Guelph",2015-11-01,58689
"Guelph",2015-12-01,58814
"Guelph",2016-01-01,58941
"Guelph",2016-02-01,59068
"Guelph",2016-03-01,59196
"Guelph",2016-04-01,59323
"Guelph",2016-05-01,59448
"Guelph",2016-06-01,59571
"Guelph",2016-07-01,59690
"Guelph",2016-08-01,59805
"Guelph",2016-09-01,59917
"Guelph",2016-10-01,60026
"Guelph",2016-11-01,60132
"Guelph",2016-12-01,60236
"Guelph",2017-01-01,60339
"Guelph",2017-02-01,60440
"Guelph",2017-03-01,60541
"Guelph",2017-04-01,60642
"Guelph",2017-05-01,60744
"Guelph",2017-06-01,60846
"Guelph",2017-07-01,60950
"Guelph",2017-08-01,61056
"Guelph",2017-09-01,61163
"Guelph",2017-10-01,61271
"Guelph",2017-11-01,61380
"Guelph",2017-12-01,61488
"Guelph",2018-01-01,61596
"Guelph",2018-02-01,61702
"Guelph",2018-03-01,61806
"Guelph",2018-04-01,61907
"Guelph",2018-05-01,62005
"Guelph",2018-06-01,62100
"Guelph",2018-07-01,62190
"Guelph",2018-08-01,62275
"Guelph",2018-09-01,62356
"Guelph",2018-10-01,62430
"Guelph",2018-11-01,62499
"Guelph",2018-12-01,62561
"Guelph",2019-01-01,62617
"Guelph",2019-02-01,62665
"Guelph",2019-03-01,62706
"Guelph",2019-04-01,62740
"Guelph",2019-05-01,62765
"Guelph",2019-06-01,62782
"Guelph",2019-07-01,62790
"Guelph",2019-08-01,62789
"Guelph",2019-09-01,62778
"Guelph",2019-10-01,62758
"Guelph",2019-11-01,62727
"Guelph",2019-12-01,62685
"Guelph",2020-01-01,62633
"Guelph",2020-02-01,62569
"Guelph",2020-03-01,62493
"Guelph",2020-04-01,62406
"Guelph",2020-05-01,62306
"Guelph",2020-06-01,62193
"Guelph",2020-07-01,62067
"Guelph",2020-08-01,61928
"Guelph",2020-09-01,61775
"Guelph",2020-10-01,61607
"Guelph",2020-11-01,61425
"Guelph",2020-12-01,61228
"Guelph",2021-01-01,61016
"Guelph",2021-02-01,60788
"Guelph",2021-03-01,60544
"Guelph",2021-04-01,60284
"Guelph",2021-05-01,60007
"Guelph",2021-06-01,59713
"Guelph",2021-07-01,59402
"Guelph",2021-08-01,59072
"Guelph",2021-09-01,58725
"Guelph",2021-10-01,58359
"Guelph",2021-11-01,57974
"Guelph",2021-12-01,57570
"Hamilton",2013-01-01,50289
"Hamilton",2013-02-01,50513
"Hamilton",2013-03-01,50724
"Hamilton",2013-04-01,50924
"Hamilton",2013-05-01,51113
"Hamilton",2013-06-01,51291
"Hamilton",2013-07-01,51460
"Hamilton",2013-08-01,51619
"Hamilton",2013-09-01,51769
"Hamilton",2013-10-01,51911
"Hamilton",2013-11-01,52044
"Hamilton",2013-12-01,52170
"Hamilton",2014-01-01,52289
"Hamilton",2014-02-01,52401
"Hamilton",2014-03-01,52507
"Hamilton",2014-04-01,52608
"Hamilton",2014-05-01,52703
"Hamilton",2014-06-01,52794
"Hamilton",2014-07-01,52880
"Hamilton",2014-08-01,52963
"Hamilton",2014-09-01,53042
"Hamilton",2014-10-01,53120
"Hamilton",2014-11-01,53196
"Hamilton",2014-12-01,53271
"Hamilton",2015-01-01,53347
"Hamilton",2015-02-01,53423
"Hamilton",2015-03-01,53500
"Hamilton",2015-04-01,53580
"Hamilton",2015-05-01,53663
"Hamilton",2015-06-01,53749
"Hamilton",2015-07-01,53840
"Hamilton",2015-08-01,53936
"Hamilton",2015-09-01,54037
"Hamilton",2015-10-01,54141
"Hamilton",2015-11-01,54249
"Hamilton",2015-12-01,54360
"Hamilton",2016-01-01,54474
"Hamilton",2016-02-01,54589
"Hamilton",2016-03-01,54705
"Hamilton",2016-04-01,54822
"Hamilton",2016-05-01,54939
"Hamilton",2016-06-01,55055
"Hamilton",2016-07-01,55170
"Hamilton",2016-08-01,55283
"Hamilton",2016-09-01,55396
"Hamilton",2016-10-01,55507
"Hamilton",2016-11-01,55618
"Hamilton",2016-12-01,55728
"Hamilton",2017-01-01,55840
"Hamilton",2017-02-01,55952
"Hamilton",2017-03-01,56065
"Hamilton",2017-04-01,56180
"Hamilton",2017-05-01,56297
"Hamilton",2017-06-01,56417
"Hamilton",2017-07-01,56540
"Hamilton",2017-08-01,56666
"Hamilton",2017-09-01,56795
"Hamilton",2017-10-01,56927
"Hamilton",2017-11-01,57060
"Hamilton",2017-12-01,57194
"Hamilton",2018-01-01,57329
"Hamilton",2018-02-01,57464
"Hamilton",2018-03-01,57599
"Hamilton",2018-04-01,57732
"Hamilton",2018-05-01,57864
"Hamilton",2018-06-01,57993
"Hamilton",2018-07-01,58120
"Hamilton",2018-08-01,58243
"Hamilton",2018-09-01,58363
"Hamilton",2018-10-01,58478
"Hamilton",2018-11-01,58589
"Hamilton",2018-12-01,58695
"Hamilton",2019-01-01,58796
"Hamilton",2019-02-01,58891
"Hamilton",2019-03-01,58980
"Hamilton",2019-04-01,59063
"Hamilton",2019-05-01,59139
"Hamilton",2019-06-01,59208
"Hamilton",2019-07-01,59270
"Hamilton",2019-08-01,59324
"Hamilton",2019-09-01,59369
"Hamilton",2019-10-01,59406
"Hamilton",2019-11-01,59434
"Hamilton",2019-12-01,59453
"Hamilton",2020-01-01,59462
"Hamilton",2020-02-01,59461
"Hamilton",2020-03-01,59449
"Hamilton",2020-04-01,59427
"Hamilton",2020-05-01,59394
"Hamilton",2020-06-01,59349
"Hamilton",2020-07-01,59292
"Hamilton",2020-08-01,59223
"Hamilton",2020-09-01,59141
"Hamilton",2020-10-01,59046
"Hamilton",2020-11-01,58938
"Hamilton",2020-12-01,58816
"Hamilton",2021-01-01,58680
"Hamilton",2021-02-01,58529
"Hamilton",2021-03-01,58364
"Hamilton",2021-04-01,58183
"Hamilton",2021-05-01,57987
"Hamilton",2021-06-01,57774
"Hamilton",2021-07-01,57546
"Hamilton",2021-08-01,57300
"Hamilton",2021-09-01,57038
"Hamilton",2021-10-01,56758
"Hamilton",2021-11-01,56460
"Hamilton",2021-12-01,56144
"Kelowna",2013-01-01,48376
"Kelowna",2013-02-01,48444
"Kelowna",2013-03-01,48518
"Kelowna",2013-04-01,48596
"Kelowna",2013-05-01,48680
"Kelowna",2013-06-01,48768
"Kelowna",2013-07-01,48860
"Kelowna",2013-08-01,48956
"Kelowna",2013-09-01,49056
"Kelowna",2013-10-01,49159
"Kelowna",2013-11-01,49265
"Kelowna",2013-12-01,49374
"Kelowna",2014-01-01,49486
"Kelowna",2014-02-01,49599
"Kelowna",2014-03-01,49715
"Kelowna",2014-04-01,49832
"Kelowna",2014-05-01,49950
"Kelowna",2014-06-01,50070
"Kelowna",2014-07-01,50190
"Kelowna",2014-08-01,50311
"Kelowna",2014-09-01,50431
"Kelowna",2014-10-01,50549
"Kelowna",2014-11-01,50665
"Kelowna",2014-12-01,50777
"Kelowna",2015-01-01,50884
"Kelowna",2015-02-01,50985
"Kelowna",2015-03-01,51080
"Kelowna",2015-04-01,51167
"Kelowna",2015-05-01,51245
"Kelowna",2015-06-01,51313
"Kelowna",2015-07-01,51370
"Kelowna",2015-08-01,51416
"Kelowna",2015-09-01,51452
"Kelowna",2015-10-01,51482
"Kelowna",2015-11-01,51508
"Kelowna",2015-12-01,51533
"Kelowna",2016-01-01,51559
"Kelowna",2016-02-01,51590
"Kelowna",2016-03-01,51627
"Kelowna",2016-04-01,51674
"Kelowna",2016-05-01,51734
"Kelowna",2016-06-01,51808
"Kelowna",2016-07-01,51900
"Kelowna",2016-08-01,52011
"Kelowna",2016-09-01,52140
"Kelowna",2016-10-01,52284
"Kelowna",2016-11-01,52439
"Kelowna",2016-12-01,52602
"Kelowna",2017-01-01,52772
"Kelowna",2017-02-01,52943
"Kelowna",2017-03-01,53115
"Kelowna",2017-04-01,53283
"Kelowna",2017-05-01,53446
"Kelowna",2017-06-01,53599
"Kelowna",2017-07-01,53740
"Kelowna",2017-08-01,53867
"Kelowna",2017-09-01,53980
"Kelowna",2017-10-01,54082
"Kelowna",2017-11-01,54173
"Kelowna",2017-12-01,54255
"Kelowna",2018-01-01,54330
"Kelowna",2018-02-01,54399
"Kelowna",2018-03-01,54463
"Kelowna",2018-04-01,54525
"Kelowna",2018-05-01,54586
"Kelowna",2018-06-01,54647
"Kelowna",2018-07-01,54710
"Kelowna",2018-08-01,54776
"Kelowna",2018-09-01,54846
"Kelowna",2018-10-01,54921
"Kelowna",2018-11-01,55001
"Kelowna",2018-12-01,55088
"Kelowna",2019-01-01,55180
"Kelowna",2019-02-01,55280
"Kelowna",2019-03-01,55388
"Kelowna",2019-04-01,55504
"Kelowna",2019-05-01,55629
"Kelowna",2019-06-01,55765
"Kelowna",2019-07-01,55910
"Kelowna",2019-08-01,56067
"Kelowna",2019-09-01,56235
"Kelowna",2019-10-01,56415
"Kelowna",2019-11-01,56609
"Kelowna",2019-12-01,56816
"Kelowna",2020-01-01,57037
"Kelowna",2020-02-01,57273
"Kelowna",2020-03-01,57524
"Kelowna",2020-04-01,57792
"Kelowna",2020-05-01,58077
"Kelowna",2020-06-01,58378
"Kelowna",2020-07-01,58698
"Kelowna",2020-08-01,59037
"Kelowna",2020-09-01,59395
"Kelowna",2020-10-01,59772
"Kelowna",2020-11-01,60171
"Kelowna",2020-12-01,60590
"Kelowna",2021-01-01,61032
"Kelowna",2021-02-01,61496
"Kelowna",2021-03-01,61983
"Kelowna",2021-04-01,62493
"Kelowna",2021-05-01,63029
"Kelowna",2021-06-01,63589
"Kelowna",2021-07-01,64175
"Kelowna",2021-08-01,64787
"Kelowna",2021-09-01,65426
"Kelowna",2021-10-01,66093
"Kelowna",2021-11-01,66788
"Kelowna",2021-12-01,67512
"Kitchener",2013-01-01,52145
"Kitchener",2013-02-01,52206
"Kitchener",2013-03-01,52271
"Kitchener",2013-04-01,52339
"Kitchener",2013-05-01,52409
"Kitchener",2013-06-01,52483
"Kitchener",2013-07-01,52560
"Kitchener",2013-08-01,52640
"Kitchener",2013-09-01,52722
"Kitchener",2013-10-01,52806
"Kitchener",2013-11-01,52893
"Kitchener",2013-12-01,52983
"Kitchener",2014-01-01,53074
"Kitchener",2014-02-01,53167
"Kitchener",2014-03-01,53263
"Kitchener",2014-04-01,53360
"Kitchener",2014-05-01,53458
"Kitchener",2014-06-01,53559
"Kitchener",2014-07-01,53660
"Kitchener",2014-08-01,53763
"Kitchener",2014-09-01,53866
"Kitchener",2014-10-01,53971
"Kitchener",2014-11-01,54077
"Kitchener",2014-12-01,54183
"Kitchener",2015-01-01,54289
"Kitchener",2015-02-01,54396
"Kitchener",2015-03-01,54503
"Kitchener",2015-04-01,54610
"Kitchener",2015-05-01,54717
"Kitchener",2015-06-01,54824
"Kitchener",2015-07-01,54930
"Kitchener",2015-08-01,55036
"Kitchener",2015-09-01,55140
"Kitchener",2015-10-01,55245
"Kitchener",2015-11-01,55348
"Kitchener",2015-12-01,55451
"Kitchener",2016-01-01,55553
"Kitchener",2016-02-01,55655
"Kitchener",2016-03-01,55756
"Kitchener",2016-04-01,55855
"Kitchener",2016-05-01,55954
"Kitchener",2016-06-01,56053
"Kitchener",2016-07-01,56150
"Kitchener",2016-08-01,56246
"Kitchener",2016-09-01,56342
"Kitchener",2016-10-01,56437
"Kitchener",2016-11-01,56532
"Kitchener",2016-12-01,56626
"Kitchener",2017-01-01,56721
"Kitchener",2017-02-01,56815
"Kitchener",2017-03-01,56909
"Kitchener",2017-04-01,57004
"Kitchener",2017-05-01,57098
"Kitchener",2017-06-01,57194
"Kitchener",2017-07-01,57290
"Kitchener",2017-08-01,57387
"Kitchener",2017-09-01,57484
"Kitchener",2017-10-01,57581
"Kitchener",2017-11-01,57678
"Kitchener",2017-12-01,57773
"Kitchener",2018-01-01,57867
"Kitchener",2018-02-01,57958
"Kitchener",2018-03-01,58048
"Kitchener",2018-04-01,58134
"Kitchener",2018-05-01,58217
"Kitchener",2018-06-01,58296
"Kitchener",2018-07-01,58370
"Kitchener",2018-08-01,58440
"Kitchener",2018-09-01,58504
"Kitchener",2018-10-01,58562
"Kitchener",2018-11-01,58615
"Kitchener",2018-12-01,58662
"Kitchener",2019-01-01,58701
"Kitchener",2019-02-01,58734
"Kitchener",2019-03-01,58759
"Kitchener",2019-04-01,58777
"Kitchener",2019-05-01,58787
"Kitchener",2019-06-01,58788
"Kitchener",2019-07-01,58780
"Kitchener",2019-08-01,58763
"Kitchener",2019-09-01,58737
"Kitchener",2019-10-01,58701
"Kitchener",2019-11-01,58654
"Kitchener",2019-12-01,58598
"Kitchener",2020-01-01,58530
"Kitchener",2020-02-01,58451
"Kitchener",2020-03-01,58360
"Kitchener",2020-04-01,58257
"Kitchener",2020-05-01,58143
"Kitchener",2020-06-01,58015
"Kitchener",2020-07-01,57874
"Kitchener",2020-08-01,57720
"Kitchener",2020-09-01,57553
"Kitchener",2020-10-01,57371
"Kitchener",2020-11-01,57175
"Kitchener",2020-12-01,56964
"Kitchener",2021-01-01,56737
"Kitchener",2021-02-01,56496
"Kitchener",2021-03-01,56238
"Kitchener",2021-04-01,55965
"Kitchener",2021-05-01,55674
"Kitchener",2021-06-01,55367
"Kitchener",2021-07-01,55043
"Kitchener",2021-08-01,54701
"Kitchener",2021-09-01,54341
"Kitchener",2021-10-01,53963
"Kitchener",2021-11-01,53566
"Kitchener",2021-12-01,53150
"London",2013-01-01,47598
"London",2013-02-01,47646
"London",2013-03-01,47697
"London",2013-04-01,47752
"London",2013-05-01,47811
"London",2013-06-01,47874
"London",2013-07-01,47940
"London",2013-08-01,48009
"London",2013-09-01,48081
"London",2013-10-01,48156
"London",2013-11-01,48234
"London",2013-12-01,48314
"London",2014-01-01,48397
"London",2014-02-01,48481
"London",2014-03-01,48568
"London",2014-04-01,48656
"London",2014-05-01,48746
"London",2014-06-01,48837
"London",2014-07-01,48930
"London",2014-08-01,49024
"London",2014-09-01,49118
"London",2014-10-01,49213
"London",2014-11-01,49308
"London",2014-12-01,49403
"London",2015-01-01,49498
"London",2015-02-01,49593
"London",2015-03-01,49687
"London",2015-04-01,49780
"London",2015-05-01,49871
"London",2015-06-01,49961
"London",2015-07-01,50050
"London",2015-08-01,50137
"London",2015-09-01,50221
"London",2015-10-01,50304
"London",2015-11-01,50386
"London",2015-12-01,50466
"London",2016-01-01,50544
"London",2016-02-01,50621
"London",2016-03-01,50697
"London",2016-04-01,50771
"London",2016-05-01,50845
"London",2016-06-01,50918
"London",2016-07-01,50990
"London",2016-08-01,51061
"London",2016-09-01,51133
"London",2016-10-01,51204
"London",2016-11-01,51276
"London",2016-12-01,51350
"London",2017-01-01,51425
"London",2017-02-01,51502
"London",2017-03-01,51583
"London",2017-04-01,51666
"London",2017-05-01,51753
"London",2017-06-01,51844
"London",2017-07-01,51940
"London",2017-08-01,52041
"London",2017-09-01,52146
"London",2017-10-01,52254
"London",2017-11-01,52365
"London",2017-12-01,52477
"London",2018-01-01,52590
"London",2018-02-01,52703
"London",2018-03-01,52814
"London",2018-04-01,52923
"London",2018-05-01,53030
"London",2018-06-01,53132
"London",2018-07-01,53230
"London",2018-08-01,53322
"London",2018-09-01,53408
"London",2018-10-01,53487
"London",2018-11-01,53558
"London",2018-12-01,53621
"London",2019-01-01,53675
"London",2019-02-01,53720
"London",2019-03-01,53754
"London",2019-04-01,53778
"London",2019-05-01,53791
"London",2019-06-01,53792
"London",2019-07-01,53780
"London",2019-08-01,53755
"London",2019-09-01,53716
"London",2019-10-01,53663
"London",2019-11-01,53594
"London",2019-12-01,53510
"London",2020-01-01,53410
"London",2020-02-01,53293
"London",2020-03-01,53158
"London",2020-04-01,53005
"London",2020-05-01,52833
"London",2020-06-01,52641
"London",2020-07-01,52430
"London",2020-08-01,52198
"London",2020-09-01,51944
"London",2020-10-01,51669
"London",2020-11-01,51371
"London",2020-12-01,51050
"London",2021-01-01,50705
"London",2021-02-01,50336
"London",2021-03-01,49941
"London",2021-04-01,49521
"London",2021-05-01,49075
"London",2021-06-01,48601
"London",2021-07-01,48100
"London",2021-08-01,47571
"London",2021-09-01,47013
"London",2021-10-01,46425
"London",2021-11-01,45808
"London",2021-12-01,45160
"Montreal",2013-01-01,42197
"Montreal",2013-02-01,42254
"Montreal",2013-03-01,42309
"Montreal",2013-04-01,42363
"Montreal",2013-05-01,42416
"Montreal",2013-06-01,42468
"Montreal",2013-07-01,42520
"Montreal",2013-08-01,42571
"Montreal",2013-09-01,42622
"Montreal",2013-10-01,42672
"Montreal",2013-11-01,42722
"Montreal",2013-12-01,42773
"Montreal",2014-01-01,42823
"Montreal",2014-02-01,42874
"Montreal",2014-03-01,42926
"Montreal",2014-04-01,42978
"Montreal",2014-05-01,43031
"Montreal",2014-06-01,43085
"Montreal",2014-07-01,43140
"Montreal",2014-08-01,43196
"Montreal",2014-09-01,43254
"Montreal",2014-10-01,43313
"Montreal",2014-11-01,43375
"Montreal",2014-12-01,43438
"Montreal",2015-01-01,43503
"Montreal",2015-02-01,43571
"Montreal",2015-03-01,43641
"Montreal",2015-04-01,43714
"Montreal",2015-05-01,43789
"Montreal",2015-06-01,43868
"Montreal",2015-07-01,43950
"Montreal",2015-08-01,44035
"Montreal",2015-09-01,44124
"Montreal",2015-10-01,44216
"Montreal",2015-11-01,44312
"Montreal",2015-12-01,44411
"Montreal",2016-01-01,44514
"Montreal",2016-02-01,44621
"Montreal",2016-03-01,44731
"Montreal",2016-04-01,44845
"Montreal",2016-05-01,44963
"Montreal",2016-06-01,45085
"Montreal",2016-07-01,45210
"Montreal",2016-08-01,45339
"Montreal",2016-09-01,45472
"Montreal",2016-10-01,45607
"Montreal",2016-11-01,45744
"Montreal",2016-12-01,45883
"Montreal",2017-01-01,46023
"Montreal",2017-02-01,46162
"Montreal",2017-03-01,46301
"Montreal",2017-04-01,46439
"Montreal",2017-05-01,46575
"Montreal",2017-06-01,46709
"Montreal",2017-07-01,46840
"Montreal",2017-08-01,46967
"Montreal",2017-09-01,47092
"Montreal",2017-10-01,47213
"Montreal",2017-11-01,47332
"Montreal",2017-12-01,47450
"Montreal",2018-01-01,47566
"Montreal",2018-02-01,47681
"Montreal",2018-03-01,47796
"Montreal",2018-04-01,47911
"Montreal",2018-05-01,48026
"Montreal",2018-06-01,48142
"Montreal",2018-07-01,48260
"Montreal",2018-08-01,48380
"Montreal",2018-09-01,48501
"Montreal",2018-10-01,48626
"Montreal",2018-11-01,48752
"Montreal",2018-12-01,48882
"Montreal",2019-01-01,49015
"Montreal",2019-02-01,49151
"Montreal",2019-03-01,49290
"Montreal",2019-04-01,49434
"Montreal",2019-05-01,49582
"Montreal",2019-06-01,49733
"Montreal",2019-07-01,49890
"Montreal",2019-08-01,50051
"Montreal",2019-09-01,50218
"Montreal",2019-10-01,50389
"Montreal",2019-11-01,50567
"Montreal",2019-12-01,50750
"Montreal",2020-01-01,50939
"Montreal",2020-02-01,51134
"Montreal",2020-03-01,51336
"Montreal",2020-04-01,51544
"Montreal",2020-05-01,51760
"Montreal",2020-06-01,51983
"Montreal",2020-07-01,52213
"Montreal",2020-08-01,52451
"Montreal",2020-09-01,52697
"Montreal",2020-10-01,52951
"Montreal",2020-11-01,53214
"Montreal",2020-12-01,53485
"Montreal",2021-01-01,53765
"Montreal",2021-02-01,54055
"Montreal",2021-03-01,54354
"Montreal",2021-04-01,54662
"Montreal",2021-05-01,54981
"Montreal",2021-06-01,55309
"Montreal",2021-07-01,55649
"Montreal",2021-08-01,55998
"Montreal",2021-09-01,56359
"Montreal",2021-10-01,56731
"Montreal",2021-11-01,57114
"Montreal",2021-12-01,57508
"Ontario",2013-01-01,48686
"Ontario",2013-02-01,48731
"Ontario",2013-03-01,48782
"Ontario",2013-04-01,48838
"Ontario",2013-05-01,48901
"Ontario",2013-06-01,48968
"Ontario",2013-07-01,49040
"Ontario",2013-08-01,49117
"Ontario",2013-09-01,49198
"Ontario",2013-10-01,49284
"Ontario",2013-11-01,49373
"Ontario",2013-12-01,49467
"Ontario",2014-01-01,49563
"Ontario",2014-02-01,49663
"Ontario",2014-03-01,49766
"Ontario",2014-04-01,49871
"Ontario",2014-05-01,49979
"Ontario",2014-06-01,50088
"Ontario",2014-07-01,50200
"Ontario",2014-08-01,50313
"Ontario",2014-09-01,50427
"Ontario",2014-10-01,50542
"Ontario",2014-11-01,50658
"Ontario",2014-12-01,50772
"Ontario",2015-01-01,50887
"Ontario",2015-02-01,51000
"Ontario",2015-03-01,51111
"Ontario",2015-04-01,51220
"Ontario",2015-05-01,51327
"Ontario",2015-06-01,51430
"Ontario",2015-07-01,51530
"Ontario",2015-08-01,51626
"Ontario",2015-09-01,51719
"Ontario",2015-10-01,51809
"Ontario",2015-11-01,51896
"Ontario",2015-12-01,51982
"Ontario",2016-01-01,52067
"Ontario",2016-02-01,52151
"Ontario",2016-03-01,52234
"Ontario",2016-04-01,52319
"Ontario",2016-05-01,52404
"Ontario",2016-06-01,52491
"Ontario",2016-07-01,52580
"Ontario",2016-08-01,52672
"Ontario",2016-09-01,52766
"Ontario",2016-10-01,52863
"Ontario",2016-11-01,52962
"Ontario",2016-12-01,53064
"Ontario",2017-01-01,53169
"Ontario",2017-02-01,53276
"Ontario",2017-03-01,53386
"Ontario",2017-04-01,53498
"Ontario",2017-05-01,53613
"Ontario",2017-06-01,53730
"Ontario",2017-07-01,53850
"Ontario",2017-08-01,53972
"Ontario",2017-09-01,54096
"Ontario",2017-10-01,54221
"Ontario",2017-11-01,54348
"Ontario",2017-12-01,54475
"Ontario",2018-01-01,54602
"Ontario",2018-02-01,54728
"Ontario",2018-03-01,54854
"Ontario",2018-04-01,54979
"Ontario",2018-05-01,55102
"Ontario",2018-06-01,55222
"Ontario",2018-07-01,55340
"Ontario",2018-08-01,55455
"Ontario",2018-09-01,55566
"Ontario",2018-10-01,55673
"Ontario",2018-11-01,55776
"Ontario",2018-12-01,55874
"Ontario",2019-01-01,55968
"Ontario",2019-02-01,56055
"Ontario",2019-03-01,56137
"Ontario",2019-04-01,56213
"Ontario",2019-05-01,56283
"Ontario",2019-06-01,56345
"Ontario",2019-07-01,56400
"Ontario",2019-08-01,56447
"Ontario",2019-09-01,56487
"Ontario",2019-10-01,56518
"Ontario",2019-11-01,56540
"Ontario",2019-12-01,56553
"Ontario",2020-01-01,56556
"Ontario",2020-02-01,56550
"Ontario",2020-03-01,56533
"Ontario",2020-04-01,56505
"Ontario",2020-05-01,56466
"Ontario",2020-06-01,56416
"Ontario",2020-07-01,56355
"Ontario",2020-08-01,56281
"Ontario",2020-09-01,56194
"Ontario",2020-10-01,56094
"Ontario",2020-11-01,55981
"Ontario",2020-12-01,55855
"Ontario",2021-01-01,55714
"Ontario",2021-02-01,55559
"Ontario",2021-03-01,55389
"Ontario",2021-04-01,55204
"Ontario",2021-05-01,55003
"Ontario",2021-06-01,54787
"Ontario",2021-07-01,54554
"Ontario",2021-08-01,54304
"Ontario",2021-09-01,54037
"Ontario",2021-10-01,53753
"Ontario",2021-11-01,53451
"Ontario",2021-12-01,53131
"Oshawa",2013-01-01,56661
"Oshawa",2013-02-01,56748
"Oshawa",2013-03-01,56836
"Oshawa",2013-04-01,56925
"Oshawa",2013-05-01,57016
"Oshawa",2013-06-01,57107
"Oshawa",2013-07-01,57200
"Oshawa",2013-08-01,57294
"Oshawa",2013-09-01,57388
"Oshawa",2013-10-01,57483
"Oshawa",2013-11-01,57579
"Oshawa",2013-12-01,57675
"Oshawa",2014-01-01,57771
"Oshawa",2014-02-01,57868
"Oshawa",2014-03-01,57965
"Oshawa",2014-04-01,58061
"Oshawa",2014-05-01,58158
"Oshawa",2014-06-01,58254
"Oshawa",2014-07-01,58350
"Oshawa",2014-08-01,58445
"Oshawa",2014-09-01,58541
"Oshawa",2014-10-01,58635
"Oshawa",2014-11-01,58730
"Oshawa",2014-12-01,58824
"Oshawa",2015-01-01,58919
"Oshawa",2015-02-01,59013
"Oshawa",2015-03-01,59108
"Oshawa",2015-04-01,59203
"Oshawa",2015-05-01,59298
"Oshawa",2015-06-01,59394
"Oshawa",2015-07-01,59490
"Oshawa",2015-08-01,59587
"Oshawa",2015-09-01,59683
"Oshawa",2015-10-01,59778
"Oshawa",2015-11-01,59871
"Oshawa",2015-12-01,59960
"Oshawa",2016-01-01,60046
"Oshawa",2016-02-01,60126
"Oshawa",2016-03-01,60201
"Oshawa",2016-04-01,60268
"Oshawa",2016-05-01,60328
"Oshawa",2016-06-01,60379
"Oshawa",2016-07-01,60420
"Oshawa",2016-08-01,60451
"Oshawa",2016-09-01,60474
"Oshawa",2016-10-01,60491
"Oshawa",2016-11-01,60505
"Oshawa",2016-12-01,60519
"Oshawa",2017-01-01,60534
"Oshawa",2017-02-01,60554
"Oshawa",2017-03-01,60581
"Oshawa",2017-04-01,60618
"Oshawa",2017-05-01,60666
"Oshawa",2017-06-01,60730
"Oshawa",2017-07-01,60810
"Oshawa",2017-08-01,60909
"Oshawa",2017-09-01,61026
"Oshawa",2017-10-01,61158
"Oshawa",2017-11-01,61302
"Oshawa",2017-12-01,61458
"Oshawa",2018-01-01,61622
"Oshawa",2018-02-01,61792
"Oshawa",2018-03-01,61967
"Oshawa",2018-04-01,62143
"Oshawa",2018-05-01,62319
"Oshawa",2018-06-01,62492
"Oshawa",2018-07-01,62660
"Oshawa",2018-08-01,62821
"Oshawa",2018-09-01,62974
"Oshawa",2018-10-01,63117
"Oshawa",2018-11-01,63250
"Oshawa",2018-12-01,63370
"Oshawa",2019-01-01,63476
"Oshawa",2019-02-01,63568
"Oshawa",2019-03-01,63644
"Oshawa",2019-04-01,63702
"Oshawa",2019-05-01,63742
"Oshawa",2019-06-01,63761
"Oshawa",2019-07-01,63760
"Oshawa",2019-08-01,63736
"Oshawa",2019-09-01,63689
"Oshawa",2019-10-01,63616
"Oshawa",2019-11-01,63517
"Oshawa",2019-12-01,63391
"Oshawa",2020-01-01,63235
"Oshawa",2020-02-01,63050
"Oshawa",2020-03-01,62833
"Oshawa",2020-04-01,62583
"Oshawa",2020-05-01,62300
"Oshawa",2020-06-01,61981
"Oshawa",2020-07-01,61626
"Oshawa",2020-08-01,61233
"Oshawa",2020-09-01,60801
"Oshawa",2020-10-01,60328
"Oshawa",2020-11-01,59814
"Oshawa",2020-12-01,59257
"Oshawa",2021-01-01,58655
"Oshawa",2021-02-01,58008
"Oshawa",2021-03-01,57315
"Oshawa",2021-04-01,56573
"Oshawa",2021-05-01,55782
"Oshawa",2021-06-01,54941
"Oshawa",2021-07-01,54047
"Oshawa",2021-08-01,53101
"Oshawa",2021-09-01,52100
"Oshawa",2021-10-01,51043
"Oshawa",2021-11-01,49930
"Oshawa",2021-12-01,48758
"Ottawa",2013-01-01,60052
"Ottawa",2013-02-01,60066
"Ottawa",2013-03-01,60084
"Ottawa",2013-04-01,60105
"Ottawa",2013-05-01,60130
"Ottawa",2013-06-01,60158
"Ottawa",2013-07-01,60190
"Ottawa",2013-08-01,60225
"Ottawa",2013-09-01,60263
"Ottawa",2013-10-01,60305
"Ottawa",2013-11-01,60349
"Ottawa",2013-12-01,60397
"Ottawa",2014-01-01,60448
"Ottawa",2014-02-01,60501
"Ottawa",2014-03-01,60558
"Ottawa",2014-04-01,60617
"Ottawa",2014-05-01,60679
"Ottawa",2014-06-01,60743
"Ottawa",2014-07-01,60810
"Ottawa",2014-08-01,60879
"Ottawa",2014-09-01,60951
"Ottawa",2014-10-01,61024
"Ottawa",2014-11-01,61099
"Ottawa",2014-12-01,61175
"Ottawa",2015-01-01,61251
"Ottawa",2015-02-01,61327
"Ottawa",2015-03-01,61404
"Ottawa",2015-04-01,61480
"Ottawa",2015-05-01,61554
"Ottawa",2015-06-01,61628
"Ottawa",2015-07-01,61700
"Ottawa",2015-08-01,61770
"Ottawa",2015-09-01,61839
"Ottawa",2015-10-01,61909
"Ottawa",2015-11-01,61980
"Ottawa",2015-12-01,62054
"Ottawa",2016-01-01,62131
"Ottawa",2016-02-01,62213
"Ottawa",2016-03-01,62302
"Ottawa",2016-04-01,62398
"Ottawa",2016-05-01,62502
"Ottawa",2016-06-01,62615
"Ottawa",2016-07-01,62740
"Ottawa",2016-08-01,62876
"Ottawa",2016-09-01,63022
"Ottawa",2016-10-01,63177
"Ottawa",2016-11-01,63338
"Ottawa",2016-12-01,63505
"Ottawa",2017-01-01,63675
"Ottawa",2017-02-01,63847
"Ottawa",2017-03-01,64018
"Ottawa",2017-04-01,64188
"Ottawa",2017-05-01,64355
"Ottawa",2017-06-01,64516
"Ottawa",2017-07-01,64670
"Ottawa",2017-08-01,64816
"Ottawa",2017-09-01,64954
"Ottawa",2017-10-01,65085
"Ottawa",2017-11-01,65210
"Ottawa",2017-12-01,65329
"Ottawa",2018-01-01,65442
"Ottawa",2018-02-01,65552
"Ottawa",2018-03-01,65658
"Ottawa",2018-04-01,65761
"Ottawa",2018-05-01,65862
"Ottawa",2018-06-01,65961
"Ottawa",2018-07-01,66060
"Ottawa",2018-08-01,66159
"Ottawa",2018-09-01,66258
"Ottawa",2018-10-01,66357
"Ottawa",2018-11-01,66457
"Ottawa",2018-12-01,66558
"Ottawa",2019-01-01,66660
"Ottawa",2019-02-01,66764
"Ottawa",2019-03-01,66869
"Ottawa",2019-04-01,66976
"Ottawa",2019-05-01,67085
"Ottawa",2019-06-01,67196
"Ottawa",2019-07-01,67310
"Ottawa",2019-08-01,67427
"Ottawa",2019-09-01,67546
"Ottawa",2019-10-01,67669
"Ottawa",2019-11-01,67796
"Ottawa",2019-12-01,67926
"Ottawa",2020-01-01,68060
"Ottawa",2020-02-01,68198
"Ottawa",2020-03-01,68341
"Ottawa",2020-04-01,68488
"Ottawa",2020-05-01,68640
"Ottawa",2020-06-01,68797
"Ottawa",2020-07-01,68960
"Ottawa",2020-08-01,69128
"Ottawa",2020-09-01,69302
"Ottawa",2020-10-01,69482
"Ottawa",2020-11-01,69668
"Ottawa",2020-12-01,69861
"Ottawa",2021-01-01,70060
"Ottawa",2021-02-01,70266
"Ottawa",2021-03-01,70480
"Ottawa",2021-04-01,70700
"Ottawa",2021-05-01,70929
"Ottawa",2021-06-01,71165
"Ottawa",2021-07-01,71410
"Ottawa",2021-08-01,71663
"Ottawa",2021-09-01,71924
"Ottawa",2021-10-01,72194
"Ottawa",2021-11-01,72473
"Ottawa",2021-12-01,72762
"Quebec",2013-01-01,42626
"Quebec",2013-02-01,42675
"Quebec",2013-03-01,42724
"Quebec",2013-04-01,42771
"Quebec",2013-05-01,42818
"Quebec",2013-06-01,42864
"Quebec",2013-07-01,42910
"Quebec",2013-08-01,42955
"Quebec",2013-09-01,43001
"Quebec",2013-10-01,43046
"Quebec",2013-11-01,43091
"Quebec",2013-12-01,43136
"Quebec",2014-01-01,43182
"Quebec",2014-02-01,43228
"Quebec",2014-03-01,43275
"Quebec",2014-04-01,43322
"Quebec",2014-05-01,43370
"Quebec",2014-06-01,43420
"Quebec",2014-07-01,43470
"Quebec",2014-08-01,43522
"Quebec",2014-09-01,43575
"Quebec",2014-10-01,43629
"Quebec",2014-11-01,43685
"Quebec",2014-12-01,43742
"Quebec",2015-01-01,43801
"Quebec",2015-02-01,43861
"Quebec",2015-03-01,43923
"Quebec",2015-04-01,43987
"Quebec",2015-05-01,44053
"Quebec",2015-06-01,44120
"Quebec",2015-07-01,44190
"Quebec",2015-08-01,44262
"Quebec",2015-09-01,44336
"Quebec",2015-10-01,44413
"Quebec",2015-11-01,44493
"Quebec",2015-12-01,44576
"Quebec",2016-01-01,44664
"Quebec",2016-02-01,44757
"Quebec",2016-03-01,44854
"Quebec",2016-04-01,44956
"Quebec",2016-05-01,45065
"Quebec",2016-06-01,45179
"Quebec",2016-07-01,45300
"Quebec",2016-08-01,45428
"Quebec",2016-09-01,45561
"Quebec",2016-10-01,45699
"Quebec",2016-11-01,45841
"Quebec",2016-12-01,45986
"Quebec",2017-01-01,46132
"Quebec",2017-02-01,46278
"Quebec",2017-03-01,46424
"Quebec",2017-04-01,46569
"Quebec",2017-05-01,46710
"Quebec",2017-06-01,46847
"Quebec",2017-07-01,46980
"Quebec",2017-08-01,47107
"Quebec",2017-09-01,47228
"Quebec",2017-10-01,47345
"Quebec",2017-11-01,47458
"Quebec",2017-12-01,47568
"Quebec",2018-01-01,47675
"Quebec",2018-02-01,47781
"Quebec",2018-03-01,47886
"Quebec",2018-04-01,47991
"Quebec",2018-05-01,48096
"Quebec",2018-06-01,48202
"Quebec",2018-07-01,48310
"Quebec",2018-08-01,48421
"Quebec",2018-09-01,48535
"Quebec",2018-10-01,48652
"Quebec",2018-11-01,48773
"Quebec",2018-12-01,48898
"Quebec",2019-01-01,49028
"Quebec",2019-02-01,49162
"Quebec",2019-03-01,49302
"Quebec",2019-04-01,49447
"Quebec",2019-05-01,49598
"Quebec",2019-06-01,49756
"Quebec",2019-07-01,49920
"Quebec",2019-08-01,50091
"Quebec",2019-09-01,50270
"Quebec",2019-10-01,50456
"Quebec",2019-11-01,50651
"Quebec",2019-12-01,50854
"Quebec",2020-01-01,51066
"Quebec",2020-02-01,51287
"Quebec",2020-03-01,51518
"Quebec",2020-04-01,51759
"Quebec",2020-05-01,52010
"Quebec",2020-06-01,52271
"Quebec",2020-07-01,52544
"Quebec",2020-08-01,52828
"Quebec",2020-09-01,53124
"Quebec",2020-10-01,53433
"Quebec",2020-11-01,53753
"Quebec",2020-12-01,54087
"Quebec",2021-01-01,54434
"Quebec",2021-02-01,54794
"Quebec",2021-03-01,55168
"Quebec",2021-04-01,55557
"Quebec",2021-05-01,55960
"Quebec",2021-06-01,56379
"Quebec",2021-07-01,56813
"Quebec",2021-08-01,57262
"Quebec",2021-09-01,57728
"Quebec",2021-10-01,58211
"Quebec",2021-11-01,58710
"Quebec",2021-12-01,59226
"Niagara",2013-01-01,44884
"Niagara",2013-02-01,44914
"Niagara",2013-03-01,44951
"Niagara",2013-04-01,44996
"Niagara",2013-05-01,45048
"Niagara",2013-06-01,45106
"Niagara",2013-07-01,45170
"Niagara",2013-08-01,45240
"Niagara",2013-09-01,45316
"Niagara",2013-10-01,45397
"Niagara",2013-11-01,45482
"Niagara",2013-12-01,45572
"Niagara",2014-01-01,45667
"Niagara",2014-02-01,45765
"Niagara",2014-03-01,45866
"Niagara",2014-04-01,45971
"Niagara",2014-05-01,46078
"Niagara",2014-06-01,46188
"Niagara",2014-07-01,46300
"Niagara",2014-08-01,46414
"Niagara",2014-09-01,46528
"Niagara",2014-10-01,46644
"Niagara",2014-11-01,46759
"Niagara",2014-12-01,46873
"Niagara",2015-01-01,46986
"Niagara",2015-02-01,47097
"Niagara",2015-03-01,47206
"Niagara",2015-04-01,47311
"Niagara",2015-05-01,47412
"Niagara",2015-06-01,47509
"Niagara",2015-07-01,47600
"Niagara",2015-08-01,47686
"Niagara",2015-09-01,47767
"Niagara",2015-10-01,47844
"Niagara",2015-11-01,47917
"Niagara",2015-12-01,47988
"Niagara",2016-01-01,48057
"Niagara",2016-02-01,48125
"Niagara",2016-03-01,48193
"Niagara",2016-04-01,48262
"Niagara",2016-05-01,48332
"Niagara",2016-06-01,48405
"Niagara",2016-07-01,48480
"Niagara",2016-08-01,48559
"Niagara",2016-09-01,48642
"Niagara",2016-10-01,48728
"Niagara",2016-11-01,48817
"Niagara",2016-12-01,48910
"Niagara",2017-01-01,49004
"Niagara",2017-02-01,49101
"Niagara",2017-03-01,49200
"Niagara",2017-04-01,49300
"Niagara",2017-05-01,49403
"Niagara",2017-06-01,49506
"Niagara",2017-07-01,49610
"Niagara",2017-08-01,49715
"Niagara",2017-09-01,49820
"Niagara",2017-10-01,49926
"Niagara",2017-11-01,50031
"Niagara",2017-12-01,50136
"Niagara",2018-01-01,50240
"Niagara",2018-02-01,50344
"Niagara",2018-03-01,50446
"Niagara",2018-04-01,50547
"Niagara",2018-05-01,50647
"Niagara",2018-06-01,50744
"Niagara",2018-07-01,50840
"Niagara",2018-08-01,50933
"Niagara",2018-09-01,51024
"Niagara",2018-10-01,51111
"Niagara",2018-11-01,51196
"Niagara",2018-12-01,51277
"Niagara",2019-01-01,51355
"Niagara",2019-02-01,51429
"Niagara",2019-03-01,51498
"Niagara",2019-04-01,51563
"Niagara",2019-05-01,51624
"Niagara",2019-06-01,51680
"Niagara",2019-07-01,51730
"Niagara",2019-08-01,51775
"Niagara",2019-09-01,51814
"Niagara",2019-10-01,51848
"Niagara",2019-11-01,51875
"Niagara",2019-12-01,51896
"Niagara",2020-01-01,51910
"Niagara",2020-02-01,51918
"Niagara",2020-03-01,51918
"Niagara",2020-04-01,51910
"Niagara",2020-05-01,51895
"Niagara",2020-06-01,51872
"Niagara",2020-07-01,51841
"Niagara",2020-08-01,51801
"Niagara",2020-09-01,51753
"Niagara",2020-10-01,51696
"Niagara",2020-11-01,51629
"Niagara",2020-12-01,51553
"Niagara",2021-01-01,51467
"Niagara",2021-02-01,51371
"Niagara",2021-03-01,51265
"Niagara",2021-04-01,51148
"Niagara",2021-05-01,51021
"Niagara",2021-06-01,50883
"Niagara",2021-07-01,50733
"Niagara",2021-08-01,50572
"Niagara",2021-09-01,50399
"Niagara",2021-10-01,50214
"Niagara",2021-11-01,50017
"Niagara",2021-12-01,49807
"Toronto",2013-01-01,46549
"Toronto",2013-02-01,46583
"Toronto",2013-03-01,46625
"Toronto",2013-04-01,46674
"Toronto",2013-05-01,46729
"Toronto",2013-06-01,46792
"Toronto",2013-07-01,46860
"Toronto",2013-08-01,46934
"Toronto",2013-09-01,47014
"Toronto",2013-10-01,47100
"Toronto",2013-11-01,47190
"Toronto",2013-12-01,47285
"Toronto",2014-01-01,47384
"Toronto",2014-02-01,47487
"Toronto",2014-03-01,47593
"Toronto",2014-04-01,47703
"Toronto",2014-05-01,47816
"Toronto",2014-06-01,47932
"Toronto",2014-07-01,48050
"Toronto",2014-08-01,48170
"Toronto",2014-09-01,48292
"Toronto",2014-10-01,48414
"Toronto",2014-11-01,48537
"Toronto",2014-12-01,48661
"Toronto",2015-01-01,48784
"Toronto",2015-02-01,48906
"Toronto",2015-03-01,49027
"Toronto",2015-04-01,49147
"Toronto",2015-05-01,49264
"Toronto",2015-06-01,49379
"Toronto",2015-07-01,49490
"Toronto",2015-08-01,49598
"Toronto",2015-09-01,49703
"Toronto",2015-10-01,49804
"Toronto",2015-11-01,49903
"Toronto",2015-12-01,49999
"Toronto",2016-01-01,50093
"Toronto",2016-02-01,50185
"Toronto",2016-03-01,50274
"Toronto",2016-04-01,50363
"Toronto",2016-05-01,50449
"Toronto",2016-06-01,50535
"Toronto",2016-07-01,50620
"Toronto",2016-08-01,50704
"Toronto",2016-09-01,50789
"Toronto",2016-10-01,50873
"Toronto",2016-11-01,50959
"Toronto",2016-12-01,51047
"Toronto",2017-01-01,51137
"Toronto",2017-02-01,51230
"Toronto",2017-03-01,51327
"Toronto",2017-04-01,51427
"Toronto",2017-05-01,51533
"Toronto",2017-06-01,51643
"Toronto",2017-07-01,51760
"Toronto",2017-08-01,51883
"Toronto",2017-09-01,52011
"Toronto",2017-10-01,52144
"Toronto",2017-11-01,52281
"Toronto",2017-12-01,52421
"Toronto",2018-01-01,52563
"Toronto",2018-02-01,52705
"Toronto",2018-03-01,52848
"Toronto",2018-04-01,52989
"Toronto",2018-05-01,53129
"Toronto",2018-06-01,53266
"Toronto",2018-07-01,53400
"Toronto",2018-08-01,53529
"Toronto",2018-09-01,53653
"Toronto",2018-10-01,53771
"Toronto",2018-11-01,53883
"Toronto",2018-12-01,53987
"Toronto",2019-01-01,54084
"Toronto",2019-02-01,54173
"Toronto",2019-03-01,54252
"Toronto",2019-04-01,54323
"Toronto",2019-05-01,54383
"Toronto",2019-06-01,54432
"Toronto",2019-07-01,54470
"Toronto",2019-08-01,54496
"Toronto",2019-09-01,54509
"Toronto",2019-10-01,54509
"Toronto",2019-11-01,54496
"Toronto",2019-12-01,54467
"Toronto",2020-01-01,54424
"Toronto",2020-02-01,54365
"Toronto",2020-03-01,54290
"Toronto",2020-04-01,54197
"Toronto",2020-05-01,54088
"Toronto",2020-06-01,53959
"Toronto",2020-07-01,53813
"Toronto",2020-08-01,53646
"Toronto",2020-09-01,53460
"Toronto",2020-10-01,53253
"Toronto",2020-11-01,53025
"Toronto",2020-12-01,52774
"Toronto",2021-01-01,52502
"Toronto",2021-02-01,52206
"Toronto",2021-03-01,51886
"Toronto",2021-04-01,51542
"Toronto",2021-05-01,51173
"Toronto",2021-06-01,50779
"Toronto",2021-07-01,50358
"Toronto",2021-08-01,49910
"Toronto",2021-09-01,49435
"Toronto",2021-10-01,48932
"Toronto",2021-11-01,48400
"Toronto",2021-12-01,47838
"Vancouver",2013-01-01,45783
"Vancouver",2013-02-01,45785
"Vancouver",2013-03-01,45800
"Vancouver",2013-04-01,45826
"Vancouver",2013-05-01,45864
"Vancouver",2013-06-01,45912
"Vancouver",2013-07-01,45970
"Vancouver",2013-08-01,46038
"Vancouver",2013-09-01,46115
"Vancouver",2013-10-01,46200
"Vancouver",2013-11-01,46294
"Vancouver",2013-12-01,46396
"Vancouver",2014-01-01,46504
"Vancouver",2014-02-01,46620
"Vancouver",2014-03-01,46741
"Vancouver",2014-04-01,46869
"Vancouver",2014-05-01,47001
"Vancouver",2014-06-01,47139
"Vancouver",2014-07-01,47280
"Vancouver",2014-08-01,47425
"Vancouver",2014-09-01,47573
"Vancouver",2014-10-01,47723
"Vancouver",2014-11-01,47874
"Vancouver",2014-12-01,48025
"Vancouver",2015-01-01,48175
"Vancouver",2015-02-01,48324
"Vancouver",2015-03-01,48470
"Vancouver",2015-04-01,48613
"Vancouver",2015-05-01,48751
"Vancouver",2015-06-01,48883
"Vancouver",2015-07-01,49010
"Vancouver",2015-08-01,49130
"Vancouver",2015-09-01,49244
"Vancouver",2015-10-01,49353
"Vancouver",2015-11-01,49458
"Vancouver",2015-12-01,49561
"Vancouver",2016-01-01,49662
"Vancouver",2016-02-01,49764
"Vancouver",2016-03-01,49866
"Vancouver",2016-04-01,49971
"Vancouver",2016-05-01,50079
"Vancouver",2016-06-01,50192
"Vancouver",2016-07-01,50310
"Vancouver",2016-08-01,50435
"Vancouver",2016-09-01,50566
"Vancouver",2016-10-01,50701
"Vancouver",2016-11-01,50841
"Vancouver",2016-12-01,50984
"Vancouver",2017-01-01,51130
"Vancouver",2017-02-01,51277
"Vancouver",2017-03-01,51424
"Vancouver",2017-04-01,51571
"Vancouver",2017-05-01,51717
"Vancouver",2017-06-01,51860
"Vancouver",2017-07-01,52000
"Vancouver",2017-08-01,52136
"Vancouver",2017-09-01,52269
"Vancouver",2017-10-01,52398
"Vancouver",2017-11-01,52524
"Vancouver",2017-12-01,52647
"Vancouver",2018-01-01,52768
"Vancouver",2018-02-01,52887
"Vancouver",2018-03-01,53003
"Vancouver",2018-04-01,53119
"Vancouver",2018-05-01,53233
"Vancouver",2018-06-01,53347
"Vancouver",2018-07-01,53460
"Vancouver",2018-08-01,53573
"Vancouver",2018-09-01,53686
"Vancouver",2018-10-01,53799
"Vancouver",2018-11-01,53912
"Vancouver",2018-12-01,54025
"Vancouver",2019-01-01,54139
"Vancouver",2019-02-01,54252
"Vancouver",2019-03-01,54367
"Vancouver",2019-04-01,54482
"Vancouver",2019-05-01,54597
"Vancouver",2019-06-01,54713
"Vancouver",2019-07-01,54830
"Vancouver",2019-08-01,54948
"Vancouver",2019-09-01,55066
"Vancouver",2019-10-01,55186
"Vancouver",2019-11-01,55307
"Vancouver",2019-12-01,55429
"Vancouver",2020-01-01,55552
"Vancouver",2020-02-01,55676
"Vancouver",2020-03-01,55802
"Vancouver",2020-04-01,55930
"Vancouver",2020-05-01,56059
"Vancouver",2020-06-01,56189
"Vancouver",2020-07-01,56322
"Vancouver",2020-08-01,56456
"Vancouver",2020-09-01,56592
"Vancouver",2020-10-01,56730
"Vancouver",2020-11-01,56870
"Vancouver",2020-12-01,57012
"Vancouver",2021-01-01,57157
"Vancouver",2021-02-01,57303
"Vancouver",2021-03-01,57452
"Vancouver",2021-04-01,57604
"Vancouver",2021-05-01,57758
"Vancouver",2021-06-01,57915
"Vancouver",2021-07-01,58075
"Vancouver",2021-08-01,58237
"Vancouver",2021-09-01,58402
"Vancouver",2021-10-01,58570
"Vancouver",2021-11-01,58741
"Vancouver",2021-12-01,58915
"Victoria",2013-01-01,50432
"Victoria",2013-02-01,50396
"Victoria",2013-03-01,50374
"Victoria",2013-04-01,50363
"Victoria",2013-05-01,50364
"Victoria",2013-06-01,50377
"Victoria",2013-07-01,50400
"Victoria",2013-08-01,50433
"Victoria",2013-09-01,50477
"Victoria",2013-10-01,50529
"Victoria",2013-11-01,50591
"Victoria",2013-12-01,50660
"Victoria",2014-01-01,50738
"Victoria",2014-02-01,50823
"Victoria",2014-03-01,50914
"Victoria",2014-04-01,51012
"Victoria",2014-05-01,51116
"Victoria",2014-06-01,51226
"Victoria",2014-07-01,51340
"Victoria",2014-08-01,51459
"Victoria",2014-09-01,51581
"Victoria",2014-10-01,51705
"Victoria",2014-11-01,51830
"Victoria",2014-12-01,51956
"Victoria",2015-01-01,52081
"Victoria",2015-02-01,52203
"Victoria",2015-03-01,52323
"Victoria",2015-04-01,52439
"Victoria",2015-05-01,52549
"Victoria",2015-06-01,52653
"Victoria",2015-07-01,52750
"Victoria",2015-08-01,52839
"Victoria",2015-09-01,52921
"Victoria",2015-10-01,52999
"Victoria",2015-11-01,53074
"Victoria",2015-12-01,53147
"Victoria",2016-01-01,53222
"Victoria",2016-02-01,53299
"Victoria",2016-03-01,53381
"Victoria",2016-04-01,53469
"Victoria",2016-05-01,53565
"Victoria",2016-06-01,53672
"Victoria",2016-07-01,53790
"Victoria",2016-08-01,53921
"Victoria",2016-09-01,54065
"Victoria",2016-10-01,54219
"Victoria",2016-11-01,54382
"Victoria",2016-12-01,54551
"Victoria",2017-01-01,54727
"Victoria",2017-02-01,54906
"Victoria",2017-03-01,55087
"Victoria",2017-04-01,55269
"Victoria",2017-05-01,55449
"Victoria",2017-06-01,55627
"Victoria",2017-07-01,55800
"Victoria",2017-08-01,55967
"Victoria",2017-09-01,56129
"Victoria",2017-10-01,56286
"Victoria",2017-11-01,56438
"Victoria",2017-12-01,56586
"Victoria",2018-01-01,56730
"Victoria",2018-02-01,56871
"Victoria",2018-03-01,57010
"Victoria",2018-04-01,57147
"Victoria",2018-05-01,57282
"Victoria",2018-06-01,57416
"Victoria",2018-07-01,57550
"Victoria",2018-08-01,57684
"Victoria",2018-09-01,57818
"Victoria",2018-10-01,57952
"Victoria",2018-11-01,58086
"Victoria",2018-12-01,58221
"Victoria",2019-01-01,58356
"Victoria",2019-02-01,58491
"Victoria",2019-03-01,58627
"Victoria",2019-04-01,58764
"Victoria",2019-05-01,58902
"Victoria",2019-06-01,59041
"Victoria",2019-07-01,59180
"Victoria",2019-08-01,59320
"Victoria",2019-09-01,59462
"Victoria",2019-10-01,59605
"Victoria",2019-11-01,59749
"Victoria",2019-12-01,59894
"Victoria",2020-01-01,60041
"Victoria",2020-02-01,60189
"Victoria",2020-03-01,60339
"Victoria",2020-04-01,60490
"Victoria",2020-05-01,60643
"Victoria",2020-06-01,60798
"Victoria",2020-07-01,60955
"Victoria",2020-08-01,61114
"Victoria",2020-09-01,61275
"Victoria",2020-10-01,61438
"Victoria",2020-11-01,61603
"Victoria",2020-12-01,61771
"Victoria",2021-01-01,61941
"Victoria",2021-02-01,62113
"Victoria",2021-03-01,62288
"Victoria",2021-04-01,62466
"Victoria",2021-05-01,62646
"Victoria",2021-06-01,62830
"Victoria",2021-07-01,63016
"Victoria",2021-08-01,63205
"Victoria",2021-09-01,63397
"Victoria",2021-10-01,63592
"Victoria",2021-11-01,63790
"Victoria",2021-12-01,63992
"Windsor",2013-01-01,46218
"Windsor",2013-02-01,46325
"Windsor",2013-03-01,46432
"Windsor",2013-04-01,46538
"Windsor",2013-05-01,46645
"Windsor",2013-06-01,46753
"Windsor",2013-07-01,46860
"Windsor",2013-08-01,46967
"Windsor",2013-09-01,47075
"Windsor",2013-10-01,47183
"Windsor",2013-11-01,47290
"Windsor",2013-12-01,47398
"Windsor",2014-01-01,47506
"Windsor",2014-02-01,47613
"Windsor",2014-03-01,47721
"Windsor",2014-04-01,47828
"Windsor",2014-05-01,47936
"Windsor",2014-06-01,48043
"Windsor",2014-07-01,48150
"Windsor",2014-08-01,48257
"Windsor",2014-09-01,48364
"Windsor",2014-10-01,48470
"Windsor",2014-11-01,48575
"Windsor",2014-12-01,48680
"Windsor",2015-01-01,48784
"Windsor",2015-02-01,48887
"Windsor",2015-03-01,48988
"Windsor",2015-04-01,49089
"Windsor",2015-05-01,49188
"Windsor",2015-06-01,49285
"Windsor",2015-07-01,49380
"Windsor",2015-08-01,49474
"Windsor",2015-09-01,49566
"Windsor",2015-10-01,49657
"Windsor",2015-11-01,49747
"Windsor",2015-12-01,49838
"Windsor",2016-01-01,49929
"Windsor",2016-02-01,50020
"Windsor",2016-03-01,50114
"Windsor",2016-04-01,50209
"Windsor",2016-05-01,50306
"Windsor",2016-06-01,50406
"Windsor",2016-07-01,50510
"Windsor",2016-08-01,50617
"Windsor",2016-09-01,50726
"Windsor",2016-10-01,50837
"Windsor",2016-11-01,50946
"Windsor",2016-12-01,51054
"Windsor",2017-01-01,51158
"Windsor",2017-02-01,51257
"Windsor",2017-03-01,51350
"Windsor",2017-04-01,51436
"Windsor",2017-05-01,51512
"Windsor",2017-06-01,51577
"Windsor",2017-07-01,51630
"Windsor",2017-08-01,51670
"Windsor",2017-09-01,51699
"Windsor",2017-10-01,51717
"Windsor",2017-11-01,51727
"Windsor",2017-12-01,51730
"Windsor",2018-01-01,51729
"Windsor",2018-02-01,51725
"Windsor",2018-03-01,51719
"Windsor",2018-04-01,51714
"Windsor",2018-05-01,51712
"Windsor",2018-06-01,51713
"Windsor",2018-07-01,51720
"Windsor",2018-08-01,51734
"Windsor",2018-09-01,51758
"Windsor",2018-10-01,51790
"Windsor",2018-11-01,51834
"Windsor",2018-12-01,51890
"Windsor",2019-01-01,51959
"Windsor",2019-02-01,52042
"Windsor",2019-03-01,52140
"Windsor",2019-04-01,52255
"Windsor",2019-05-01,52388
"Windsor",2019-06-01,52539
"Windsor",2019-07-01,52710
"Windsor",2019-08-01,52902
"Windsor",2019-09-01,53116
"Windsor",2019-10-01,53353
"Windsor",2019-11-01,53615
"Windsor",2019-12-01,53901
"Windsor",2020-01-01,54215
"Windsor",2020-02-01,54556
"Windsor",2020-03-01,54926
"Windsor",2020-04-01,55325
"Windsor",2020-05-01,55756
"Windsor",2020-06-01,56218
"Windsor",2020-07-01,56714
"Windsor",2020-08-01,57245
"Windsor",2020-09-01,57810
"Windsor",2020-10-01,58413
"Windsor",2020-11-01,59053
"Windsor",2020-12-01,59731
"Windsor",2021-01-01,60450
"Windsor",2021-02-01,61210
"Windsor",2021-03-01,62012
"Windsor",2021-04-01,62857
"Windsor",2021-05-01,63746
"Windsor",2021-06-01,64681
"Windsor",2021-07-01,65663
"Windsor",2021-08-01,66692
"Windsor",2021-09-01,67771
"Windsor",2021-10-01,68899
"Windsor",2021-11-01,70078
"Windsor",2021-12-01,71310
