"GEO","Date","Employed_working","Employed_absent","Unemployed","Not_in_LF","16_to_24_years","25_to_34_years","35_to_44_years","45_to_54_years","55_to_64_years","over_65_years","Male","Female","Married","Common_Law","Widowed","Separated","Divorced","Single","Minimal_Educ","Some_High_School","High_School","Some_Postsecondary","Postsecondary","Bachelors","Above_Bachelors","Employee","Self_Employed","New_immigrant","Old_immigrant","Non_immigrant","Unattached","Couple/Dual/no_kid","Couple/Dual/young_kid","Couple/Dual/old_kid","Couple/Single_earn/no_kid","Couple/Single_earn/young_kid","Couple/Single_earn/old_kid","Couple/Non_earn/no_kid","Couple/Non_earn/young_kid","Couple/Non_earn/old_kid","Lone/Empl/young_kid","Lone/Empl/old_kid","Lone/Unempl/young_kid","Lone/Unempl/old_kid","Other_Fam","YKID_newborn_preK","YKID_schoolage","YKID_Teen","YKID_adult","HRLYEARN"
"Alberta",2020-01-01,0.57783,0.05729,0.04445,0.32043,0.13572,0.16061,0.17859,0.16278,0.17799,0.18431,0.50494,0.49506,0.55788,0.09976,0.0403,0.02351,0.05176,0.22679,0.04129,0.16021,0.23508,0.04445,0.38186,0.09561,0.04149,0.5964,0.1294,0.0561,0.07369,0.87021,0.15192,0.15923,0.20525,0.04208,0.11142,0.0966,0.01166,0.09581,0.00731,0.00375,0.03299,0.00988,0.01126,0.00395,0.05689,0.12841,0.08791,0.0565,0.03773,31.7226831148805
"Alberta",2020-02-01,0.58891,0.05153,0.0447,0.31485,0.12707,0.16592,0.18388,0.15499,0.17451,0.19364,0.50517,0.49483,0.56061,0.1017,0.04451,0.02225,0.04997,0.22096,0.04216,0.15479,0.23638,0.05075,0.38083,0.09487,0.04021,0.59399,0.1302,0.05875,0.07027,0.87097,0.15382,0.16338,0.20437,0.0449,0.10755,0.09291,0.00644,0.10267,0.00468,0.00429,0.03143,0.00859,0.01171,0.00215,0.0611,0.13059,0.08784,0.05368,0.03514,32.0264823930329
"Alberta",2020-03-01,0.52297,0.10211,0.04915,0.32578,0.12638,0.16269,0.18556,0.15426,0.17633,0.19478,0.50391,0.49609,0.5669,0.10291,0.04393,0.02046,0.04654,0.21926,0.03892,0.15366,0.23551,0.05115,0.38475,0.0997,0.03631,0.5988,0.12818,0.05276,0.06981,0.87743,0.15246,0.15707,0.19458,0.04875,0.11535,0.09769,0.00903,0.10752,0.00822,0.00341,0.02869,0.00822,0.01264,0.0012,0.05517,0.12919,0.08746,0.05216,0.03771,32.5661228560032
"Alberta",2020-04-01,0.45718,0.09625,0.07708,0.36949,0.12745,0.15885,0.1823,0.15294,0.17659,0.20188,0.50184,0.49816,0.56831,0.09523,0.04303,0.021,0.04772,0.22471,0.03569,0.15171,0.23695,0.05261,0.38581,0.10053,0.0367,0.58789,0.1301,0.05445,0.06831,0.87724,0.15314,0.12643,0.16905,0.03793,0.12072,0.10828,0.01896,0.1301,0.01794,0.00367,0.03038,0.00795,0.01489,0.00265,0.05791,0.12398,0.08605,0.05241,0.03874,33.7913466097677
"Alberta",2020-05-01,0.49042,0.08054,0.08185,0.34719,0.12625,0.15368,0.17501,0.15433,0.18328,0.20744,0.49826,0.50174,0.56443,0.09229,0.04375,0.02003,0.05181,0.22769,0.03809,0.1515,0.2401,0.05268,0.37658,0.10209,0.03896,0.5838,0.12647,0.05529,0.06966,0.87505,0.15977,0.12973,0.16674,0.037,0.1232,0.10492,0.01545,0.12843,0.01458,0.00218,0.02808,0.00718,0.01502,0.0037,0.064,0.11733,0.08903,0.04789,0.03657,32.7947365877235
"Alberta",2020-06-01,0.51595,0.06958,0.07374,0.34073,0.1172,0.14748,0.17684,0.14956,0.18493,0.22399,0.49861,0.50139,0.56958,0.08784,0.04716,0.02127,0.05224,0.22191,0.04022,0.14748,0.24156,0.05178,0.3791,0.1024,0.03745,0.56889,0.13084,0.0534,0.07212,0.87448,0.16574,0.13615,0.1736,0.03259,0.11766,0.09847,0.01872,0.135,0.0111,0.00069,0.02728,0.00902,0.01063,0.00231,0.06103,0.11697,0.08484,0.04785,0.03444,32.0106156156156
"Alberta",2020-07-01,0.48409,0.0897,0.07517,0.35104,0.1125,0.14157,0.17239,0.14683,0.18391,0.2428,0.49587,0.50413,0.57078,0.08745,0.05086,0.02005,0.05412,0.21674,0.03758,0.14357,0.25332,0.04711,0.37484,0.10649,0.03708,0.55224,0.12779,0.0461,0.07492,0.87898,0.17088,0.12904,0.15585,0.03508,0.12378,0.09572,0.01679,0.14483,0.01453,0.00276,0.02405,0.00977,0.00952,0.002,0.0654,0.11025,0.08269,0.04485,0.03658,31.7975303867403
"Alberta",2020-08-01,0.48558,0.09976,0.07332,0.34135,0.12091,0.1399,0.17043,0.1488,0.18678,0.23317,0.49856,0.50144,0.57476,0.08582,0.04543,0.02115,0.05168,0.22115,0.03558,0.13678,0.25673,0.05024,0.36683,0.11635,0.0375,0.56779,0.1238,0.04543,0.07428,0.88029,0.16418,0.13486,0.16226,0.03894,0.11611,0.10192,0.02091,0.13894,0.01298,0.00216,0.0262,0.01058,0.00745,0.00361,0.05889,0.10986,0.08654,0.04712,0.04159,32.661520287622
"Alberta",2020-09-01,0.5376,0.05735,0.06663,0.33841,0.12208,0.14327,0.16683,0.15255,0.18396,0.23132,0.49929,0.50071,0.5683,0.08853,0.04474,0.02118,0.05331,0.22394,0.0376,0.13636,0.25416,0.05021,0.37054,0.11185,0.03927,0.56973,0.12161,0.0495,0.07972,0.87078,0.16492,0.13874,0.17944,0.04188,0.10733,0.10209,0.01452,0.13422,0.00524,0.005,0.02737,0.01285,0.00476,0.00262,0.05902,0.10876,0.08996,0.05069,0.0426,32.247785467128
"Alberta",2020-10-01,0.52965,0.05741,0.0567,0.35625,0.12426,0.13749,0.15639,0.15734,0.18568,0.23884,0.49941,0.50059,0.56508,0.08953,0.04843,0.02103,0.05103,0.2249,0.03638,0.13985,0.26034,0.05245,0.36617,0.10891,0.03591,0.55871,0.12332,0.05103,0.08434,0.86464,0.16867,0.12946,0.17505,0.04418,0.10843,0.10347,0.01606,0.14198,0.00591,0.00283,0.02599,0.01158,0.00402,0.00189,0.06048,0.10961,0.08292,0.05386,0.04229,32.4673686843422
"Alberta",2020-11-01,0.53368,0.05223,0.05602,0.35807,0.12125,0.14276,0.16355,0.15528,0.17703,0.24013,0.49988,0.50012,0.55968,0.09525,0.05011,0.01914,0.05602,0.21981,0.03356,0.13897,0.25691,0.05531,0.36823,0.11203,0.03498,0.56771,0.11132,0.05105,0.08083,0.86812,0.17112,0.13023,0.17939,0.04183,0.1073,0.09738,0.01536,0.14394,0.00874,0.00213,0.02718,0.00969,0.00449,0.00307,0.05814,0.11487,0.08367,0.05105,0.03947,32.757316953317
"Alberta",2020-12-01,0.53194,0.04647,0.05386,0.36773,0.12464,0.14252,0.16826,0.15705,0.16492,0.24261,0.50214,0.49786,0.56268,0.09152,0.04981,0.01859,0.05767,0.21973,0.03313,0.14323,0.25858,0.05696,0.3582,0.11606,0.03384,0.57031,0.10796,0.05505,0.0846,0.86034,0.17278,0.12917,0.1847,0.0367,0.10677,0.09247,0.01454,0.13894,0.01382,0.00214,0.0286,0.00906,0.00524,0.0031,0.06196,0.11106,0.08508,0.05315,0.03718,32.5655070281124
"British Columbia",2020-01-01,0.523,0.05533,0.03559,0.38608,0.12324,0.13971,0.15521,0.146,0.18341,0.25242,0.48753,0.51247,0.51005,0.11102,0.05169,0.02603,0.06041,0.2408,0.02748,0.11901,0.23184,0.06901,0.35533,0.13051,0.06683,0.54649,0.1184,0.03499,0.13935,0.82567,0.19383,0.13923,0.17094,0.0345,0.10194,0.06005,0.01453,0.15024,0.00726,0.00291,0.03438,0.01053,0.01138,0.00424,0.06404,0.0937,0.07518,0.04613,0.03584,28.3191547835105
"British Columbia",2020-02-01,0.53538,0.05233,0.03722,0.37506,0.12752,0.14533,0.15688,0.14619,0.17555,0.24853,0.48808,0.51192,0.50455,0.11425,0.05012,0.02727,0.0613,0.24251,0.02604,0.11904,0.22826,0.07138,0.35541,0.13403,0.06585,0.5586,0.11364,0.03366,0.13575,0.83059,0.19631,0.13575,0.1801,0.03464,0.09742,0.06106,0.01351,0.14324,0.00713,0.00184,0.03526,0.01081,0.01032,0.00369,0.06892,0.10061,0.07469,0.04779,0.03464,28.5943802708919
"British Columbia",2020-03-01,0.44891,0.1154,0.04513,0.39055,0.12507,0.13764,0.15537,0.14584,0.17509,0.26098,0.48835,0.51165,0.51271,0.11077,0.05214,0.02554,0.0585,0.24034,0.02634,0.1199,0.21797,0.07239,0.36011,0.13684,0.06644,0.54566,0.11673,0.0319,0.13724,0.83086,0.19442,0.13129,0.178,0.03375,0.09913,0.06882,0.01601,0.14981,0.00834,0.00291,0.02991,0.01006,0.01046,0.00344,0.06366,0.09688,0.0757,0.05122,0.0352,29.1287689614936
"British Columbia",2020-04-01,0.41102,0.09409,0.06655,0.42835,0.11743,0.13379,0.15574,0.14525,0.17727,0.27052,0.48721,0.51279,0.52146,0.10877,0.05326,0.02488,0.0597,0.23193,0.02656,0.11701,0.22019,0.07395,0.36153,0.13477,0.06599,0.54271,0.11338,0.0309,0.13379,0.83531,0.18775,0.11659,0.1521,0.03257,0.10877,0.08025,0.02027,0.16259,0.01915,0.00126,0.02488,0.01174,0.01328,0.00559,0.06319,0.09604,0.07521,0.05047,0.03747,30.5079403508772
"British Columbia",2020-05-01,0.44273,0.0886,0.06771,0.40095,0.10532,0.13528,0.15185,0.14782,0.1798,0.27993,0.4835,0.5165,0.52572,0.10373,0.05417,0.02651,0.06339,0.22648,0.02896,0.11151,0.22144,0.06973,0.36018,0.14133,0.06685,0.54185,0.11526,0.02925,0.13543,0.83533,0.19493,0.12736,0.15099,0.03155,0.11151,0.07607,0.01815,0.16035,0.01081,0.00274,0.02637,0.0134,0.01009,0.00461,0.06109,0.09134,0.07362,0.04697,0.03746,30.0715523097826
"British Columbia",2020-06-01,0.48406,0.07259,0.05555,0.3878,0.10918,0.13093,0.14607,0.15004,0.1806,0.28317,0.47965,0.52035,0.51536,0.10213,0.05658,0.02821,0.06774,0.22998,0.02954,0.11859,0.21484,0.06716,0.35871,0.14225,0.06892,0.53431,0.11888,0.02983,0.1374,0.83277,0.19647,0.12932,0.15636,0.0335,0.10625,0.07289,0.01514,0.15768,0.00691,0.0022,0.0313,0.01543,0.00896,0.00411,0.06348,0.08406,0.07641,0.04893,0.03688,29.3004625041295
"British Columbia",2020-07-01,0.46245,0.09252,0.05724,0.38779,0.11009,0.1215,0.14317,0.15283,0.18767,0.28473,0.47489,0.52511,0.5194,0.09881,0.059,0.02972,0.06514,0.22793,0.02913,0.11433,0.21959,0.06441,0.3569,0.14786,0.06778,0.53506,0.1158,0.03103,0.13746,0.8315,0.19821,0.12868,0.13863,0.03894,0.11023,0.07876,0.01537,0.16045,0.00717,0.00278,0.02855,0.01259,0.01069,0.00483,0.06412,0.07481,0.07788,0.0467,0.04026,28.9376718184808
"British Columbia",2020-08-01,0.46316,0.09298,0.05788,0.38599,0.10748,0.11807,0.14273,0.1526,0.19031,0.2888,0.47476,0.52524,0.52031,0.10226,0.06049,0.02858,0.06716,0.22121,0.02785,0.11271,0.21918,0.05976,0.3635,0.14941,0.0676,0.52742,0.11778,0.03148,0.14056,0.82797,0.19452,0.1304,0.1465,0.04032,0.10937,0.06672,0.01668,0.16826,0.00624,0.00435,0.03032,0.01218,0.00711,0.00363,0.06339,0.07151,0.07789,0.04656,0.04221,29.5315089430894
"British Columbia",2020-09-01,0.50246,0.06335,0.04122,0.39297,0.10529,0.12265,0.13798,0.14825,0.19164,0.29419,0.47599,0.52401,0.52531,0.10153,0.06118,0.02936,0.06769,0.21493,0.02661,0.11339,0.22303,0.0593,0.36173,0.14724,0.0687,0.52444,0.11455,0.03008,0.14073,0.82919,0.19858,0.14406,0.15346,0.04006,0.10746,0.05265,0.01504,0.16604,0.00419,0.00391,0.03341,0.01172,0.00607,0.00333,0.06002,0.07463,0.07246,0.04281,0.0405,29.9024501424501
"British Columbia",2020-10-01,0.50461,0.05403,0.04726,0.39409,0.10014,0.12406,0.13689,0.15,0.19308,0.29582,0.47911,0.52089,0.52968,0.09841,0.05951,0.02882,0.06614,0.21744,0.0255,0.10922,0.22507,0.0562,0.36441,0.14885,0.07075,0.52205,0.11182,0.03026,0.14683,0.82291,0.19928,0.14035,0.15346,0.03646,0.10461,0.05706,0.01441,0.17248,0.0049,0.00418,0.03314,0.0111,0.00533,0.00288,0.06037,0.07507,0.07622,0.04207,0.03746,29.8716730279898
"British Columbia",2020-11-01,0.51646,0.04505,0.03999,0.3985,0.10222,0.12749,0.13817,0.14511,0.18914,0.29786,0.4821,0.5179,0.52815,0.1028,0.05876,0.02758,0.06324,0.21946,0.02353,0.1145,0.22437,0.05487,0.35923,0.14814,0.07537,0.52599,0.1106,0.03119,0.14121,0.82761,0.19809,0.1389,0.16041,0.03638,0.10612,0.0566,0.0117,0.17543,0.0052,0.00231,0.02945,0.01011,0.00549,0.00361,0.06021,0.07234,0.07984,0.04245,0.03465,29.9533502056311
"British Columbia",2020-12-01,0.51478,0.04649,0.03862,0.40012,0.10218,0.12431,0.13917,0.14763,0.1913,0.29541,0.48403,0.51597,0.5381,0.10352,0.05733,0.0248,0.06134,0.21491,0.02198,0.11525,0.22308,0.05956,0.3517,0.15238,0.07604,0.52295,0.11392,0.03401,0.13976,0.82623,0.18937,0.14303,0.16367,0.03728,0.10382,0.0551,0.01396,0.18164,0.00683,0.00163,0.02614,0.01025,0.00653,0.00208,0.05867,0.0756,0.07649,0.04322,0.03505,30.2443290891283
"Calgary",2020-01-01,0.61073,0.04635,0.05494,0.28798,0.12232,0.19614,0.21803,0.16481,0.15408,0.14464,0.48927,0.51073,0.49785,0.10644,0.03906,0.02318,0.05708,0.27639,0.0206,0.08798,0.22146,0.04893,0.2721,0.2485,0.10043,0.63004,0.10944,0.10687,0.22232,0.67082,0.18455,0.14163,0.19485,0.0382,0.07082,0.08627,0.01588,0.07682,0.01245,0.00858,0.0412,0.01888,0.00815,0.00515,0.09657,0.14249,0.0927,0.0412,0.04464,32.9734654234654
"Calgary",2020-02-01,0.60438,0.04671,0.05663,0.29227,0.12443,0.19305,0.20422,0.16122,0.1604,0.15668,0.49194,0.50806,0.49855,0.10583,0.03679,0.01984,0.05829,0.28069,0.02274,0.08557,0.22819,0.05333,0.26747,0.24142,0.10128,0.61348,0.11534,0.10087,0.21827,0.68086,0.18933,0.14386,0.18975,0.04423,0.07358,0.08268,0.01984,0.08268,0.01116,0.00496,0.03803,0.01612,0.00744,0.00289,0.09343,0.14097,0.08309,0.04175,0.04547,32.5812691131498
"Calgary",2020-03-01,0.52183,0.08857,0.06985,0.31975,0.1264,0.19459,0.1896,0.16341,0.1605,0.16549,0.49522,0.50478,0.50769,0.1052,0.03576,0.02162,0.05489,0.27484,0.02287,0.08607,0.22495,0.05613,0.26985,0.24075,0.09938,0.60457,0.11227,0.09522,0.2237,0.68108,0.17214,0.13139,0.19168,0.03825,0.07817,0.08358,0.02287,0.09896,0.01497,0.00832,0.03825,0.01289,0.00873,0.00499,0.0948,0.13015,0.08524,0.04823,0.04491,33.1693151815182
"Calgary",2020-04-01,0.45492,0.09922,0.08934,0.35653,0.12515,0.18897,0.19226,0.16427,0.16015,0.16921,0.49568,0.50432,0.51503,0.09675,0.03499,0.021,0.04817,0.28407,0.01935,0.07987,0.22561,0.05681,0.27872,0.24249,0.09716,0.60601,0.11569,0.09263,0.21037,0.69699,0.1762,0.11239,0.16838,0.03294,0.09428,0.10292,0.03417,0.10704,0.021,0.00988,0.02717,0.00823,0.01482,0.00906,0.08152,0.12351,0.08399,0.05064,0.04899,34.9052578268877
"Calgary",2020-05-01,0.49334,0.08153,0.09859,0.32654,0.12188,0.19426,0.19093,0.16098,0.1614,0.17055,0.49085,0.50915,0.52038,0.0886,0.03952,0.0208,0.047,0.28369,0.01913,0.07862,0.21007,0.06614,0.27745,0.24667,0.10191,0.60275,0.12438,0.0911,0.21755,0.69135,0.17429,0.11814,0.17928,0.03744,0.08777,0.09151,0.03161,0.10982,0.01997,0.00666,0.02704,0.01165,0.01373,0.00832,0.08278,0.11522,0.08278,0.05366,0.04867,34.6289717925387
"Calgary",2020-06-01,0.53319,0.06089,0.11036,0.29556,0.11882,0.18393,0.18689,0.16871,0.16406,0.17759,0.4926,0.5074,0.53066,0.08076,0.03932,0.02114,0.05412,0.274,0.0203,0.08372,0.20211,0.06681,0.27907,0.24947,0.09852,0.61268,0.11882,0.08626,0.21311,0.70063,0.16025,0.11924,0.20381,0.03679,0.09598,0.07526,0.02791,0.1074,0.02072,0.00423,0.02452,0.00634,0.01268,0.00634,0.09852,0.10317,0.09598,0.0537,0.04228,34.4977670753065
"Calgary",2020-07-01,0.52062,0.08207,0.10127,0.29604,0.12332,0.17191,0.18497,0.17027,0.17313,0.1764,0.4953,0.5047,0.54512,0.07554,0.04002,0.02123,0.05227,0.26582,0.02001,0.08902,0.19967,0.06533,0.27971,0.25031,0.09596,0.60759,0.11842,0.08452,0.21846,0.69702,0.15517,0.12168,0.20212,0.04287,0.09473,0.07881,0.03185,0.10372,0.02001,0.00653,0.02858,0.00572,0.00735,0.00531,0.09555,0.10943,0.09187,0.05186,0.04777,33.5786341059603
"Calgary",2020-08-01,0.51523,0.09262,0.09387,0.29829,0.11806,0.17021,0.18899,0.17647,0.16771,0.17856,0.49979,0.50021,0.54819,0.08219,0.04214,0.01877,0.04756,0.26116,0.02169,0.09011,0.18982,0.06508,0.28411,0.25073,0.09846,0.60826,0.11765,0.08636,0.21944,0.6942,0.15853,0.12057,0.18732,0.05257,0.0972,0.09595,0.02253,0.10471,0.01585,0.00876,0.0242,0.00709,0.00501,0.00459,0.09512,0.1068,0.09846,0.04923,0.05006,33.6788323603002
"Calgary",2020-09-01,0.58189,0.04211,0.07789,0.29811,0.11958,0.16505,0.19368,0.17474,0.17389,0.17305,0.49642,0.50358,0.54568,0.07874,0.04463,0.01768,0.05137,0.26189,0.01811,0.08968,0.19537,0.07032,0.27874,0.25053,0.09726,0.61305,0.10653,0.08716,0.21516,0.69768,0.16758,0.13684,0.20126,0.05979,0.08463,0.07242,0.02063,0.10526,0.01263,0.00547,0.02526,0.01095,0.00211,0.00463,0.09053,0.10737,0.09853,0.04337,0.05263,33.7899115755627
"Calgary",2020-10-01,0.57568,0.05157,0.07212,0.30063,0.11614,0.16813,0.19706,0.16436,0.17442,0.17987,0.49853,0.50147,0.55556,0.07673,0.04067,0.01803,0.05241,0.2566,0.01845,0.09015,0.19078,0.07212,0.27966,0.25157,0.09727,0.60797,0.10901,0.09727,0.21971,0.68302,0.16352,0.13417,0.20629,0.05115,0.09476,0.08386,0.01384,0.10356,0.00671,0.00755,0.02642,0.00713,0.00377,0.00252,0.09476,0.11447,0.10482,0.04151,0.04319,32.845232
"Calgary",2020-11-01,0.5765,0.05256,0.07137,0.29957,0.11368,0.17009,0.19274,0.16581,0.17436,0.18333,0.49744,0.50256,0.5688,0.06795,0.03675,0.01538,0.05556,0.25556,0.01752,0.08932,0.19487,0.05983,0.28291,0.26368,0.09188,0.61154,0.09915,0.09103,0.21581,0.69316,0.15855,0.15427,0.20171,0.0547,0.07863,0.09231,0.01068,0.10641,0.00897,0.0047,0.02222,0.00855,0.00385,0.00214,0.09231,0.11667,0.10256,0.04359,0.04188,33.2672
"Calgary",2020-12-01,0.57098,0.04525,0.06477,0.31899,0.10958,0.16504,0.20053,0.16282,0.17081,0.19122,0.49201,0.50799,0.57453,0.06699,0.03594,0.01508,0.05812,0.24933,0.01508,0.09051,0.18988,0.06122,0.28571,0.25954,0.09805,0.59627,0.10692,0.08696,0.21695,0.6961,0.16548,0.14064,0.19876,0.063,0.07897,0.09095,0.00976,0.11091,0.00932,0.00887,0.02839,0.00665,0.00311,0.00089,0.08429,0.12822,0.10027,0.03949,0.04791,33.6874268502582
"Edmonton",2020-01-01,0.58045,0.05348,0.05901,0.30705,0.14707,0.17888,0.1964,0.1609,0.15583,0.1609,0.497,0.503,0.51176,0.09405,0.03181,0.02167,0.05763,0.28308,0.02121,0.10834,0.19779,0.06547,0.33702,0.19502,0.07515,0.62379,0.09636,0.08114,0.1941,0.72476,0.19087,0.11434,0.22868,0.0521,0.09129,0.0816,0.01614,0.08898,0.01521,NA,0.02951,0.00876,0.00645,0.00184,0.07423,0.11803,0.09959,0.05901,0.04149,31.2334268707483
"Edmonton",2020-02-01,0.60018,0.03814,0.0548,0.30688,0.15125,0.1644,0.20342,0.16177,0.15695,0.16221,0.49627,0.50373,0.50329,0.09382,0.0342,0.0206,0.06006,0.28803,0.02148,0.10872,0.20561,0.06883,0.33582,0.18851,0.07102,0.63218,0.08856,0.07453,0.20035,0.72512,0.18939,0.12582,0.22139,0.04603,0.07804,0.07979,0.01797,0.09075,0.01228,0.00482,0.03025,0.01403,0.01052,0.00438,0.07453,0.11618,0.08987,0.06269,0.04516,31.4692478226445
"Edmonton",2020-03-01,0.50987,0.08438,0.05655,0.34919,0.15171,0.1526,0.19075,0.16786,0.16068,0.17639,0.49551,0.50449,0.50808,0.08977,0.04039,0.01706,0.06014,0.28456,0.02244,0.10592,0.21185,0.07406,0.33707,0.18671,0.06194,0.62118,0.08438,0.07002,0.19659,0.73339,0.17549,0.12971,0.20108,0.04309,0.07944,0.08842,0.02289,0.10233,0.01346,0.00987,0.02828,0.01481,0.00898,0.00539,0.07675,0.10637,0.08842,0.05835,0.04892,32.650554592721
"Edmonton",2020-04-01,0.43772,0.08274,0.0863,0.39324,0.14902,0.15391,0.18238,0.16103,0.16459,0.18906,0.49778,0.50222,0.51379,0.08452,0.04048,0.0169,0.06094,0.28336,0.02447,0.11254,0.20107,0.07117,0.34119,0.1895,0.06005,0.60365,0.09475,0.06895,0.19395,0.7371,0.17171,0.09742,0.17126,0.0387,0.0952,0.10231,0.02936,0.11966,0.01913,0.01512,0.02269,0.0129,0.01557,0.00445,0.08452,0.10587,0.07963,0.06005,0.05249,34.050737704918
"Edmonton",2020-05-01,0.45699,0.07102,0.10234,0.36965,0.15218,0.14689,0.18041,0.16012,0.16453,0.19585,0.50287,0.49713,0.5161,0.07631,0.03882,0.01897,0.05779,0.29202,0.02294,0.11954,0.20115,0.07499,0.33524,0.18394,0.0622,0.59285,0.10013,0.07058,0.18041,0.74901,0.16453,0.09925,0.16365,0.04852,0.10234,0.10234,0.02426,0.12528,0.01809,0.01279,0.02029,0.01367,0.0172,0.00662,0.08116,0.09881,0.07984,0.05602,0.05426,33.9543262411348
"Edmonton",2020-06-01,0.52304,0.05414,0.08993,0.33289,0.15078,0.13736,0.18389,0.16689,0.16242,0.19866,0.50067,0.49933,0.52125,0.07114,0.03982,0.02013,0.05369,0.29396,0.02416,0.11544,0.19463,0.07517,0.33423,0.18881,0.06756,0.59553,0.10515,0.0783,0.17181,0.74989,0.15928,0.10694,0.17271,0.05772,0.09799,0.08814,0.01655,0.11857,0.01432,0.01253,0.03221,0.01387,0.01432,0.00671,0.08814,0.10022,0.08367,0.05414,0.05548,33.8084112149533
"Edmonton",2020-07-01,0.4912,0.0848,0.08665,0.33735,0.14736,0.12743,0.18628,0.1645,0.17238,0.20204,0.49954,0.50046,0.53058,0.06951,0.04124,0.02132,0.05329,0.28406,0.02224,0.11724,0.1937,0.07461,0.34152,0.17933,0.07136,0.58804,0.10102,0.07924,0.16867,0.75209,0.1506,0.11214,0.17794,0.04634,0.09592,0.07785,0.02456,0.13253,0.01622,0.01344,0.03475,0.01205,0.01205,0.00556,0.08804,0.09824,0.07831,0.05422,0.05283,33.7269836695485
"Edmonton",2020-08-01,0.48873,0.09066,0.09112,0.3295,0.1468,0.12563,0.18316,0.17211,0.17349,0.1988,0.50575,0.49425,0.53751,0.06903,0.03636,0.01841,0.05844,0.28026,0.02209,0.11735,0.19696,0.06857,0.33548,0.185,0.07455,0.57616,0.10953,0.08053,0.15601,0.76346,0.15048,0.11919,0.18914,0.04142,0.09802,0.07639,0.03451,0.12287,0.01841,0.0069,0.03037,0.01058,0.01104,0.00552,0.08514,0.09664,0.08237,0.05844,0.05154,33.7552321083172
"Edmonton",2020-09-01,0.5212,0.05161,0.06959,0.3576,0.14885,0.12627,0.17189,0.17051,0.17373,0.20876,0.50415,0.49585,0.5318,0.07373,0.03871,0.01705,0.05714,0.28157,0.01935,0.12028,0.20599,0.06636,0.32627,0.18295,0.0788,0.57051,0.09954,0.08618,0.16037,0.75346,0.14931,0.12673,0.17972,0.053,0.09862,0.07097,0.0318,0.1212,0.02028,0.00737,0.03134,0.00968,0.01244,0.0023,0.08525,0.09217,0.06912,0.06221,0.05438,33.3669627507163
"Edmonton",2020-10-01,0.53946,0.04782,0.06917,0.34355,0.13742,0.13603,0.18338,0.16202,0.17549,0.20566,0.49164,0.50836,0.5311,0.08589,0.03807,0.02089,0.05432,0.26973,0.01764,0.11606,0.20288,0.06407,0.32916,0.18106,0.08914,0.57892,0.09564,0.08264,0.16063,0.75673,0.14578,0.14113,0.17967,0.0585,0.10074,0.06917,0.02553,0.12117,0.01903,0.00186,0.0325,0.00604,0.01346,0.00696,0.07846,0.09842,0.07289,0.05942,0.05107,33.2806469500924
"Edmonton",2020-11-01,0.53083,0.05361,0.074,0.34156,0.12856,0.14042,0.18833,0.16414,0.17979,0.19877,0.49241,0.50759,0.54175,0.0925,0.0389,0.01755,0.05076,0.25854,0.0166,0.10342,0.20446,0.06594,0.32875,0.17979,0.10104,0.58349,0.09915,0.0797,0.17078,0.74953,0.14231,0.14042,0.17552,0.05693,0.10247,0.07638,0.02704,0.11812,0.02182,0.00332,0.02846,0.01044,0.01281,0.00332,0.08065,0.10389,0.07685,0.05835,0.05408,34.1530563514804
"Edmonton",2020-12-01,0.53346,0.04812,0.07333,0.3451,0.12695,0.14895,0.1989,0.15261,0.17828,0.19432,0.49038,0.50962,0.53941,0.09258,0.03987,0.01787,0.05729,0.25298,0.0165,0.09762,0.21494,0.07012,0.32997,0.17736,0.09349,0.57608,0.09762,0.07333,0.17094,0.75573,0.15261,0.13657,0.16086,0.06508,0.1077,0.10495,0.01925,0.11091,0.01558,0.00504,0.02337,0.01008,0.01192,0.00183,0.07424,0.11412,0.0802,0.04995,0.055,33.4014419475655
"Hamilton",2020-01-01,0.55932,0.05085,0.03537,0.35446,0.12896,0.17023,0.15328,0.15181,0.1776,0.21813,0.47679,0.52321,0.52027,0.05527,0.0619,0.02211,0.04864,0.29182,0.04274,0.09285,0.21518,0.05527,0.33972,0.16581,0.08843,0.59175,0.08622,0.05601,0.21518,0.72881,0.17023,0.13117,0.17612,0.0619,0.07443,0.06706,0.03021,0.11717,0.00516,NA,0.0339,0.02874,0.00221,0.014,0.08769,0.10685,0.08401,0.02948,0.0678,29.1995821727019
"Hamilton",2020-02-01,0.56209,0.05156,0.03123,0.35512,0.13435,0.16558,0.15178,0.15904,0.17429,0.21496,0.46914,0.53086,0.51126,0.05519,0.05664,0.02106,0.05084,0.30501,0.04648,0.09586,0.22513,0.05156,0.3268,0.16921,0.08497,0.59187,0.08569,0.05664,0.21641,0.72694,0.16776,0.13362,0.1634,0.0581,0.07044,0.08424,0.0276,0.10458,0.00944,0.00363,0.0276,0.02832,0.00436,0.0138,0.10312,0.10821,0.08061,0.03413,0.06391,29.0195890410959
"Hamilton",2020-03-01,0.45174,0.12975,0.04509,0.37342,0.12737,0.15665,0.16851,0.15111,0.18354,0.21282,0.46203,0.53797,0.52848,0.05775,0.05459,0.02215,0.05063,0.28639,0.04193,0.08386,0.22468,0.05775,0.33465,0.17642,0.0807,0.59494,0.08861,0.05696,0.22468,0.71835,0.15032,0.13054,0.15902,0.05538,0.07358,0.09494,0.02453,0.11551,0.00791,0.00949,0.02373,0.02294,0.00554,0.01503,0.11155,0.10839,0.08307,0.0356,0.06408,29.8865930599369
"Hamilton",2020-04-01,0.41688,0.11283,0.06202,0.40827,0.12317,0.14987,0.17054,0.14815,0.19208,0.21619,0.45823,0.54177,0.52627,0.06288,0.05082,0.02584,0.05082,0.28338,0.03618,0.08269,0.22911,0.05771,0.31438,0.18519,0.09475,0.57623,0.09819,0.0534,0.21361,0.73299,0.14815,0.11456,0.15418,0.0534,0.08872,0.07924,0.02584,0.12489,0.02153,0.01895,0.0155,0.02067,0.00861,0.0112,0.11456,0.09991,0.08355,0.0379,0.06288,31.7592412451362
"Hamilton",2020-05-01,0.42165,0.09091,0.07359,0.41385,0.129,0.14113,0.1619,0.14805,0.18095,0.23896,0.4684,0.5316,0.52468,0.0658,0.04848,0.02511,0.05281,0.28312,0.03983,0.08312,0.21212,0.07965,0.2987,0.18615,0.10043,0.55584,0.09784,0.05022,0.20519,0.74459,0.14286,0.11169,0.15671,0.04329,0.09957,0.07186,0.0329,0.12987,0.01818,0.01905,0.01818,0.02165,0.01385,0.00866,0.11169,0.07965,0.08745,0.04329,0.05887,31.3260655737705
"Hamilton",2020-06-01,0.47054,0.08036,0.07054,0.37857,0.13125,0.13393,0.1625,0.14375,0.19375,0.23482,0.46696,0.53304,0.52321,0.06964,0.05089,0.02232,0.05982,0.27411,0.04018,0.07679,0.22679,0.06696,0.31071,0.18304,0.09554,0.54732,0.10982,0.05446,0.20625,0.73929,0.16339,0.13125,0.14464,0.06696,0.10625,0.06429,0.02946,0.12321,0.01161,0.0125,0.02589,0.01339,0.0125,0.00536,0.08929,0.07768,0.06429,0.04821,0.0625,30.0206374501992
"Hamilton",2020-07-01,0.46881,0.0983,0.06427,0.36862,0.14083,0.12287,0.15406,0.15217,0.18431,0.24575,0.47543,0.52457,0.52079,0.06805,0.04631,0.02552,0.06238,0.27694,0.03403,0.08223,0.23346,0.07089,0.30151,0.18053,0.09735,0.56522,0.1087,0.05577,0.18431,0.75992,0.15784,0.11909,0.16824,0.069,0.09735,0.0482,0.03214,0.13233,0.01323,0.01607,0.02268,0.02647,0.01512,NA,0.08223,0.07467,0.06616,0.05482,0.06994,30.4090763052209
"Hamilton",2020-08-01,0.45161,0.09677,0.06061,0.39101,0.1349,0.12121,0.14565,0.15249,0.18182,0.26393,0.47214,0.52786,0.5259,0.07234,0.05572,0.02444,0.0567,0.26491,0.03226,0.08309,0.23069,0.05963,0.31281,0.18182,0.09971,0.55914,0.08602,0.05865,0.19746,0.74389,0.16618,0.11437,0.16911,0.04594,0.08798,0.06256,0.03617,0.15738,0.00391,0.01564,0.02248,0.01857,0.01075,NA,0.08895,0.06354,0.07136,0.06158,0.05963,31.1531950207469
"Hamilton",2020-09-01,0.49304,0.04374,0.04871,0.41451,0.12227,0.1163,0.16004,0.14612,0.17694,0.27833,0.46918,0.53082,0.53877,0.0666,0.05567,0.02386,0.05567,0.25944,0.03678,0.08151,0.23161,0.04573,0.31213,0.18688,0.10537,0.56163,0.06958,0.05268,0.20577,0.74155,0.17097,0.11531,0.1501,0.03976,0.09443,0.06461,0.04274,0.16899,0.00398,0.00895,0.02783,0.01292,0.0159,0.00994,0.07356,0.06163,0.07952,0.05169,0.05666,31.7060084033613
"Hamilton",2020-10-01,0.50638,0.04809,0.04907,0.39647,0.11678,0.10893,0.16879,0.14622,0.17468,0.28459,0.46614,0.53386,0.53974,0.06771,0.06379,0.02061,0.05299,0.25515,0.04024,0.07655,0.23356,0.04416,0.32483,0.19235,0.08832,0.55937,0.07655,0.04612,0.21001,0.74387,0.17076,0.12758,0.1472,0.0422,0.10304,0.06084,0.02257,0.16192,0.00294,0.00785,0.02355,0.02061,0.01668,0.00589,0.08636,0.06673,0.07949,0.04416,0.05005,31.0265454545455
"Hamilton",2020-11-01,0.53313,0.04618,0.02711,0.39357,0.12149,0.11546,0.16767,0.14357,0.17771,0.2741,0.46486,0.53514,0.53815,0.06627,0.06426,0.02209,0.0492,0.26004,0.03514,0.07631,0.24096,0.04217,0.3504,0.17871,0.07631,0.56325,0.08333,0.03012,0.19779,0.77209,0.1757,0.15462,0.16968,0.0502,0.09538,0.03112,0.01305,0.14659,0.00201,0.01205,0.02912,0.02008,0.01807,0.00301,0.07932,0.06727,0.07731,0.04217,0.05321,31.18094
"Hamilton",2020-12-01,0.53417,0.04139,0.04139,0.38306,0.1155,0.12416,0.15784,0.14341,0.17998,0.27911,0.4591,0.5409,0.53898,0.06256,0.06545,0.02695,0.0462,0.25987,0.0308,0.08566,0.23773,0.04042,0.34167,0.18094,0.08277,0.56304,0.08277,0.02214,0.2204,0.75746,0.16073,0.13667,0.16843,0.05197,0.08085,0.03176,0.02887,0.16266,0.00577,NA,0.02984,0.02021,0.01251,0.00096,0.10876,0.07796,0.09047,0.03369,0.0539,31.1080192307692
"Montreal",2020-01-01,0.57267,0.04695,0.03904,0.34133,0.14112,0.16355,0.18069,0.15985,0.1559,0.19889,0.48984,0.51016,0.36085,0.1886,0.04247,0.01873,0.05566,0.33369,0.05988,0.08652,0.13585,0.07544,0.32604,0.21182,0.10446,0.5972,0.09628,0.09602,0.21103,0.69296,0.2192,0.1187,0.17357,0.05935,0.06911,0.05777,0.01846,0.10419,0.01451,0.00554,0.04405,0.02058,0.00791,0.00791,0.07913,0.10683,0.0765,0.04616,0.05619,27.8888432648973
"Montreal",2020-02-01,0.58522,0.04041,0.0351,0.33927,0.14092,0.16831,0.17097,0.16193,0.15873,0.19915,0.49109,0.50891,0.36586,0.1917,0.04174,0.01941,0.05424,0.32704,0.06169,0.08535,0.13879,0.0779,0.32093,0.20846,0.10689,0.60064,0.09625,0.09386,0.20553,0.70061,0.2167,0.12763,0.18559,0.05132,0.06913,0.05451,0.02021,0.10316,0.01436,0.00479,0.04121,0.02446,0.00612,0.00798,0.07285,0.10795,0.07498,0.04972,0.05291,28.287680798005
"Montreal",2020-03-01,0.46508,0.11276,0.0581,0.36405,0.13366,0.17172,0.17029,0.16543,0.15426,0.20464,0.49141,0.50859,0.36949,0.1889,0.04379,0.02032,0.05638,0.32112,0.0664,0.08987,0.13452,0.0727,0.31797,0.21065,0.1079,0.59616,0.09073,0.09416,0.21179,0.69405,0.22181,0.10904,0.16772,0.04179,0.081,0.0644,0.02547,0.10761,0.02003,0.00343,0.04207,0.01889,0.00859,0.01173,0.07642,0.10904,0.07527,0.05094,0.04923,29.0145311589983
"Montreal",2020-04-01,0.37679,0.13616,0.11057,0.37648,0.13372,0.16083,0.17362,0.16479,0.15991,0.20713,0.49041,0.50959,0.37313,0.18885,0.04904,0.02224,0.05787,0.30886,0.06488,0.08376,0.13159,0.06793,0.31922,0.2184,0.11422,0.6095,0.08559,0.09595,0.20774,0.69631,0.2184,0.08285,0.14499,0.03472,0.0929,0.07859,0.03229,0.12641,0.02376,0.00701,0.04721,0.01553,0.0134,0.01005,0.07189,0.11209,0.07828,0.0466,0.04995,30.142238700565
"Montreal",2020-05-01,0.4493,0.10079,0.0932,0.35671,0.13115,0.15908,0.1776,0.16818,0.15604,0.20795,0.48755,0.51245,0.3725,0.18397,0.05282,0.02186,0.05556,0.3133,0.06436,0.08956,0.13327,0.06254,0.32362,0.21554,0.11111,0.60899,0.08925,0.08804,0.21251,0.69945,0.21433,0.09988,0.1606,0.03461,0.09168,0.0677,0.02793,0.11202,0.01488,0.00455,0.04493,0.0173,0.01396,0.01032,0.08531,0.10747,0.07954,0.04614,0.04645,30.3407543520309
"Montreal",2020-06-01,0.51275,0.07397,0.08247,0.33082,0.13629,0.15014,0.17658,0.16682,0.15927,0.21089,0.48473,0.51527,0.38149,0.17753,0.05319,0.02014,0.05414,0.3135,0.06421,0.09411,0.13,0.06327,0.32798,0.20554,0.11489,0.61221,0.08373,0.08341,0.21782,0.69877,0.20019,0.10922,0.17501,0.04816,0.08656,0.05445,0.02424,0.10513,0.01259,0.00692,0.0447,0.01574,0.01385,0.01039,0.09285,0.10198,0.07901,0.05005,0.05288,29.5539740420272
"Montreal",2020-07-01,0.47922,0.11136,0.0789,0.33052,0.13344,0.15227,0.17338,0.17045,0.16169,0.20877,0.48344,0.51656,0.38149,0.18571,0.05097,0.02143,0.05422,0.30617,0.06006,0.09383,0.13539,0.06396,0.32045,0.20649,0.11981,0.60877,0.08571,0.07305,0.21753,0.70942,0.19578,0.11071,0.17435,0.03831,0.08896,0.05747,0.03279,0.10844,0.01104,0.00909,0.03929,0.01721,0.01558,0.00682,0.09416,0.1039,0.07565,0.05195,0.0526,29.8064440203562
"Montreal",2020-08-01,0.47365,0.118,0.08054,0.32781,0.13324,0.1465,0.17236,0.1707,0.16506,0.21213,0.48227,0.51773,0.38482,0.19224,0.04939,0.01956,0.058,0.29599,0.05933,0.09778,0.12927,0.06331,0.32748,0.20782,0.11501,0.62082,0.08054,0.07955,0.21545,0.705,0.1992,0.11203,0.16076,0.04906,0.08253,0.07027,0.02618,0.11004,0.01425,0.00895,0.04044,0.01392,0.00994,0.00729,0.09513,0.10109,0.0769,0.05336,0.05502,29.5846803069054
"Montreal",2020-09-01,0.54843,0.05741,0.05292,0.34124,0.13727,0.1501,0.16357,0.1687,0.17511,0.20526,0.47787,0.52213,0.38326,0.19019,0.04458,0.02213,0.05933,0.30051,0.05356,0.0898,0.144,0.06895,0.32585,0.20975,0.10808,0.61674,0.08082,0.07793,0.21552,0.70654,0.19724,0.12187,0.16453,0.05837,0.0789,0.06863,0.02213,0.10391,0.01219,0.00834,0.03592,0.01636,0.00866,0.00481,0.09814,0.09269,0.08146,0.05035,0.05677,29.6539083232811
"Montreal",2020-10-01,0.55397,0.05219,0.04992,0.34392,0.13906,0.14716,0.16499,0.16856,0.17828,0.20194,0.47391,0.52609,0.37601,0.19157,0.04668,0.02139,0.05997,0.30438,0.05219,0.09271,0.14457,0.06677,0.32091,0.20843,0.11442,0.60746,0.0859,0.08622,0.21783,0.69595,0.20162,0.12253,0.1705,0.06029,0.07553,0.07196,0.02204,0.09595,0.01037,0.00292,0.03598,0.01848,0.00713,0.00421,0.10049,0.0953,0.08363,0.05089,0.05543,29.9019173859433
"Montreal",2020-11-01,0.55614,0.04504,0.05059,0.34824,0.13708,0.14654,0.16351,0.16384,0.18309,0.20594,0.47128,0.52872,0.38512,0.18538,0.04634,0.02187,0.06103,0.30026,0.05222,0.08747,0.1498,0.06593,0.3205,0.20398,0.1201,0.60444,0.08322,0.09367,0.2154,0.69093,0.19909,0.1188,0.17624,0.06038,0.07343,0.06136,0.02448,0.10999,0.01208,0.00261,0.03786,0.0186,0.0062,0.00359,0.0953,0.09954,0.08453,0.04406,0.05744,30.0518765586035
"Montreal",2020-12-01,0.54617,0.04666,0.04502,0.36214,0.13736,0.14098,0.16826,0.16004,0.18041,0.21295,0.47486,0.52514,0.38383,0.18173,0.04765,0.02235,0.06474,0.2997,0.05159,0.09004,0.14624,0.06408,0.31679,0.21262,0.11863,0.58758,0.08873,0.093,0.21886,0.68814,0.20506,0.10713,0.18732,0.05521,0.07065,0.06408,0.02498,0.11929,0.0115,0.0023,0.03483,0.01972,0.00756,0.00263,0.08774,0.09694,0.08971,0.04699,0.05521,29.7675675675676
"Ontario",2020-01-01,0.52678,0.04044,0.03342,0.39935,0.1281,0.14305,0.14534,0.15068,0.18523,0.2476,0.48263,0.51737,0.50649,0.09874,0.05947,0.0289,0.05118,0.25523,0.03866,0.12245,0.2188,0.06502,0.35321,0.13476,0.0671,0.55583,0.08689,0.02523,0.11945,0.85532,0.17475,0.12525,0.17933,0.05169,0.09325,0.0585,0.0204,0.14819,0.01134,0.00412,0.03235,0.01419,0.01368,0.00438,0.06858,0.09589,0.07595,0.05108,0.05097,28.1479026335117
"Ontario",2020-02-01,0.53121,0.04381,0.03502,0.38995,0.12656,0.14111,0.15001,0.15278,0.18539,0.24416,0.48524,0.51476,0.50843,0.09802,0.06094,0.02772,0.05024,0.25465,0.03847,0.12198,0.21835,0.06449,0.35323,0.13571,0.06778,0.56053,0.08691,0.02597,0.11864,0.85539,0.17551,0.12805,0.18492,0.05343,0.09421,0.0578,0.0182,0.14193,0.0089,0.00396,0.03265,0.01275,0.01255,0.00391,0.07122,0.09457,0.07945,0.05065,0.04988,28.1912680326155
"Ontario",2020-03-01,0.42842,0.11096,0.05149,0.40914,0.1234,0.13736,0.14844,0.15256,0.18493,0.25331,0.48463,0.51537,0.51461,0.09917,0.06213,0.02743,0.05192,0.24473,0.03845,0.12144,0.21171,0.06637,0.35667,0.13616,0.06919,0.55849,0.08728,0.02433,0.11981,0.85585,0.17043,0.11949,0.16973,0.04796,0.10173,0.07017,0.02053,0.15294,0.01124,0.00494,0.03058,0.01086,0.01331,0.00429,0.0718,0.09407,0.07843,0.05095,0.04769,28.9870561691011
"Ontario",2020-04-01,0.38902,0.10457,0.06565,0.44077,0.11982,0.13344,0.1479,0.15253,0.18965,0.25665,0.48218,0.51782,0.5189,0.0979,0.06327,0.02672,0.05356,0.23965,0.03813,0.11869,0.21451,0.0661,0.3554,0.13705,0.07011,0.55449,0.08887,0.0239,0.12135,0.85475,0.1653,0.10129,0.15129,0.04214,0.11344,0.0783,0.02531,0.16378,0.01847,0.00695,0.02717,0.01051,0.01441,0.00514,0.07649,0.09468,0.07644,0.04909,0.04847,29.8889752407153
"Ontario",2020-05-01,0.42033,0.08634,0.06961,0.42372,0.1179,0.13095,0.14618,0.1544,0.19096,0.2596,0.4839,0.5161,0.52046,0.09703,0.06467,0.02489,0.05306,0.23988,0.03754,0.11807,0.21712,0.06203,0.35997,0.13446,0.07082,0.55381,0.08651,0.02397,0.12077,0.85525,0.1632,0.10399,0.15676,0.0449,0.11198,0.07191,0.02558,0.1651,0.01449,0.0042,0.02679,0.01075,0.01322,0.00569,0.08146,0.0906,0.0768,0.04794,0.04869,29.9637232891534
"Ontario",2020-06-01,0.46667,0.06666,0.05973,0.40694,0.11758,0.12703,0.146,0.15064,0.19381,0.26493,0.4847,0.5153,0.52569,0.09438,0.06443,0.0249,0.05303,0.23756,0.0377,0.11611,0.21842,0.0612,0.36078,0.13496,0.07083,0.54907,0.08569,0.02361,0.12228,0.85411,0.16063,0.11394,0.16726,0.04998,0.10607,0.0636,0.02132,0.16814,0.0084,0.00499,0.02643,0.01269,0.01198,0.00576,0.07882,0.09021,0.07359,0.04669,0.04992,29.3687607059434
"Ontario",2020-07-01,0.4549,0.08112,0.0549,0.40909,0.11538,0.12312,0.14351,0.1521,0.19595,0.26994,0.48572,0.51428,0.52717,0.09414,0.06405,0.0264,0.05453,0.23371,0.03758,0.11796,0.22149,0.05944,0.35683,0.13706,0.06963,0.54443,0.08572,0.0234,0.12158,0.85502,0.16033,0.11815,0.16033,0.05048,0.10378,0.06288,0.02389,0.1731,0.00878,0.00436,0.0272,0.01234,0.01197,0.00461,0.0778,0.08726,0.07406,0.04452,0.05072,29.0498027560119
"Ontario",2020-08-01,0.45763,0.08596,0.05538,0.40102,0.11741,0.12599,0.14177,0.14874,0.19246,0.27362,0.48113,0.51887,0.52726,0.09306,0.06346,0.02676,0.05495,0.23452,0.03663,0.11846,0.2228,0.05895,0.3536,0.13888,0.07067,0.54113,0.08843,0.023,0.11754,0.85946,0.16225,0.1184,0.16484,0.05057,0.10496,0.06154,0.02214,0.1715,0.00876,0.00395,0.02707,0.0124,0.01024,0.00413,0.07727,0.09084,0.06882,0.046,0.04946,29.0670511105165
"Ontario",2020-09-01,0.49889,0.04837,0.04147,0.41128,0.11676,0.12415,0.14196,0.1475,0.19439,0.27523,0.4825,0.5175,0.53272,0.09298,0.06106,0.02575,0.05416,0.23333,0.03487,0.11965,0.22612,0.05915,0.35163,0.13832,0.07024,0.54005,0.08367,0.02317,0.11996,0.85687,0.15927,0.12267,0.17671,0.0504,0.10166,0.0586,0.0215,0.17388,0.00591,0.00419,0.02766,0.01146,0.01004,0.0045,0.07153,0.09328,0.0695,0.04824,0.04892,29.0471151069694
"Ontario",2020-10-01,0.49895,0.04952,0.03813,0.41341,0.11736,0.12187,0.13791,0.14806,0.19473,0.28008,0.48477,0.51523,0.53646,0.09179,0.06233,0.02544,0.05292,0.23106,0.03485,0.11884,0.22518,0.06153,0.35058,0.13951,0.06951,0.53466,0.08696,0.0247,0.12045,0.85485,0.16044,0.12423,0.17616,0.05168,0.09965,0.05422,0.0229,0.17863,0.00582,0.00545,0.02686,0.01176,0.01034,0.00489,0.06697,0.08888,0.06852,0.0484,0.05131,29.0760790031813
"Ontario",2020-11-01,0.50214,0.04284,0.03799,0.41703,0.1195,0.12303,0.1362,0.14754,0.19548,0.27825,0.48469,0.51531,0.53698,0.09229,0.06186,0.02753,0.05096,0.23038,0.03484,0.11925,0.22527,0.06457,0.34673,0.14017,0.06917,0.53345,0.08567,0.02438,0.1248,0.85083,0.16001,0.12429,0.17532,0.05298,0.10067,0.05663,0.0206,0.17847,0.00712,0.00529,0.02715,0.0121,0.01027,0.00491,0.06419,0.08838,0.06917,0.04933,0.05096,29.0306351570964
"Ontario",2020-12-01,0.49656,0.04339,0.03956,0.42049,0.11478,0.12148,0.13824,0.14746,0.19007,0.28797,0.48421,0.51579,0.53586,0.09335,0.06269,0.02683,0.05294,0.22834,0.03391,0.1192,0.22301,0.06444,0.35092,0.13908,0.06944,0.52891,0.08529,0.02605,0.12667,0.84728,0.16552,0.12303,0.17202,0.05002,0.09517,0.05496,0.02287,0.18696,0.00682,0.00507,0.0254,0.01228,0.01039,0.00344,0.06606,0.08711,0.06788,0.04846,0.05021,29.2833760743976
"Ottawa",2020-01-01,0.60188,0.03954,0.02413,0.33445,0.14477,0.16019,0.17225,0.16957,0.16421,0.18901,0.48391,0.51609,0.53418,0.07775,0.03686,0.02882,0.04625,0.27614,0.02279,0.08512,0.17359,0.03016,0.23056,0.2681,0.18968,0.61193,0.09383,0.06501,0.20912,0.72587,0.16086,0.14879,0.23056,0.05429,0.06032,0.05027,0.0248,0.10992,0.0067,NA,0.03887,0.0134,0.00402,0.00603,0.09115,0.08914,0.11997,0.0496,0.05094,35.0728136419001
"Ottawa",2020-02-01,0.59316,0.04088,0.02815,0.3378,0.14075,0.15751,0.16086,0.17225,0.17426,0.19437,0.47989,0.52011,0.52815,0.08244,0.04021,0.02614,0.04893,0.27413,0.02748,0.08646,0.17828,0.03485,0.23391,0.26005,0.17895,0.60925,0.08378,0.06769,0.20442,0.72788,0.15952,0.14678,0.22587,0.05362,0.06501,0.05429,0.02748,0.12332,0.00469,NA,0.03619,0.0134,0.00335,0.00603,0.08043,0.08445,0.11193,0.0563,0.05228,34.8246191051995
"Ottawa",2020-03-01,0.47067,0.13941,0.03382,0.35611,0.147,0.15045,0.14769,0.17874,0.18012,0.196,0.47481,0.52519,0.52588,0.07246,0.04555,0.02484,0.04693,0.28433,0.02968,0.09317,0.17253,0.04141,0.22705,0.26087,0.17529,0.61353,0.08834,0.06211,0.20359,0.7343,0.15528,0.13941,0.22015,0.05038,0.07246,0.05797,0.04486,0.12077,NA,0.00207,0.03934,0.01173,0.00552,0.00828,0.07177,0.07729,0.10214,0.06004,0.06142,35.9050458715596
"Ottawa",2020-04-01,0.46807,0.10105,0.04842,0.38246,0.14737,0.15018,0.14316,0.17895,0.17684,0.20351,0.47368,0.52632,0.52561,0.07439,0.04351,0.02807,0.04842,0.28,0.03368,0.09123,0.17123,0.04561,0.22877,0.25965,0.16982,0.61053,0.08982,0.07088,0.1986,0.73053,0.14667,0.12561,0.21404,0.05684,0.07789,0.06035,0.04211,0.12491,0.00702,0.00421,0.03509,0.01193,0.00632,0.00421,0.08281,0.07719,0.10667,0.05404,0.06386,37.0168063583815
"Ottawa",2020-05-01,0.49036,0.09065,0.05496,0.36403,0.14061,0.15418,0.1399,0.16916,0.18772,0.20842,0.47823,0.52177,0.52034,0.07852,0.04711,0.02498,0.05139,0.27766,0.02855,0.08994,0.1656,0.05139,0.2434,0.24982,0.17131,0.60742,0.0935,0.07281,0.19486,0.73233,0.14847,0.12705,0.21913,0.04782,0.08494,0.04568,0.03498,0.12562,0.00714,0.00928,0.0364,0.01356,0.01285,0.00357,0.08351,0.07637,0.10493,0.05139,0.05853,36.3302164502164
"Ottawa",2020-06-01,0.51944,0.06897,0.06236,0.34923,0.13059,0.15334,0.15187,0.16214,0.18855,0.2135,0.47762,0.52238,0.51798,0.08291,0.04842,0.02201,0.05429,0.27439,0.02568,0.08731,0.16067,0.06163,0.25532,0.24945,0.15994,0.60528,0.08951,0.0719,0.20763,0.72047,0.15114,0.12106,0.20763,0.05723,0.0741,0.0631,0.02494,0.1394,0.01027,0.0066,0.04255,0.01101,0.01101,0.00293,0.07704,0.08584,0.10638,0.04989,0.05576,35.6368550724638
"Ottawa",2020-07-01,0.51431,0.0866,0.05873,0.34036,0.13178,0.15211,0.15286,0.16566,0.18901,0.20858,0.48494,0.51506,0.52786,0.07455,0.04367,0.02033,0.05346,0.28012,0.02861,0.08886,0.16642,0.05798,0.25075,0.24172,0.16566,0.60617,0.09111,0.07154,0.21687,0.7116,0.15437,0.12575,0.19729,0.06401,0.06401,0.06777,0.02108,0.13253,0.02033,0.00753,0.0369,0.01431,0.0128,0.00452,0.07681,0.09488,0.10392,0.0497,0.06024,35.6926979472141
"Ottawa",2020-08-01,0.49402,0.10463,0.06278,0.33857,0.13752,0.14275,0.15321,0.16293,0.19507,0.20852,0.49028,0.50972,0.51943,0.07848,0.04185,0.02242,0.05531,0.28251,0.02466,0.08894,0.1719,0.05456,0.23169,0.25262,0.17564,0.61584,0.08595,0.071,0.21076,0.71824,0.1577,0.12407,0.18386,0.06054,0.06876,0.08072,0.01719,0.12407,0.02018,0.00448,0.03363,0.02317,0.01121,0.00523,0.0852,0.08969,0.10164,0.05082,0.05755,36.5947398843931
"Ottawa",2020-09-01,0.55344,0.04809,0.04198,0.35649,0.1374,0.13435,0.16641,0.16412,0.18931,0.2084,0.49237,0.50763,0.53817,0.07863,0.03893,0.01908,0.05344,0.27176,0.02519,0.08015,0.17252,0.05038,0.23053,0.26947,0.17176,0.61985,0.07023,0.07099,0.20992,0.71908,0.14885,0.11985,0.20534,0.06336,0.05725,0.06336,0.01832,0.13969,0.0229,0.00534,0.0229,0.02519,0.00458,0.00916,0.09389,0.1,0.10687,0.04275,0.05954,37.1432952924394
"Ottawa",2020-10-01,0.5267,0.0534,0.03883,0.38107,0.1254,0.12945,0.16909,0.16586,0.18689,0.2233,0.48948,0.51052,0.54693,0.08414,0.04045,0.0178,0.04935,0.26133,0.02346,0.07767,0.17799,0.04854,0.23463,0.27184,0.16586,0.59142,0.07039,0.06149,0.21278,0.72573,0.14806,0.11893,0.19822,0.06068,0.05663,0.06634,0.01699,0.15858,0.01699,0.00566,0.02023,0.02589,0.00647,0.00728,0.09304,0.09871,0.1068,0.04288,0.05744,37.7673617693523
"Ottawa",2020-11-01,0.53931,0.04311,0.03635,0.38123,0.12172,0.12511,0.1623,0.17751,0.18681,0.22654,0.48774,0.51226,0.55452,0.07777,0.03635,0.01944,0.0448,0.26712,0.02198,0.07101,0.18766,0.04903,0.23077,0.27388,0.16568,0.58833,0.07101,0.06255,0.21048,0.72697,0.14117,0.11581,0.19442,0.07016,0.06424,0.06255,0.02029,0.15554,0.01437,0.00592,0.0186,0.02029,0.00676,0.00761,0.10228,0.09806,0.10144,0.04565,0.06255,37.1373848684211
"Ottawa",2020-12-01,0.55833,0.0472,0.02939,0.36509,0.12556,0.12378,0.15583,0.17898,0.18789,0.22796,0.48175,0.51825,0.53874,0.07391,0.04809,0.02226,0.0472,0.26981,0.02048,0.07124,0.18077,0.0472,0.23598,0.27605,0.1683,0.59662,0.07213,0.06055,0.19145,0.748,0.16207,0.12645,0.21371,0.0748,0.05521,0.04096,0.02226,0.13802,0.00089,0.01247,0.02582,0.01603,0.01158,0.00712,0.09261,0.08549,0.10062,0.04809,0.06857,37.6071641791045
"Quebec",2020-01-01,0.52425,0.0538,0.03502,0.38693,0.12092,0.12987,0.15365,0.14945,0.19556,0.25055,0.49477,0.50523,0.31513,0.2851,0.05594,0.02092,0.05452,0.26838,0.09651,0.12726,0.14255,0.06276,0.40388,0.11719,0.04984,0.58082,0.07726,0.01474,0.0252,0.96006,0.22242,0.129,0.18423,0.04105,0.08756,0.04453,0.01141,0.15737,0.00927,0.00285,0.04176,0.00975,0.00729,0.00444,0.04707,0.09683,0.08249,0.04754,0.03875,26.453274015748
"Quebec",2020-02-01,0.53163,0.05407,0.03449,0.37982,0.12343,0.12986,0.14619,0.15015,0.20168,0.24869,0.49683,0.50317,0.31552,0.28112,0.05795,0.02014,0.05327,0.272,0.09672,0.1289,0.14103,0.06382,0.40891,0.11265,0.04796,0.58356,0.07722,0.01522,0.026,0.95878,0.22309,0.13311,0.18606,0.04091,0.08974,0.04281,0.01015,0.15404,0.00832,0.0027,0.04122,0.01181,0.00674,0.00373,0.04558,0.09402,0.08007,0.04915,0.03797,26.3470209464701
"Quebec",2020-03-01,0.43966,0.10858,0.05528,0.39649,0.11813,0.12522,0.14285,0.14795,0.2071,0.25875,0.49411,0.50589,0.32606,0.2833,0.05816,0.02051,0.05173,0.26024,0.09712,0.12522,0.14285,0.06228,0.40654,0.11657,0.04943,0.58028,0.07645,0.01483,0.02776,0.95741,0.21641,0.12143,0.17201,0.04078,0.09614,0.05561,0.01104,0.16871,0.01038,0.00321,0.03732,0.01153,0.00758,0.00272,0.04514,0.09498,0.07595,0.05066,0.03798,26.7685855605692
"Quebec",2020-04-01,0.34416,0.12516,0.10681,0.42387,0.11329,0.12263,0.14309,0.1441,0.2089,0.26799,0.49365,0.50635,0.33356,0.27775,0.06094,0.02104,0.05143,0.25528,0.09738,0.12684,0.14107,0.06195,0.40729,0.11666,0.04882,0.56931,0.0755,0.0154,0.02727,0.95733,0.21682,0.08998,0.13585,0.03341,0.11093,0.0787,0.0165,0.19014,0.01826,0.00614,0.02988,0.01035,0.0133,0.0037,0.04604,0.09292,0.07499,0.04856,0.03846,27.5890457046128
"Quebec",2020-05-01,0.44353,0.08098,0.0705,0.405,0.11014,0.1184,0.14534,0.14449,0.20586,0.27577,0.49527,0.50473,0.33902,0.27346,0.0624,0.02233,0.05166,0.25113,0.09778,0.12471,0.14355,0.05882,0.41071,0.11568,0.04876,0.57062,0.07484,0.01551,0.02839,0.9561,0.21626,0.11176,0.16819,0.03819,0.10272,0.05115,0.01355,0.18131,0.00972,0.00247,0.03103,0.01245,0.00827,0.00418,0.04876,0.08968,0.07459,0.04654,0.03845,27.5225554719819
"Quebec",2020-06-01,0.49439,0.06538,0.04543,0.3948,0.10339,0.11841,0.14286,0.1413,0.21135,0.28269,0.49154,0.50846,0.353,0.26723,0.06158,0.02237,0.05217,0.24365,0.09475,0.12394,0.14234,0.05657,0.41821,0.11496,0.04923,0.56746,0.07134,0.0152,0.02764,0.95716,0.21644,0.12783,0.1781,0.04206,0.09026,0.04146,0.0114,0.1857,0.00389,0.00138,0.03014,0.01321,0.00708,0.00233,0.04871,0.08965,0.07298,0.04543,0.03792,27.1291788032988
"Quebec",2020-07-01,0.45152,0.10629,0.03827,0.40392,0.09608,0.11348,0.14429,0.14101,0.20991,0.29524,0.4905,0.5095,0.36406,0.267,0.06047,0.02211,0.05265,0.23371,0.09563,0.12138,0.14172,0.05514,0.41804,0.11756,0.05052,0.55816,0.0737,0.01607,0.02966,0.95427,0.20742,0.12538,0.17643,0.03987,0.09341,0.03987,0.01438,0.19552,0.00382,0.00186,0.03205,0.01279,0.00604,0.00311,0.04804,0.08915,0.07485,0.04386,0.03925,27.1664554888039
"Quebec",2020-08-01,0.43522,0.12642,0.0382,0.40016,0.09567,0.11333,0.14722,0.14158,0.20631,0.29588,0.48821,0.51179,0.36466,0.27212,0.05846,0.02206,0.05389,0.22882,0.09558,0.12077,0.14059,0.05631,0.41415,0.12311,0.04949,0.55572,0.07648,0.01695,0.02878,0.95427,0.20551,0.12777,0.17475,0.04402,0.09316,0.04178,0.01291,0.19555,0.00287,0.00206,0.03353,0.01049,0.00547,0.0035,0.04662,0.08966,0.07487,0.04411,0.04053,27.2230299137456
"Quebec",2020-09-01,0.51504,0.05256,0.02704,0.40535,0.09823,0.11014,0.15007,0.1413,0.20532,0.29495,0.488,0.512,0.36452,0.27256,0.05856,0.0214,0.05489,0.22806,0.09491,0.12267,0.13915,0.05596,0.42049,0.11837,0.04844,0.55686,0.07468,0.0163,0.03018,0.95353,0.20514,0.13852,0.18535,0.04495,0.08954,0.03206,0.01083,0.19153,0.00287,0.00125,0.0342,0.00976,0.00484,0.00287,0.04629,0.08891,0.07575,0.04343,0.03823,27.4899351351351
"Quebec",2020-10-01,0.5034,0.0541,0.03226,0.41024,0.09841,0.10983,0.14744,0.13847,0.20507,0.30077,0.48609,0.51391,0.36602,0.27657,0.05827,0.0193,0.05546,0.22438,0.09415,0.1208,0.13928,0.05618,0.41994,0.1198,0.04984,0.54789,0.07657,0.01695,0.03018,0.95288,0.19918,0.13339,0.18505,0.04431,0.09325,0.03135,0.0126,0.19538,0.00381,0.00127,0.03407,0.01006,0.00571,0.00272,0.04785,0.08772,0.07902,0.04178,0.03879,27.955086013463
"Quebec",2020-11-01,0.50699,0.04955,0.03153,0.41193,0.09864,0.11206,0.14902,0.13753,0.20243,0.30033,0.48639,0.51361,0.3622,0.28562,0.05644,0.01903,0.05497,0.22173,0.09211,0.12337,0.13918,0.05534,0.42204,0.11905,0.04891,0.54808,0.07768,0.01627,0.03043,0.9533,0.19765,0.13008,0.18744,0.04532,0.09671,0.0319,0.01434,0.19369,0.00414,0.00138,0.03392,0.00791,0.00625,0.00202,0.04725,0.0911,0.0797,0.04118,0.03925,27.8167409948542
"Quebec",2020-12-01,0.50679,0.0447,0.03205,0.41646,0.10012,0.1088,0.15018,0.13799,0.20163,0.30128,0.48813,0.51187,0.35929,0.28623,0.05745,0.01856,0.05449,0.22398,0.09744,0.12109,0.14094,0.05468,0.41461,0.12183,0.04941,0.54909,0.07832,0.01792,0.03048,0.9516,0.19396,0.13134,0.17872,0.04747,0.10058,0.0315,0.01422,0.19377,0.00526,0.00129,0.03482,0.01044,0.00702,0.00277,0.04683,0.08608,0.07842,0.03935,0.04221,27.7014056147144
"Toronto",2020-01-01,0.58286,0.04224,0.03301,0.34188,0.1452,0.16538,0.17325,0.17291,0.16196,0.18129,0.48384,0.51616,0.53669,0.04789,0.04515,0.02035,0.03865,0.31127,0.04772,0.08158,0.183,0.06738,0.23191,0.25774,0.13067,0.56593,0.11442,0.12228,0.43783,0.43988,0.14076,0.13084,0.20455,0.05866,0.08312,0.08329,0.02583,0.08415,0.01112,0.00205,0.02548,0.02104,0.00958,0.00479,0.11476,0.09184,0.08586,0.06054,0.05507,30.1819693945442
"Toronto",2020-02-01,0.575,0.04327,0.03609,0.34565,0.14486,0.16367,0.17547,0.1724,0.16436,0.17924,0.4864,0.5136,0.54113,0.04789,0.04498,0.02069,0.03899,0.30631,0.04943,0.08346,0.18539,0.06533,0.22405,0.25945,0.13289,0.56713,0.11185,0.12896,0.43766,0.43338,0.1358,0.12947,0.20215,0.06311,0.08432,0.0773,0.02121,0.0915,0.01385,0.00496,0.02719,0.02035,0.01009,0.00479,0.1139,0.09116,0.08397,0.0614,0.05678,30.1753554661301
"Toronto",2020-03-01,0.46198,0.11037,0.04762,0.38003,0.14544,0.15799,0.17922,0.1722,0.16353,0.18162,0.48376,0.51624,0.54208,0.04651,0.0478,0.01956,0.03691,0.30712,0.0515,0.08343,0.19324,0.06589,0.22111,0.25268,0.13215,0.56515,0.10631,0.122,0.43319,0.44481,0.13621,0.1148,0.17442,0.05925,0.08712,0.09616,0.02529,0.09782,0.02307,0.00609,0.0275,0.01569,0.01347,0.00591,0.1172,0.09247,0.0849,0.06202,0.05574,31.4145952287837
"Toronto",2020-04-01,0.40971,0.11947,0.06443,0.40638,0.14493,0.15217,0.17803,0.1743,0.16412,0.18645,0.47944,0.52056,0.53976,0.0474,0.04818,0.01841,0.04054,0.30572,0.04681,0.0801,0.18919,0.07383,0.22601,0.25069,0.13337,0.56483,0.1134,0.12045,0.43126,0.4483,0.14023,0.10262,0.16295,0.04798,0.09166,0.09988,0.03329,0.10223,0.02409,0.01018,0.02507,0.01469,0.01332,0.00666,0.12515,0.08715,0.08441,0.06208,0.05562,33.2853711387736
"Toronto",2020-05-01,0.42996,0.09212,0.09212,0.38579,0.14266,0.15141,0.17031,0.1737,0.1731,0.18882,0.4805,0.5195,0.54954,0.04417,0.04417,0.01632,0.04178,0.30402,0.04596,0.08197,0.18643,0.07063,0.22006,0.26104,0.1339,0.56387,0.11242,0.11679,0.43116,0.45205,0.13689,0.09829,0.15519,0.05233,0.09272,0.10426,0.03601,0.10864,0.01751,0.01393,0.02248,0.01532,0.01154,0.00637,0.12853,0.08337,0.08138,0.06029,0.06068,33.7370900473934
"Toronto",2020-06-01,0.47782,0.07328,0.08773,0.36117,0.14475,0.14274,0.16483,0.17848,0.17366,0.19554,0.47982,0.52018,0.5535,0.03895,0.04778,0.01967,0.04156,0.29853,0.04537,0.08432,0.19133,0.06545,0.22184,0.25959,0.1321,0.56314,0.11283,0.11604,0.43044,0.45352,0.13371,0.10821,0.16944,0.0524,0.09215,0.09436,0.03333,0.10359,0.01285,0.01486,0.02951,0.01084,0.01164,0.00663,0.12648,0.08673,0.0787,0.06103,0.05983,32.9620674157303
"Toronto",2020-07-01,0.48575,0.07786,0.09252,0.34387,0.14457,0.13755,0.16006,0.18154,0.17679,0.1995,0.47873,0.52127,0.55308,0.0411,0.04915,0.01962,0.04213,0.29492,0.04316,0.08323,0.19765,0.06072,0.2183,0.26642,0.13052,0.56671,0.1138,0.10946,0.43185,0.45869,0.12846,0.11194,0.17038,0.06031,0.08633,0.09789,0.03387,0.1045,0.01384,0.00826,0.02933,0.01342,0.01157,0.0064,0.1235,0.09067,0.07848,0.06175,0.06134,32.972533632287
"Toronto",2020-08-01,0.49362,0.08741,0.08486,0.33411,0.14122,0.13335,0.16631,0.18014,0.17737,0.20162,0.47405,0.52595,0.5504,0.0436,0.04615,0.02063,0.04424,0.29498,0.04105,0.08294,0.19672,0.05997,0.22118,0.27137,0.12675,0.57337,0.11399,0.10932,0.43067,0.46002,0.1325,0.11633,0.17971,0.06657,0.07699,0.08401,0.02999,0.10315,0.01255,0.00872,0.03148,0.01382,0.01127,0.00553,0.12739,0.0906,0.08039,0.0604,0.06168,32.0166308243728
"Toronto",2020-09-01,0.54054,0.04703,0.06661,0.34582,0.14429,0.13301,0.16982,0.17706,0.1777,0.19813,0.47712,0.52288,0.54799,0.04554,0.04405,0.02149,0.04235,0.29857,0.03852,0.08087,0.20366,0.05852,0.21834,0.27346,0.12662,0.56203,0.11981,0.10619,0.42584,0.46797,0.1296,0.11322,0.1943,0.07363,0.08236,0.07938,0.02681,0.0996,0.01,0.00766,0.03022,0.0166,0.00936,0.0034,0.12386,0.09789,0.07746,0.06044,0.06491,32.3815982142857
"Toronto",2020-10-01,0.54275,0.05081,0.06312,0.34333,0.141,0.13653,0.16943,0.17972,0.17681,0.19651,0.47851,0.52149,0.54432,0.05036,0.04454,0.02126,0.04364,0.29588,0.03984,0.07923,0.20434,0.05394,0.2171,0.27372,0.13183,0.56603,0.1184,0.11325,0.41674,0.47001,0.13272,0.11907,0.19226,0.07162,0.08147,0.08281,0.02686,0.10161,0.01052,0.00492,0.03044,0.01679,0.00918,0.00537,0.11437,0.10184,0.07632,0.06088,0.06267,32.4590850277264
"Toronto",2020-11-01,0.54757,0.04361,0.06063,0.34818,0.14342,0.13596,0.17351,0.17491,0.17257,0.19963,0.47901,0.52099,0.54244,0.04641,0.04594,0.02029,0.04548,0.29944,0.04104,0.07952,0.20312,0.0555,0.21828,0.27146,0.13106,0.55107,0.1222,0.1229,0.40998,0.46712,0.14272,0.11614,0.19823,0.07859,0.07696,0.07976,0.02402,0.10005,0.01213,0.0021,0.03125,0.01679,0.01119,0.0049,0.10518,0.10121,0.07952,0.06203,0.0632,31.7702055800294
"Toronto",2020-12-01,0.52671,0.05201,0.06076,0.36052,0.1461,0.13948,0.1643,0.17234,0.17683,0.20095,0.48132,0.51868,0.53664,0.04799,0.04846,0.01797,0.04137,0.30757,0.04184,0.07801,0.20875,0.05887,0.21253,0.26619,0.13381,0.55201,0.11182,0.1227,0.40969,0.46761,0.14846,0.113,0.19314,0.07376,0.08038,0.07281,0.02861,0.10236,0.0156,0.00449,0.02624,0.01797,0.01087,0.00449,0.1078,0.09764,0.07636,0.05697,0.06336,31.8371428571429
"Vancouver",2020-01-01,0.58304,0.051,0.02972,0.33624,0.15326,0.17344,0.16199,0.15599,0.15926,0.19607,0.49332,0.50668,0.49959,0.0679,0.04091,0.02127,0.04936,0.32097,0.03245,0.0739,0.17726,0.08372,0.28606,0.23425,0.11235,0.59913,0.10472,0.11781,0.3327,0.5495,0.19525,0.12872,0.1958,0.048,0.07745,0.06518,0.01854,0.09272,0.006,0.00109,0.02073,0.01718,0.00709,0.00191,0.12435,0.08917,0.07118,0.05209,0.04309,29.186974961676
"Vancouver",2020-02-01,0.59265,0.04797,0.03043,0.32895,0.14967,0.17352,0.16228,0.15844,0.16201,0.19408,0.49424,0.50576,0.50302,0.06798,0.04276,0.02248,0.0466,0.31716,0.02933,0.07429,0.18476,0.08388,0.28289,0.2352,0.10965,0.59265,0.11294,0.11924,0.33854,0.54221,0.19682,0.14062,0.1875,0.05181,0.07922,0.05784,0.01782,0.09238,0.00768,0.0011,0.02138,0.01727,0.00822,0.0011,0.11924,0.0847,0.06935,0.04879,0.04331,29.5891077875193
"Vancouver",2020-03-01,0.46808,0.12053,0.04684,0.36456,0.14737,0.1611,0.1605,0.16408,0.16677,0.20018,0.49314,0.50686,0.50716,0.06951,0.04087,0.02148,0.04863,0.31235,0.03043,0.07637,0.18467,0.08711,0.28759,0.2327,0.10113,0.57488,0.11933,0.11545,0.33353,0.55101,0.19869,0.12023,0.18526,0.04475,0.08413,0.06593,0.0185,0.10949,0.00895,0.00537,0.02029,0.01879,0.01044,0.00119,0.108,0.0889,0.07011,0.05101,0.04356,30.26555
"Vancouver",2020-04-01,0.42926,0.09155,0.06114,0.41805,0.14052,0.16101,0.15557,0.16421,0.16613,0.21255,0.49168,0.50832,0.50704,0.07074,0.04065,0.02401,0.04641,0.31114,0.03009,0.07458,0.18726,0.08611,0.28841,0.23592,0.09763,0.55634,0.12388,0.11204,0.33355,0.55442,0.1927,0.10595,0.15429,0.04193,0.09187,0.06658,0.02273,0.12484,0.02145,0.0112,0.01665,0.01857,0.01376,0.0032,0.11428,0.08323,0.06786,0.04706,0.04802,31.3609520062943
"Vancouver",2020-05-01,0.44013,0.08586,0.07895,0.39507,0.12829,0.15789,0.15263,0.16546,0.175,0.22072,0.49507,0.50493,0.50921,0.07072,0.04441,0.02138,0.04704,0.30724,0.03289,0.07467,0.18914,0.08553,0.28586,0.23618,0.09572,0.56447,0.12237,0.11086,0.34211,0.54704,0.19079,0.1102,0.14342,0.05263,0.10164,0.06974,0.02204,0.12171,0.0148,0.00921,0.01809,0.01513,0.01283,0.00296,0.1148,0.07895,0.06349,0.04572,0.05099,31.2743705463183
"Vancouver",2020-06-01,0.48151,0.07228,0.08381,0.3624,0.1208,0.1493,0.15643,0.16457,0.18561,0.22328,0.48558,0.51442,0.51442,0.06888,0.04717,0.02206,0.04852,0.29895,0.02884,0.07194,0.19002,0.08619,0.29148,0.23515,0.09637,0.55853,0.12114,0.10655,0.3434,0.55005,0.18629,0.12046,0.13912,0.05192,0.10146,0.0682,0.03122,0.12114,0.01357,0.00713,0.02715,0.01561,0.00814,0.00238,0.10621,0.07974,0.06685,0.04174,0.05531,30.8087049808429
"Vancouver",2020-07-01,0.47676,0.08271,0.07143,0.3691,0.11757,0.14867,0.14969,0.16541,0.18968,0.22898,0.47129,0.52871,0.51572,0.07621,0.05126,0.01914,0.05024,0.28742,0.02837,0.07348,0.20096,0.08442,0.29357,0.22317,0.09604,0.54511,0.12748,0.10424,0.34416,0.55161,0.18182,0.1056,0.14388,0.05161,0.10936,0.07075,0.03691,0.12338,0.00957,0.00957,0.02632,0.00889,0.00957,0.00513,0.10766,0.08031,0.07006,0.04033,0.05605,29.4584698608964
"Vancouver",2020-08-01,0.47071,0.07891,0.08063,0.36975,0.11613,0.15403,0.15438,0.16299,0.18642,0.22605,0.46864,0.53136,0.51482,0.07615,0.05203,0.01688,0.05203,0.28808,0.0286,0.07512,0.19538,0.07994,0.29256,0.22915,0.09924,0.55858,0.10889,0.09924,0.35045,0.55031,0.17712,0.10717,0.15403,0.05134,0.08925,0.07167,0.02412,0.12578,0.01482,0.01964,0.0255,0.00965,0.00655,0.0062,0.11716,0.08305,0.07271,0.04686,0.05617,30.9019014626636
"Vancouver",2020-09-01,0.52388,0.05031,0.05396,0.37186,0.10791,0.15603,0.16296,0.16114,0.17681,0.23514,0.47065,0.52935,0.51768,0.07255,0.05651,0.01823,0.04958,0.28545,0.02515,0.06854,0.19249,0.07474,0.29384,0.23587,0.10937,0.5556,0.11447,0.0988,0.35472,0.54648,0.17937,0.12687,0.15348,0.05651,0.07656,0.07474,0.02734,0.11557,0.01276,0.00729,0.02479,0.01276,0.00729,0.00547,0.11921,0.07875,0.08677,0.04375,0.05505,31.1072791243159
"Vancouver",2020-10-01,0.54635,0.04617,0.04434,0.36314,0.10993,0.15427,0.16709,0.15683,0.18065,0.23122,0.4771,0.5229,0.51228,0.06999,0.05753,0.02052,0.04984,0.28985,0.02528,0.06742,0.19348,0.07915,0.28289,0.24331,0.10846,0.56101,0.11286,0.10333,0.34921,0.54745,0.18835,0.12276,0.1583,0.05936,0.07585,0.06999,0.01649,0.11579,0.00989,0.00879,0.02565,0.01539,0.0044,0.00257,0.12642,0.08428,0.08135,0.04177,0.0524,30.8563260706236
"Vancouver",2020-11-01,0.56416,0.04314,0.04646,0.34624,0.11726,0.15155,0.17109,0.16409,0.17183,0.22419,0.47419,0.52581,0.51364,0.06969,0.05642,0.02065,0.05162,0.28798,0.02471,0.07633,0.191,0.08075,0.27065,0.24926,0.1073,0.56674,0.11615,0.10546,0.34255,0.55199,0.18879,0.12795,0.18252,0.04425,0.07928,0.07153,0.01549,0.10619,0.0059,0.00885,0.02323,0.01401,0.0059,0.00737,0.11873,0.08186,0.08813,0.04794,0.04646,30.9573165307635
"Vancouver",2020-12-01,0.55774,0.04478,0.03771,0.35978,0.1139,0.14768,0.17321,0.16418,0.16654,0.23449,0.47526,0.52474,0.52278,0.07031,0.05499,0.01807,0.05145,0.2824,0.02592,0.07738,0.19324,0.07581,0.27455,0.24352,0.10958,0.55656,0.11822,0.10841,0.34525,0.54635,0.18853,0.13354,0.17753,0.04831,0.0762,0.07581,0.01375,0.11548,0.00589,0.00825,0.01728,0.01296,0.00589,0.00589,0.11469,0.07345,0.09034,0.04988,0.04713,30.9377528089888
