"GEO","Date","Employed_working","Employed_absent","Unemployed","Not_in_LF","16_to_24_years","25_to_34_years","35_to_44_years","45_to_54_years","55_to_64_years","over_65_years","Male","Female","Married","Common_Law","Widowed","Separated","Divorced","Single","Minimal_Educ","Some_High_School","High_School","Some_Postsecondary","Postsecondary","Bachelors","Above_Bachelors","Employee","Self_Employed","Unattached","Couple/Dual/no_kid","Couple/Dual/young_kid","Couple/Dual/old_kid","Couple/Single_earn/no_kid","Couple/Single_earn/young_kid","Couple/Single_earn/old_kid","Couple/Non_earn/no_kid","Couple/Non_earn/young_kid","Couple/Non_earn/old_kid","Lone/Empl/young_kid","Lone/Empl/old_kid","Lone/Unempl/young_kid","Lone/Unempl/old_kid","Other_Fam","YKID_newborn_preK","YKID_schoolage","YKID_Teen","YKID_adult","HRLYEARN"
"Alberta",2014-01-01,0.62645,0.04566,0.03385,0.29404,0.16464,0.19452,0.16565,0.18659,0.14905,0.13955,0.50184,0.49816,0.50747,0.09878,0.03699,0.02204,0.05303,0.28168,0.03616,0.15191,0.24737,0.06862,0.3123,0.13817,0.04547,0.63521,0.11871,0.18723,0.1591,0.19074,0.04556,0.08965,0.09334,0.01835,0.07582,0.00729,0.00157,0.03025,0.01125,0.01098,0.00397,0.07489,0.12728,0.07388,0.05414,0.04363,28.108889623265
"Alberta",2014-02-01,0.63302,0.04666,0.03404,0.28627,0.16336,0.19722,0.16614,0.18599,0.14991,0.13738,0.50111,0.49889,0.5026,0.10148,0.03738,0.02282,0.05288,0.28284,0.03664,0.15186,0.24369,0.06763,0.31605,0.13766,0.04647,0.63942,0.11874,0.19026,0.16308,0.19276,0.04434,0.08636,0.08701,0.01883,0.07449,0.00807,0.00148,0.03182,0.01187,0.01122,0.00417,0.07421,0.12514,0.07468,0.05547,0.04341,27.9086547306176
"Alberta",2014-03-01,0.63937,0.03913,0.03784,0.28365,0.15839,0.19946,0.16921,0.1829,0.15432,0.13572,0.50495,0.49505,0.50615,0.10399,0.03701,0.02341,0.05144,0.27801,0.03617,0.14951,0.24554,0.06402,0.31946,0.136,0.04931,0.63863,0.12027,0.18549,0.16634,0.19512,0.04209,0.08872,0.08724,0.01804,0.07457,0.00833,0.00204,0.03257,0.01286,0.00999,0.00426,0.07235,0.12675,0.07568,0.05505,0.04228,27.9118894918599
"Alberta",2014-04-01,0.61572,0.0576,0.03597,0.29072,0.1521,0.19219,0.1714,0.17954,0.16034,0.14442,0.50567,0.49433,0.5037,0.10415,0.0384,0.02388,0.05526,0.27461,0.03671,0.15107,0.24398,0.06369,0.31835,0.13693,0.04926,0.6337,0.12082,0.19228,0.16072,0.19462,0.04533,0.0916,0.08298,0.01536,0.07783,0.0089,0.00122,0.03231,0.01377,0.01068,0.0029,0.0695,0.12466,0.07614,0.05329,0.04224,28.1400940702167
"Alberta",2014-05-01,0.63967,0.04816,0.03359,0.27858,0.14875,0.19218,0.17279,0.17364,0.16635,0.14629,0.50322,0.49678,0.50511,0.10522,0.03899,0.02394,0.0545,0.27224,0.03728,0.15273,0.23969,0.06094,0.32116,0.13654,0.05167,0.63465,0.1215,0.19143,0.16238,0.19389,0.04646,0.09112,0.0862,0.01429,0.07646,0.00766,0.00142,0.03047,0.01751,0.01069,0.00199,0.06804,0.12263,0.07674,0.05403,0.04381,27.71481309957
"Alberta",2014-06-01,0.6511,0.04755,0.0318,0.26956,0.15597,0.19199,0.16967,0.17201,0.16854,0.14181,0.50403,0.49597,0.49878,0.10083,0.04042,0.02373,0.05506,0.28119,0.03864,0.15288,0.23935,0.05928,0.32339,0.13178,0.05468,0.63665,0.12596,0.19593,0.16338,0.19058,0.04999,0.08798,0.08488,0.01351,0.07119,0.00553,0.00159,0.02964,0.01735,0.01069,0.00169,0.07606,0.11761,0.07213,0.05506,0.04502,27.7064386448371
"Alberta",2014-07-01,0.6054,0.08494,0.03495,0.27472,0.15651,0.19352,0.17146,0.16903,0.16324,0.14623,0.50243,0.49757,0.49822,0.10017,0.04121,0.02261,0.05279,0.28499,0.03971,0.1496,0.24341,0.05793,0.3219,0.12727,0.06018,0.63446,0.12353,0.19884,0.15511,0.1724,0.05214,0.0912,0.09409,0.01701,0.07746,0.00477,0.00252,0.03009,0.01617,0.01261,0.00206,0.07354,0.11577,0.07017,0.05195,0.04775,27.7161013071895
"Alberta",2014-08-01,0.59186,0.09295,0.04134,0.27385,0.15877,0.19456,0.1712,0.16555,0.16244,0.14747,0.50504,0.49496,0.49845,0.09615,0.04313,0.021,0.05283,0.28845,0.03955,0.14804,0.24494,0.05782,0.32122,0.12788,0.06055,0.63311,0.12252,0.20341,0.15557,0.16979,0.04803,0.08796,0.09747,0.01846,0.07694,0.00499,0.00226,0.02919,0.01667,0.01262,0.00433,0.07232,0.11517,0.06818,0.05434,0.04709,27.5574221854305
"Alberta",2014-09-01,0.63525,0.04557,0.02912,0.29006,0.15572,0.19419,0.17273,0.16385,0.16044,0.15307,0.50024,0.49976,0.50383,0.09587,0.04245,0.01881,0.05313,0.2859,0.03914,0.15146,0.24307,0.05474,0.32334,0.12764,0.0606,0.63024,0.11998,0.19864,0.1646,0.18266,0.04567,0.08405,0.08925,0.01863,0.07441,0.00671,0.00199,0.02931,0.01683,0.01144,0.00189,0.07393,0.11913,0.06958,0.05465,0.04349,27.7337925851703
"Alberta",2014-10-01,0.64025,0.04145,0.02973,0.28857,0.15662,0.19647,0.16946,0.16928,0.15605,0.15211,0.50239,0.49761,0.50333,0.09622,0.04164,0.01829,0.05092,0.2896,0.03648,0.15127,0.24759,0.05514,0.32195,0.12783,0.05974,0.626,0.12454,0.19694,0.16159,0.18053,0.04933,0.08637,0.08656,0.01801,0.07653,0.00675,0.00291,0.02945,0.01632,0.01116,0.0015,0.07606,0.11892,0.06921,0.05196,0.04577,27.7553391101483
"Alberta",2014-11-01,0.63344,0.04659,0.02927,0.2907,0.15439,0.19772,0.16883,0.17065,0.15583,0.15257,0.50239,0.49761,0.5043,0.09556,0.04094,0.01923,0.05366,0.2863,0.03434,0.15181,0.24373,0.05653,0.32552,0.12866,0.0594,0.62713,0.12062,0.19677,0.16166,0.1829,0.04745,0.0838,0.08054,0.01875,0.08131,0.00478,0.00297,0.03109,0.0155,0.0111,0.00134,0.08007,0.11986,0.06906,0.0506,0.04438,27.5812112485177
"Alberta",2014-12-01,0.62969,0.04237,0.03405,0.2939,0.15618,0.19243,0.1689,0.17081,0.15675,0.15493,0.50105,0.49895,0.50029,0.09851,0.04084,0.0176,0.05432,0.28845,0.03539,0.15187,0.24646,0.05671,0.32651,0.1251,0.05796,0.62395,0.11993,0.19309,0.15637,0.18009,0.04581,0.08866,0.08655,0.01779,0.08206,0.00631,0.00363,0.0328,0.01492,0.00995,0.00411,0.07785,0.11897,0.07249,0.05136,0.04371,27.9596464733139
"Alberta",2015-01-01,0.61691,0.04792,0.03517,0.3,0.15169,0.19333,0.16821,0.17469,0.15449,0.15758,0.50232,0.49768,0.5057,0.10097,0.04116,0.01884,0.05353,0.27981,0.03797,0.1513,0.24551,0.05729,0.3229,0.12734,0.05768,0.62338,0.11913,0.18899,0.1571,0.1857,0.04222,0.08599,0.08957,0.01932,0.0856,0.00502,0.00367,0.03237,0.01469,0.01014,0.00454,0.07507,0.12126,0.07208,0.05333,0.043,28.3211431079895
"Alberta",2015-02-01,0.60508,0.05918,0.04312,0.29261,0.15156,0.1943,0.17045,0.17415,0.15409,0.15546,0.50423,0.49577,0.50423,0.10094,0.04088,0.02112,0.05364,0.27918,0.04001,0.15098,0.24647,0.0549,0.3223,0.12849,0.05685,0.62932,0.11876,0.18807,0.15682,0.17765,0.04419,0.08274,0.09491,0.02122,0.08196,0.00691,0.00263,0.03534,0.01421,0.01081,0.0037,0.07885,0.12791,0.07388,0.04887,0.04458,28.6233859244815
"Alberta",2015-03-01,0.61784,0.04603,0.04613,0.29,0.14915,0.19928,0.17269,0.17393,0.15496,0.15,0.50329,0.49671,0.51234,0.09787,0.04022,0.02192,0.05203,0.27561,0.04088,0.14638,0.24836,0.05385,0.32069,0.13142,0.05842,0.63728,0.11531,0.18164,0.15124,0.17755,0.04489,0.08596,0.10064,0.0182,0.08263,0.00858,0.00267,0.03507,0.01515,0.01077,0.00381,0.0812,0.13266,0.07624,0.04727,0.04374,28.6588053021174
"Alberta",2015-04-01,0.61611,0.05062,0.04865,0.28462,0.1511,0.19629,0.17637,0.17281,0.15372,0.1497,0.50243,0.49757,0.51226,0.09684,0.04126,0.02227,0.05127,0.2761,0.04454,0.1468,0.24411,0.05324,0.31952,0.13473,0.05707,0.63997,0.11508,0.18292,0.15167,0.19106,0.04519,0.08393,0.096,0.01778,0.07841,0.00889,0.00215,0.03406,0.01441,0.01095,0.00346,0.07915,0.13211,0.07972,0.05006,0.04304,29.1147137083193
"Alberta",2015-05-01,0.62593,0.0486,0.04722,0.27824,0.15024,0.19524,0.17947,0.17274,0.14987,0.15245,0.50152,0.49848,0.51176,0.09656,0.04316,0.02361,0.05192,0.27299,0.04482,0.14452,0.24375,0.04906,0.32629,0.13529,0.05626,0.63838,0.11454,0.18122,0.15088,0.19967,0.04325,0.08144,0.09702,0.01918,0.07738,0.00775,0.00258,0.03772,0.01291,0.01024,0.0036,0.07516,0.13437,0.08097,0.0534,0.04298,29.2980245098039
"Alberta",2015-06-01,0.62632,0.04993,0.04256,0.28119,0.15194,0.19561,0.18189,0.17191,0.1482,0.15044,0.50098,0.49902,0.52039,0.09491,0.04041,0.02221,0.05077,0.2713,0.0419,0.14176,0.2434,0.04872,0.32636,0.14148,0.05637,0.6392,0.11059,0.17667,0.14774,0.19981,0.04676,0.08362,0.09902,0.021,0.07989,0.01036,0.00215,0.03752,0.01344,0.0098,0.00289,0.06934,0.13887,0.08231,0.05245,0.04582,29.3133229661156
"Alberta",2015-07-01,0.59027,0.0846,0.04912,0.27601,0.15418,0.19519,0.18321,0.17086,0.1492,0.14736,0.50143,0.49857,0.51894,0.0928,0.03981,0.02341,0.05096,0.27408,0.04193,0.14349,0.24514,0.04709,0.32403,0.14109,0.05723,0.64031,0.1128,0.17657,0.14616,0.18754,0.04331,0.08958,0.10921,0.02405,0.07907,0.00977,0.00286,0.03677,0.01281,0.00977,0.00286,0.06967,0.13538,0.08349,0.05216,0.04636,29.3847320558623
"Alberta",2015-08-01,0.57212,0.10509,0.04957,0.27321,0.15522,0.19281,0.17653,0.17424,0.15403,0.14717,0.50288,0.49712,0.52355,0.08909,0.04006,0.02213,0.05204,0.27312,0.03787,0.14388,0.24641,0.04829,0.32406,0.1415,0.05799,0.64109,0.11177,0.17461,0.14397,0.19171,0.04619,0.09302,0.11049,0.0193,0.07628,0.00887,0.0021,0.03558,0.01454,0.00988,0.00284,0.07061,0.13308,0.08269,0.05662,0.04555,29.4059929305913
"Alberta",2015-09-01,0.62834,0.04566,0.04357,0.28243,0.15354,0.18883,0.17782,0.17664,0.1549,0.14826,0.50282,0.49718,0.52174,0.09532,0.0412,0.02147,0.05194,0.26833,0.03747,0.14344,0.24077,0.04903,0.33082,0.14008,0.0584,0.63735,0.1147,0.17209,0.15463,0.20984,0.0422,0.08996,0.0936,0.01828,0.07904,0.00609,0.00218,0.03584,0.0141,0.00855,0.00418,0.0694,0.13153,0.08186,0.05703,0.04384,29.5055661290323
"Alberta",2015-10-01,0.61751,0.04209,0.04629,0.2941,0.15121,0.18682,0.17449,0.17376,0.16161,0.15212,0.49918,0.50082,0.52538,0.09286,0.04182,0.02009,0.05122,0.26863,0.03771,0.14363,0.23767,0.05004,0.32999,0.13842,0.06255,0.62454,0.11687,0.17065,0.15376,0.19768,0.03753,0.09222,0.10089,0.01881,0.08583,0.00667,0.00274,0.03543,0.01351,0.00968,0.00329,0.07131,0.12893,0.08391,0.0546,0.04118,29.5449541284404
"Alberta",2015-11-01,0.60717,0.04808,0.05121,0.29354,0.15078,0.18209,0.17767,0.17353,0.16782,0.14811,0.49848,0.50152,0.52381,0.09321,0.0408,0.02183,0.05296,0.26739,0.03574,0.14571,0.23717,0.05425,0.32882,0.13825,0.06005,0.62273,0.11808,0.17519,0.15382,0.19646,0.03905,0.09201,0.098,0.01989,0.0863,0.00783,0.00157,0.03325,0.01317,0.00875,0.00433,0.07037,0.12361,0.08419,0.05526,0.042,29.6276069246436
"Alberta",2015-12-01,0.60637,0.04296,0.05164,0.29903,0.15017,0.18071,0.17557,0.17314,0.16931,0.1511,0.49514,0.50486,0.52297,0.09498,0.04249,0.02279,0.05445,0.26233,0.03941,0.144,0.23702,0.05304,0.32733,0.13896,0.06024,0.61608,0.12271,0.17445,0.15297,0.18902,0.04006,0.09217,0.10273,0.0197,0.08713,0.00943,0.00121,0.03297,0.01363,0.00869,0.00448,0.07135,0.1243,0.08386,0.05267,0.04277,29.5771872803935
"British Columbia",2014-01-01,0.52748,0.04576,0.04939,0.37737,0.13715,0.14752,0.14532,0.17319,0.18343,0.21338,0.49157,0.50843,0.49754,0.10319,0.05445,0.02658,0.06922,0.24903,0.03396,0.13547,0.23088,0.09774,0.32655,0.11719,0.05821,0.5538,0.10436,0.2078,0.13482,0.15893,0.03928,0.091,0.07039,0.01361,0.14363,0.00765,0.00259,0.03539,0.01698,0.0162,0.00506,0.05665,0.098,0.07013,0.05082,0.04148,24.0829754098361
"British Columbia",2014-02-01,0.5309,0.04342,0.04702,0.37866,0.13705,0.14318,0.14198,0.17222,0.1882,0.21737,0.48948,0.51052,0.49867,0.10416,0.05474,0.0277,0.07179,0.24294,0.0341,0.13519,0.22403,0.09576,0.33271,0.11494,0.06327,0.55008,0.10642,0.20525,0.12946,0.16369,0.04835,0.09776,0.06233,0.01172,0.14145,0.01172,0.00293,0.0349,0.01692,0.01465,0.00506,0.05381,0.09976,0.06686,0.05101,0.04595,24.1327259966311
"British Columbia",2014-03-01,0.52208,0.05592,0.04257,0.37943,0.13485,0.14701,0.14291,0.16975,0.18654,0.21893,0.48347,0.51653,0.49709,0.101,0.05539,0.02829,0.07179,0.24643,0.03556,0.13511,0.22951,0.09519,0.32232,0.11766,0.06465,0.54825,0.1055,0.20981,0.12797,0.16631,0.04389,0.09664,0.06465,0.01375,0.14199,0.00925,0.00132,0.03768,0.01679,0.0119,0.00516,0.05288,0.09664,0.06941,0.04984,0.0431,24.2555848115299
"British Columbia",2014-04-01,0.52118,0.0449,0.0429,0.39102,0.13404,0.14446,0.14192,0.16491,0.18589,0.22879,0.48109,0.51891,0.49218,0.1021,0.06014,0.02753,0.07136,0.24669,0.03769,0.13511,0.22879,0.09675,0.32273,0.11466,0.06428,0.5316,0.11025,0.21208,0.12695,0.16411,0.0441,0.09167,0.06388,0.01283,0.14967,0.00695,0.00134,0.03809,0.01457,0.0127,0.00521,0.05586,0.09141,0.06856,0.05132,0.04156,24.125488547405
"British Columbia",2014-05-01,0.53524,0.0424,0.04467,0.37769,0.13508,0.14003,0.14217,0.16517,0.18604,0.23151,0.48161,0.51839,0.49325,0.10378,0.05965,0.02675,0.06727,0.2493,0.03825,0.13401,0.23044,0.09202,0.325,0.11555,0.06473,0.54179,0.10392,0.21345,0.12559,0.16638,0.04962,0.09817,0.05457,0.01485,0.14846,0.00575,0.00227,0.03491,0.01578,0.01444,0.00361,0.05216,0.08546,0.06928,0.05002,0.04601,23.8992550223214
"British Columbia",2014-06-01,0.52282,0.05421,0.03801,0.38496,0.13385,0.13211,0.14028,0.16557,0.19208,0.23611,0.48414,0.51586,0.50154,0.10414,0.05863,0.02905,0.06492,0.24173,0.04069,0.13452,0.23116,0.08807,0.32392,0.11658,0.06505,0.53447,0.11016,0.20774,0.12729,0.16624,0.05086,0.09878,0.05649,0.01419,0.15339,0.00616,0.00428,0.03587,0.01392,0.01231,0.00201,0.05046,0.08218,0.07067,0.05086,0.04604,23.8459235127479
"British Columbia",2014-07-01,0.50101,0.07159,0.04169,0.38571,0.13031,0.13474,0.13594,0.16745,0.19292,0.23864,0.48411,0.51589,0.50382,0.10122,0.0602,0.03016,0.06596,0.23864,0.03928,0.13138,0.23328,0.08781,0.32873,0.11583,0.06368,0.52996,0.11034,0.21169,0.13031,0.15552,0.04625,0.09546,0.06087,0.0185,0.15739,0.00711,0.00335,0.03526,0.01207,0.0122,0.00201,0.05202,0.08285,0.06703,0.05095,0.04424,23.761307208238
"British Columbia",2014-08-01,0.48873,0.08784,0.04086,0.38257,0.12503,0.13834,0.13291,0.17011,0.19237,0.24124,0.48588,0.51412,0.50149,0.101,0.06055,0.02987,0.06476,0.24233,0.03774,0.13332,0.23283,0.08539,0.3303,0.11716,0.06326,0.53136,0.11214,0.21884,0.13644,0.15178,0.04738,0.09449,0.06014,0.0148,0.15612,0.00882,0.00204,0.03217,0.01249,0.01222,0.00163,0.05064,0.08403,0.06761,0.04928,0.04236,24.0935825635104
"British Columbia",2014-09-01,0.51668,0.05546,0.03322,0.39464,0.12927,0.13423,0.13503,0.16785,0.1933,0.24032,0.48654,0.51346,0.50194,0.10208,0.05867,0.03081,0.06497,0.24153,0.03764,0.13516,0.23255,0.08881,0.33382,0.11226,0.05975,0.5278,0.11279,0.21688,0.14347,0.15633,0.04997,0.08868,0.05747,0.01313,0.1503,0.00844,0.00255,0.03081,0.01273,0.01393,0.00228,0.05305,0.08506,0.06818,0.0493,0.04354,24.1907929642445
"British Columbia",2014-10-01,0.53062,0.043,0.03102,0.39537,0.13072,0.13192,0.13458,0.1688,0.19263,0.24135,0.48655,0.51345,0.50679,0.10157,0.05431,0.03009,0.06443,0.24281,0.03714,0.13592,0.23669,0.08746,0.33293,0.11182,0.05804,0.53421,0.11315,0.21153,0.14124,0.15469,0.04433,0.09811,0.0599,0.01771,0.14617,0.00825,0.00253,0.03275,0.01238,0.01145,0.00373,0.05524,0.08573,0.06869,0.04806,0.04406,24.1560177244139
"British Columbia",2014-11-01,0.52655,0.04871,0.03376,0.39098,0.1309,0.13517,0.13411,0.16707,0.19429,0.23846,0.47985,0.52015,0.5024,0.10488,0.05551,0.03056,0.06805,0.23859,0.0363,0.13731,0.24126,0.08727,0.33267,0.10942,0.05578,0.53176,0.11903,0.20923,0.14011,0.15559,0.04724,0.09821,0.06232,0.01388,0.14318,0.00761,0.0028,0.03389,0.01228,0.01241,0.00427,0.05698,0.09021,0.06819,0.04804,0.04363,24.3973477633478
"British Columbia",2014-12-01,0.53292,0.04434,0.02997,0.39277,0.13034,0.13961,0.13303,0.16582,0.19377,0.23744,0.47756,0.52244,0.50282,0.10306,0.05563,0.02997,0.06907,0.23945,0.03574,0.13478,0.24577,0.08721,0.3315,0.11045,0.05456,0.53252,0.11677,0.21043,0.14364,0.14888,0.04313,0.09876,0.06584,0.01787,0.14109,0.00739,0.0039,0.03507,0.01048,0.01008,0.00551,0.05791,0.09245,0.06732,0.04394,0.04394,24.6065743944637
"British Columbia",2015-01-01,0.5273,0.04581,0.03635,0.39054,0.13311,0.13946,0.13568,0.16743,0.18865,0.23568,0.47946,0.52054,0.49432,0.10811,0.05473,0.03014,0.06905,0.24365,0.03595,0.13811,0.24419,0.08581,0.325,0.11176,0.05919,0.53338,0.11878,0.20946,0.14649,0.15311,0.03568,0.09608,0.06162,0.01959,0.14189,0.01027,0.00297,0.03446,0.01135,0.01297,0.005,0.05905,0.08716,0.07243,0.04527,0.04041,24.7832252358491
"British Columbia",2015-02-01,0.52718,0.04523,0.04308,0.38451,0.13179,0.14213,0.14334,0.16575,0.18534,0.23165,0.48504,0.51496,0.49899,0.10723,0.05583,0.0302,0.0663,0.24144,0.03583,0.13394,0.24346,0.08737,0.32707,0.11381,0.05852,0.53872,0.11408,0.20346,0.13931,0.15662,0.04026,0.10066,0.06737,0.01758,0.14065,0.00805,0.00174,0.03355,0.01221,0.01127,0.0055,0.06174,0.08831,0.07301,0.04791,0.04174,24.9564003486345
"British Columbia",2015-03-01,0.5107,0.07048,0.04134,0.37748,0.13374,0.14477,0.14319,0.16406,0.18611,0.22811,0.48025,0.51975,0.49468,0.10946,0.05644,0.02861,0.06707,0.24373,0.03413,0.13466,0.24386,0.0861,0.32747,0.11642,0.05736,0.54469,0.11708,0.20501,0.13926,0.16367,0.0378,0.10277,0.06825,0.01785,0.13414,0.00801,0.00276,0.03294,0.01299,0.0105,0.00551,0.05854,0.08925,0.0714,0.05132,0.04108,24.8039063376332
"British Columbia",2015-04-01,0.53048,0.04543,0.03965,0.38445,0.13037,0.1527,0.14218,0.16258,0.18517,0.227,0.47902,0.52098,0.49288,0.11331,0.05697,0.02939,0.06737,0.24009,0.034,0.13371,0.24586,0.08277,0.32773,0.11959,0.05633,0.53869,0.11844,0.21019,0.13538,0.16361,0.03901,0.10509,0.07378,0.01796,0.13166,0.00552,0.00334,0.03323,0.01347,0.01039,0.00552,0.05184,0.09624,0.07019,0.05017,0.04196,24.981290591174
"British Columbia",2015-05-01,0.54174,0.05089,0.03864,0.36873,0.13032,0.14737,0.14509,0.16631,0.18626,0.22465,0.48137,0.51863,0.49287,0.11365,0.05771,0.0293,0.06731,0.23917,0.03372,0.1355,0.24485,0.08044,0.33325,0.11567,0.05657,0.53833,0.12274,0.20975,0.13966,0.17553,0.04054,0.09761,0.06756,0.01768,0.13095,0.0053,0.00227,0.03157,0.01364,0.00884,0.00518,0.05392,0.09585,0.07059,0.0514,0.04155,24.6518851369317
"British Columbia",2015-06-01,0.55713,0.04489,0.03628,0.3617,0.13209,0.14672,0.14955,0.17193,0.18337,0.21633,0.48407,0.51593,0.49453,0.1129,0.05743,0.02952,0.06777,0.23786,0.03112,0.13295,0.24536,0.07969,0.33649,0.11721,0.05719,0.54298,0.12569,0.206,0.13578,0.18608,0.04108,0.09888,0.069,0.01685,0.1252,0.0059,0.00209,0.03444,0.01427,0.00812,0.00578,0.05055,0.09765,0.07391,0.05743,0.04169,24.786333078686
"British Columbia",2015-07-01,0.51852,0.07949,0.0452,0.35679,0.13176,0.14782,0.14698,0.16653,0.18919,0.21772,0.48699,0.51301,0.49287,0.11318,0.05791,0.02877,0.06666,0.24062,0.03213,0.1326,0.25153,0.07709,0.33185,0.12013,0.05467,0.55173,0.11761,0.21208,0.13356,0.17804,0.04028,0.09867,0.07253,0.01583,0.12912,0.00683,0.00264,0.03405,0.01175,0.00983,0.00468,0.05011,0.09471,0.07014,0.05959,0.04004,24.4948631994084
"British Columbia",2015-08-01,0.50611,0.08956,0.04431,0.36001,0.1287,0.14763,0.14857,0.16737,0.19041,0.21732,0.48425,0.51575,0.49659,0.11495,0.05701,0.02891,0.06606,0.23648,0.03209,0.13176,0.25599,0.07381,0.33063,0.12071,0.05501,0.55242,0.11777,0.20898,0.14046,0.17689,0.0382,0.09344,0.07311,0.01681,0.13282,0.00693,0.00106,0.0322,0.01199,0.0114,0.00423,0.05148,0.09897,0.06982,0.05771,0.03832,24.7584239922292
"British Columbia",2015-09-01,0.5415,0.05127,0.03896,0.36827,0.13037,0.14979,0.14162,0.1698,0.19065,0.21776,0.48407,0.51593,0.49994,0.11083,0.05779,0.02937,0.06548,0.23659,0.03102,0.12836,0.25648,0.0746,0.32789,0.12374,0.0579,0.55169,0.11604,0.20959,0.14612,0.17738,0.04263,0.09485,0.06181,0.01409,0.13416,0.00438,0.00189,0.03375,0.01362,0.00876,0.00391,0.05305,0.09556,0.06773,0.05388,0.04073,25.1014524453183
"British Columbia",2015-10-01,0.54269,0.04882,0.04104,0.36745,0.13656,0.14316,0.13667,0.17205,0.19068,0.22087,0.4842,0.5158,0.502,0.10413,0.0605,0.02818,0.06627,0.23892,0.03007,0.12854,0.25519,0.07866,0.32547,0.123,0.05908,0.55059,0.11781,0.20932,0.14882,0.16934,0.04139,0.09469,0.06344,0.01215,0.13585,0.00425,0.00354,0.03573,0.01545,0.00837,0.00554,0.05212,0.08962,0.06745,0.05531,0.04151,24.6185373647984
"British Columbia",2015-11-01,0.53446,0.04788,0.04209,0.37558,0.13796,0.14056,0.13678,0.17331,0.18986,0.22154,0.48469,0.51531,0.50053,0.10439,0.06041,0.02778,0.06561,0.24128,0.02695,0.12697,0.25748,0.07897,0.3251,0.12507,0.05946,0.54392,0.11656,0.20818,0.14044,0.17082,0.04102,0.09978,0.05935,0.01383,0.14044,0.00544,0.00319,0.03617,0.01537,0.01064,0.00461,0.05072,0.09044,0.06939,0.05556,0.04149,24.9714902157551
"British Columbia",2015-12-01,0.54337,0.03819,0.04349,0.37494,0.13904,0.14024,0.13458,0.17229,0.19012,0.22373,0.48217,0.51783,0.49807,0.10651,0.06205,0.02735,0.06398,0.24205,0.02904,0.12494,0.26554,0.08024,0.32072,0.12361,0.0559,0.54795,0.11506,0.20711,0.14711,0.15928,0.04217,0.09458,0.06675,0.01337,0.1412,0.00482,0.0041,0.03627,0.01361,0.01157,0.00494,0.05313,0.08976,0.06735,0.05373,0.04193,25.0746913265306
"Montreal",2014-01-01,0.54295,0.04515,0.05264,0.35925,0.16167,0.15705,0.16784,0.1793,0.13744,0.1967,0.47819,0.52181,0.3522,0.18392,0.05264,0.02445,0.06013,0.32665,0.0804,0.11079,0.16366,0.06982,0.33084,0.16718,0.07731,0.57907,0.087,0.21894,0.09824,0.18744,0.06806,0.0652,0.04581,0.02952,0.11079,0.0196,0.00154,0.04449,0.02577,0.01189,0.00352,0.06916,0.10176,0.07687,0.05286,0.0663,23.2875970344527
"Montreal",2014-02-01,0.5414,0.04303,0.05847,0.3571,0.1604,0.15801,0.16866,0.1767,0.13845,0.19778,0.48272,0.51728,0.35905,0.18561,0.05281,0.02391,0.05912,0.3195,0.0802,0.10932,0.16236,0.07194,0.3271,0.17279,0.07629,0.57966,0.08542,0.21821,0.09933,0.18344,0.0602,0.07238,0.05803,0.0313,0.10454,0.02043,0.00174,0.03977,0.02108,0.01282,0.00435,0.07238,0.10259,0.08063,0.05325,0.06173,23.5646545768567
"Montreal",2014-03-01,0.54308,0.04025,0.05657,0.3601,0.15492,0.14752,0.17058,0.18342,0.14643,0.19713,0.48477,0.51523,0.36945,0.18364,0.05113,0.02154,0.06136,0.31288,0.08007,0.11118,0.16144,0.07115,0.32463,0.17493,0.07659,0.57419,0.08529,0.21279,0.09661,0.1832,0.06614,0.07659,0.05374,0.0322,0.10901,0.02132,0.00261,0.04199,0.0161,0.01001,0.00435,0.07332,0.09661,0.08203,0.05483,0.06462,23.8269580268282
"Montreal",2014-04-01,0.54269,0.04191,0.05405,0.36135,0.15442,0.14714,0.16612,0.1831,0.15156,0.19766,0.48555,0.51445,0.37128,0.18553,0.04765,0.01963,0.05824,0.31767,0.07854,0.10589,0.16148,0.07412,0.3298,0.16898,0.08118,0.57159,0.08714,0.21222,0.09729,0.18023,0.06442,0.07324,0.06,0.03066,0.11846,0.01632,0.00331,0.03839,0.0161,0.01125,0.00485,0.07324,0.09729,0.08096,0.05471,0.06353,23.7983692307692
"Montreal",2014-05-01,0.56506,0.03176,0.05007,0.35311,0.15726,0.15682,0.16034,0.17887,0.15064,0.19607,0.48544,0.51456,0.37097,0.18461,0.04521,0.02228,0.05757,0.31936,0.07278,0.10543,0.16299,0.073,0.33216,0.16961,0.08403,0.57896,0.08822,0.21217,0.10873,0.18019,0.06286,0.0708,0.05801,0.02779,0.12131,0.01213,0.00221,0.04191,0.01434,0.01323,0.00551,0.06881,0.0966,0.08028,0.0547,0.05955,23.5536703958692
"Montreal",2014-06-01,0.55561,0.04912,0.05458,0.34069,0.15511,0.15715,0.15556,0.18035,0.1567,0.19513,0.4867,0.5133,0.36343,0.18581,0.04435,0.02343,0.06118,0.32181,0.07369,0.10484,0.16534,0.0705,0.3325,0.16852,0.0846,0.58472,0.0871,0.21765,0.1128,0.16625,0.06914,0.07846,0.05617,0.02229,0.11098,0.01296,0.00387,0.04526,0.01365,0.01183,0.00569,0.073,0.0937,0.07414,0.05504,0.0605,23.6817526223776
"Montreal",2014-07-01,0.49601,0.10787,0.05884,0.33729,0.15485,0.15393,0.15485,0.18358,0.15986,0.19293,0.49054,0.50946,0.36374,0.18518,0.0431,0.026,0.06249,0.3195,0.07092,0.10239,0.16465,0.06956,0.33751,0.16534,0.08962,0.58791,0.08552,0.21847,0.1122,0.15553,0.06249,0.07685,0.07184,0.02281,0.11448,0.01231,0.00342,0.04561,0.01619,0.013,0.00753,0.06727,0.09692,0.0748,0.05382,0.05998,23.1664351245085
"Montreal",2014-08-01,0.48212,0.12743,0.055,0.33545,0.15527,0.15822,0.15822,0.18289,0.15731,0.18809,0.48823,0.51177,0.35242,0.19081,0.04799,0.02603,0.06134,0.32141,0.0713,0.10389,0.16636,0.06745,0.33567,0.16999,0.08533,0.58782,0.08963,0.22069,0.11453,0.17406,0.06315,0.07085,0.06383,0.01924,0.10638,0.01177,0.00294,0.04595,0.01652,0.01381,0.00702,0.06926,0.10186,0.07605,0.05613,0.05727,23.4461385281385
"Montreal",2014-09-01,0.56475,0.03932,0.04927,0.34667,0.16045,0.16294,0.15503,0.17944,0.15797,0.18418,0.48746,0.51254,0.35435,0.18237,0.04814,0.02734,0.05944,0.32836,0.06893,0.09966,0.16294,0.07209,0.33695,0.17198,0.08746,0.59367,0.08814,0.22599,0.11277,0.17379,0.06237,0.06915,0.06644,0.01582,0.10282,0.01175,0.00542,0.04701,0.0174,0.01356,0.00836,0.06734,0.10508,0.07548,0.05605,0.05785,23.7135148083624
"Montreal",2014-10-01,0.5581,0.04338,0.04967,0.34884,0.16386,0.16206,0.15846,0.17847,0.15082,0.18633,0.48505,0.51495,0.35356,0.18184,0.04878,0.02675,0.06181,0.32726,0.06878,0.1016,0.16004,0.07013,0.33581,0.18386,0.07979,0.59721,0.08541,0.22454,0.11149,0.17622,0.06024,0.06316,0.06743,0.01753,0.10564,0.01101,0.00472,0.04698,0.01663,0.01528,0.00742,0.0717,0.10722,0.07597,0.05529,0.05642,23.6399480519481
"Montreal",2014-11-01,0.55884,0.0413,0.05351,0.34636,0.16985,0.15542,0.15453,0.18095,0.14853,0.19072,0.48313,0.51687,0.35613,0.18317,0.04751,0.02487,0.0615,0.32682,0.06661,0.0988,0.16408,0.07038,0.33948,0.18162,0.07904,0.6008,0.08037,0.21869,0.11412,0.17185,0.07371,0.06128,0.06905,0.01687,0.10568,0.0111,0.00444,0.04307,0.01687,0.01665,0.00688,0.06972,0.10613,0.07438,0.05262,0.06283,23.5305106382979
"Montreal",2014-12-01,0.55514,0.0405,0.04755,0.35681,0.16707,0.15188,0.15981,0.18358,0.15188,0.18578,0.48624,0.51376,0.36848,0.1849,0.04777,0.02641,0.05943,0.31301,0.0656,0.10125,0.16597,0.07154,0.3348,0.18248,0.07836,0.5897,0.08915,0.21065,0.11314,0.18446,0.06868,0.06141,0.07088,0.02443,0.10654,0.01475,0.00484,0.03918,0.01607,0.01783,0.0066,0.06053,0.11644,0.0788,0.05195,0.06427,23.5003972366149
"Montreal",2015-01-01,0.54372,0.04249,0.05228,0.36151,0.16463,0.15195,0.1624,0.18176,0.1515,0.18776,0.48543,0.51457,0.37197,0.18954,0.04561,0.02558,0.05606,0.31123,0.07097,0.10234,0.16952,0.0703,0.33215,0.17798,0.07675,0.5822,0.08966,0.20133,0.10501,0.18331,0.07141,0.06941,0.07075,0.02492,0.11168,0.01357,0.00556,0.03737,0.01735,0.01891,0.00845,0.06096,0.11324,0.08076,0.05117,0.06808,23.7883823529412
"Montreal",2015-02-01,0.55022,0.04643,0.05079,0.35256,0.1664,0.15353,0.16364,0.18524,0.14893,0.18226,0.48311,0.51689,0.36819,0.18984,0.04321,0.02666,0.0547,0.3174,0.06895,0.10388,0.16456,0.0747,0.33326,0.17628,0.07837,0.58722,0.09101,0.20593,0.10457,0.18869,0.07584,0.06481,0.06665,0.02321,0.10825,0.01241,0.00598,0.03838,0.01655,0.01747,0.00827,0.06297,0.1117,0.08228,0.04918,0.06895,23.8003260869565
"Montreal",2015-03-01,0.55094,0.04355,0.05782,0.34769,0.16068,0.15846,0.16855,0.18209,0.14665,0.18356,0.48794,0.51206,0.37795,0.18209,0.04552,0.02362,0.05413,0.31668,0.07013,0.09867,0.16117,0.0748,0.33686,0.17938,0.07899,0.58588,0.09203,0.21161,0.10039,0.19464,0.07283,0.06644,0.06471,0.0219,0.10408,0.01353,0.00886,0.03789,0.01772,0.01698,0.00837,0.06004,0.11639,0.08317,0.04995,0.06988,23.7359844433641
"Montreal",2015-04-01,0.55186,0.04042,0.05872,0.34901,0.15328,0.15455,0.16955,0.18226,0.15531,0.18505,0.48805,0.51195,0.38155,0.18226,0.0483,0.02339,0.05186,0.31266,0.07524,0.10193,0.16319,0.07117,0.3302,0.17463,0.08363,0.58083,0.09024,0.2092,0.10193,0.18836,0.07067,0.07194,0.06431,0.02567,0.10346,0.01449,0.00839,0.03457,0.01881,0.01551,0.00966,0.06304,0.11057,0.08109,0.0516,0.07219,24.0490936555891
"Montreal",2015-05-01,0.56377,0.0426,0.05922,0.33441,0.14791,0.15943,0.1672,0.18596,0.15702,0.18248,0.48821,0.51179,0.38612,0.17953,0.04582,0.02197,0.0477,0.31886,0.07878,0.10316,0.16104,0.06752,0.3261,0.17524,0.08816,0.58173,0.09084,0.20793,0.10959,0.18998,0.06083,0.06726,0.06511,0.02412,0.10557,0.01608,0.00884,0.041,0.01929,0.01259,0.00804,0.06377,0.11763,0.07529,0.05493,0.06565,23.7327493540052
"Montreal",2015-06-01,0.56454,0.04475,0.06225,0.32846,0.144,0.14974,0.16781,0.19105,0.15835,0.18904,0.48594,0.51406,0.38382,0.18531,0.04561,0.02037,0.05106,0.31383,0.07602,0.09897,0.16179,0.05852,0.3428,0.17269,0.08921,0.58434,0.09036,0.2117,0.11388,0.1813,0.06311,0.07803,0.06311,0.01922,0.10442,0.01578,0.00947,0.03873,0.02094,0.01119,0.00631,0.06282,0.1113,0.07487,0.05364,0.06426,23.9356727073037
"Montreal",2015-07-01,0.51049,0.1046,0.05769,0.32721,0.14103,0.15472,0.16608,0.18939,0.15734,0.19143,0.48572,0.51428,0.37442,0.1958,0.04604,0.02185,0.05157,0.31031,0.07372,0.09732,0.1623,0.05973,0.33362,0.18386,0.08945,0.58829,0.09091,0.2197,0.11451,0.18531,0.05507,0.07867,0.06876,0.01719,0.10693,0.0134,0.00641,0.03759,0.01865,0.01282,0.00583,0.05915,0.11917,0.0778,0.0507,0.05507,24.0936961325967
"Montreal",2015-08-01,0.48801,0.11991,0.06414,0.32794,0.1358,0.15978,0.16845,0.18723,0.15978,0.18896,0.47905,0.52095,0.38139,0.19908,0.04276,0.01994,0.05259,0.30425,0.07252,0.09448,0.16007,0.05721,0.32678,0.19214,0.09679,0.58943,0.09564,0.21352,0.11702,0.18376,0.05374,0.0783,0.07454,0.01445,0.10835,0.01502,0.0052,0.03265,0.01589,0.01329,0.00722,0.06703,0.11557,0.08292,0.05259,0.05201,24.1243487982113
"Montreal",2015-09-01,0.5534,0.04426,0.05197,0.35037,0.13507,0.15848,0.16733,0.18589,0.15391,0.19931,0.48115,0.51885,0.38207,0.19617,0.04169,0.02142,0.05425,0.3044,0.0711,0.09623,0.16505,0.05454,0.32981,0.18675,0.09652,0.58195,0.08995,0.21588,0.1165,0.17647,0.05311,0.07738,0.0711,0.01599,0.12164,0.01057,0.00457,0.03484,0.01713,0.01456,0.00657,0.06368,0.11222,0.08138,0.04769,0.05283,24.7472498602571
"Montreal",2015-10-01,0.54814,0.04269,0.0533,0.35587,0.13381,0.15903,0.16991,0.17278,0.15616,0.20831,0.47794,0.52206,0.39713,0.18625,0.04298,0.02034,0.05587,0.29742,0.07192,0.09971,0.15817,0.05244,0.33123,0.19054,0.09599,0.5788,0.09026,0.22063,0.11834,0.17077,0.04842,0.07679,0.07564,0.02006,0.1255,0.00917,0.00372,0.03181,0.01519,0.01375,0.00344,0.06676,0.11203,0.08567,0.04241,0.04957,24.5001421262081
"Montreal",2015-11-01,0.55128,0.03936,0.05372,0.35564,0.13646,0.16547,0.17351,0.17122,0.15427,0.19908,0.47716,0.52284,0.39816,0.1784,0.04481,0.02068,0.05516,0.30279,0.06952,0.10083,0.15886,0.05688,0.3272,0.18845,0.09825,0.58087,0.08589,0.21632,0.11807,0.17696,0.04797,0.0744,0.06234,0.02097,0.11778,0.01465,0.00201,0.03447,0.01637,0.01839,0.0023,0.07699,0.11089,0.08963,0.04338,0.04855,24.8032842582106
"Montreal",2015-12-01,0.55141,0.03814,0.05678,0.35367,0.13955,0.17458,0.1661,0.16836,0.15621,0.1952,0.4791,0.5209,0.3952,0.18446,0.04492,0.02232,0.05508,0.29802,0.06836,0.10537,0.15706,0.05847,0.32514,0.19096,0.09463,0.57825,0.0887,0.21045,0.11893,0.17966,0.03814,0.07627,0.06045,0.02401,0.1161,0.01441,0.00508,0.03814,0.01949,0.01412,0.00424,0.08051,0.1178,0.08418,0.04181,0.04802,24.3773486547085
"Ontario",2014-01-01,0.5367,0.03532,0.04584,0.38214,0.14795,0.13516,0.14089,0.19131,0.17856,0.20613,0.48307,0.51693,0.51384,0.0922,0.05769,0.02964,0.05534,0.25128,0.05067,0.14308,0.22797,0.06841,0.32562,0.12205,0.0622,0.56114,0.08957,0.17016,0.13086,0.18449,0.05891,0.09505,0.0648,0.02229,0.13715,0.01068,0.00406,0.02822,0.0173,0.01514,0.00613,0.05477,0.09095,0.07576,0.05952,0.057,24.3148117853268
"Ontario",2014-02-01,0.53632,0.03752,0.04505,0.38112,0.14856,0.13483,0.14074,0.19565,0.17663,0.20359,0.4836,0.5164,0.51102,0.09434,0.05902,0.02876,0.05515,0.2517,0.0512,0.14624,0.22905,0.06811,0.32311,0.12143,0.06086,0.56141,0.08921,0.16929,0.13047,0.18661,0.06074,0.09316,0.06611,0.02057,0.13422,0.00982,0.00464,0.02953,0.01646,0.01422,0.0066,0.05756,0.09251,0.07442,0.06065,0.0576,24.3747239366138
"Ontario",2014-03-01,0.49419,0.07815,0.04932,0.37834,0.14677,0.13707,0.13953,0.19526,0.17768,0.20369,0.48323,0.51677,0.511,0.09655,0.06028,0.0285,0.05578,0.24789,0.0512,0.14807,0.2326,0.06576,0.32113,0.1201,0.06114,0.56048,0.08988,0.16848,0.12726,0.18287,0.06371,0.09463,0.06768,0.02057,0.13593,0.01141,0.00478,0.02903,0.01677,0.01399,0.00609,0.0568,0.09524,0.07381,0.05856,0.05938,24.516642833109
"Ontario",2014-04-01,0.53946,0.03491,0.04583,0.37979,0.14936,0.133,0.13957,0.19337,0.17745,0.20725,0.48218,0.51782,0.50873,0.09735,0.06037,0.0287,0.05395,0.25089,0.05164,0.14822,0.23295,0.06548,0.32251,0.11822,0.06098,0.55765,0.08992,0.16726,0.12459,0.19,0.06613,0.09224,0.06512,0.01945,0.13986,0.011,0.00447,0.02911,0.01673,0.01307,0.00589,0.05509,0.09212,0.07754,0.05939,0.05935,24.4753445266395
"Ontario",2014-05-01,0.55368,0.03406,0.04469,0.36757,0.1504,0.13091,0.13883,0.18949,0.17788,0.2125,0.48119,0.51881,0.51102,0.09531,0.06032,0.02906,0.05383,0.25046,0.05314,0.14658,0.23195,0.06625,0.3208,0.11971,0.06158,0.55681,0.09141,0.16761,0.12986,0.19111,0.06422,0.08821,0.06227,0.02143,0.13944,0.01092,0.00532,0.0289,0.01705,0.01254,0.00645,0.05468,0.09162,0.07502,0.0602,0.06032,24.094411430427
"Ontario",2014-06-01,0.55724,0.03568,0.04037,0.36672,0.15294,0.13094,0.14206,0.18813,0.17377,0.21216,0.48253,0.51747,0.51027,0.09534,0.05894,0.02945,0.05331,0.25269,0.05186,0.14594,0.23364,0.06573,0.32234,0.11904,0.06144,0.55869,0.08976,0.16443,0.12507,0.1938,0.068,0.08737,0.06306,0.02124,0.13963,0.01064,0.00599,0.02977,0.01654,0.01218,0.00615,0.05614,0.09396,0.07641,0.05885,0.06205,24.0322450283524
"Ontario",2014-07-01,0.52072,0.07275,0.04723,0.3593,0.15534,0.13158,0.14262,0.18677,0.17253,0.21117,0.48152,0.51848,0.5092,0.0943,0.05891,0.02984,0.05339,0.25436,0.05227,0.14438,0.23384,0.06567,0.32211,0.1191,0.06263,0.56423,0.08971,0.16461,0.12054,0.18905,0.06783,0.08791,0.06535,0.02504,0.14138,0.01148,0.00636,0.03068,0.01612,0.013,0.00676,0.05391,0.09359,0.07667,0.05891,0.06399,23.9482775497316
"Ontario",2014-08-01,0.50684,0.08562,0.04744,0.36011,0.15319,0.13318,0.14276,0.18258,0.17689,0.21141,0.4837,0.5163,0.51009,0.09484,0.05783,0.03128,0.05237,0.2536,0.05161,0.1432,0.23339,0.06561,0.32378,0.11954,0.06288,0.56326,0.09003,0.16498,0.12195,0.18984,0.06733,0.08866,0.06256,0.0253,0.14124,0.01191,0.00658,0.02963,0.01556,0.01412,0.00646,0.0539,0.09295,0.07679,0.05963,0.06356,23.9351313179402
"Ontario",2014-09-01,0.54854,0.03647,0.03722,0.37778,0.15526,0.13199,0.14424,0.18277,0.17619,0.20956,0.48341,0.51659,0.51009,0.09331,0.05617,0.03155,0.05315,0.25574,0.05066,0.1423,0.23362,0.06671,0.32419,0.11903,0.0635,0.56126,0.08958,0.16346,0.12291,0.19581,0.06774,0.08788,0.05735,0.02473,0.13833,0.00979,0.0065,0.03199,0.01526,0.01367,0.00555,0.05902,0.09156,0.07939,0.05811,0.06326,24.3959582075322
"Ontario",2014-10-01,0.5508,0.03715,0.03488,0.37717,0.15354,0.13616,0.1418,0.18124,0.17716,0.2101,0.48313,0.51687,0.5096,0.09334,0.05647,0.03115,0.055,0.25442,0.04877,0.14021,0.23347,0.0683,0.32483,0.12057,0.06385,0.5629,0.0885,0.16569,0.12822,0.18894,0.06786,0.08572,0.05727,0.02461,0.13878,0.00837,0.00583,0.03215,0.0154,0.01322,0.00536,0.06258,0.09271,0.07699,0.05401,0.0627,24.1739518547751
"Ontario",2014-11-01,0.55163,0.03628,0.03433,0.37775,0.15395,0.13569,0.14015,0.18289,0.17735,0.20997,0.48337,0.51663,0.50758,0.09294,0.05742,0.03114,0.05395,0.25698,0.04609,0.14091,0.23429,0.0689,0.32488,0.12041,0.06451,0.5634,0.09075,0.1681,0.12727,0.1929,0.0701,0.08652,0.05263,0.02321,0.13593,0.00933,0.00554,0.03162,0.01531,0.014,0.0051,0.06244,0.09394,0.07444,0.05506,0.06288,24.4552017830136
"Ontario",2014-12-01,0.55409,0.03327,0.03701,0.37563,0.15236,0.13359,0.141,0.18135,0.17954,0.21216,0.48445,0.51555,0.50753,0.09195,0.0592,0.03033,0.05457,0.25642,0.04656,0.1406,0.23222,0.06983,0.32473,0.12106,0.065,0.56609,0.08961,0.16947,0.12429,0.19211,0.06847,0.09114,0.05203,0.02392,0.1354,0.00838,0.00507,0.03129,0.017,0.01317,0.00548,0.06279,0.09327,0.07471,0.05381,0.06355,24.4617491166078
"Ontario",2015-01-01,0.53703,0.04042,0.04162,0.38092,0.15324,0.13413,0.14111,0.18074,0.17937,0.2114,0.48494,0.51506,0.50555,0.09143,0.05886,0.03153,0.054,0.25863,0.04632,0.14186,0.22963,0.07245,0.32543,0.12126,0.06306,0.56441,0.08898,0.1716,0.12362,0.18843,0.06738,0.09222,0.05301,0.02584,0.13442,0.00789,0.00503,0.0317,0.01695,0.01408,0.00565,0.06219,0.09338,0.07452,0.05234,0.06472,24.5423510548523
"Ontario",2015-02-01,0.53022,0.04986,0.04361,0.37631,0.15049,0.13582,0.1399,0.1819,0.17987,0.21202,0.48305,0.51695,0.50388,0.09078,0.06023,0.03116,0.05485,0.2591,0.04535,0.14094,0.22699,0.07442,0.32332,0.12463,0.06435,0.56589,0.09156,0.17783,0.1245,0.18555,0.06782,0.09034,0.05277,0.02335,0.1333,0.00833,0.00529,0.03324,0.0161,0.01237,0.00616,0.06305,0.09555,0.07229,0.05155,0.06357,24.7423621145374
"Ontario",2015-03-01,0.49633,0.08198,0.04678,0.37492,0.14896,0.13717,0.13855,0.18207,0.1806,0.21265,0.48409,0.51591,0.50407,0.08999,0.06017,0.03155,0.05381,0.2604,0.04522,0.14184,0.22075,0.0761,0.3256,0.12693,0.06355,0.56861,0.09012,0.17949,0.12493,0.18465,0.06698,0.09271,0.0531,0.02038,0.13223,0.0093,0.00534,0.032,0.01589,0.01442,0.00596,0.06262,0.09805,0.07165,0.0514,0.06142,25.0218593283244
"Ontario",2015-04-01,0.53702,0.03765,0.04289,0.38244,0.14934,0.13262,0.13679,0.18309,0.17856,0.21961,0.48687,0.51313,0.5056,0.08941,0.06064,0.03066,0.05284,0.26085,0.04594,0.14387,0.21961,0.07337,0.32539,0.12854,0.06328,0.55979,0.09246,0.17726,0.12106,0.18501,0.06759,0.09434,0.05347,0.02066,0.13889,0.00825,0.00448,0.0333,0.01636,0.01376,0.0056,0.05997,0.09529,0.07001,0.05459,0.06149,25.0905782532509
"Ontario",2015-05-01,0.55556,0.03517,0.04173,0.36754,0.14783,0.13255,0.14236,0.18418,0.17722,0.21587,0.48517,0.51483,0.50633,0.09123,0.05967,0.0316,0.05194,0.25922,0.04892,0.14453,0.21772,0.07125,0.32902,0.12663,0.06193,0.56184,0.09109,0.17175,0.12622,0.18345,0.06763,0.09453,0.05665,0.02107,0.13522,0.008,0.00398,0.03463,0.01772,0.01361,0.00533,0.06022,0.09462,0.07328,0.05393,0.06171,24.8736237090256
"Ontario",2015-06-01,0.5619,0.03577,0.03816,0.36418,0.14582,0.13313,0.14283,0.18577,0.1774,0.21505,0.48471,0.51529,0.50678,0.09493,0.05719,0.03163,0.05103,0.25845,0.04836,0.14058,0.21822,0.06868,0.33021,0.13203,0.06192,0.5647,0.08996,0.17009,0.12867,0.18089,0.06909,0.09498,0.0599,0.02069,0.13639,0.00625,0.00409,0.03388,0.01834,0.01287,0.00464,0.05921,0.09415,0.07461,0.05241,0.06192,24.9076143820225
"Ontario",2015-07-01,0.51492,0.07762,0.04615,0.36131,0.14484,0.13303,0.14294,0.18572,0.17618,0.21729,0.48599,0.51401,0.50625,0.09538,0.05705,0.03057,0.05001,0.26075,0.04687,0.14062,0.22137,0.06718,0.3327,0.1304,0.06086,0.56366,0.09061,0.17073,0.12545,0.17259,0.06459,0.09638,0.06336,0.02375,0.13926,0.00827,0.00431,0.03279,0.01821,0.01435,0.00472,0.06123,0.09116,0.0744,0.053,0.06154,24.7367629589633
"Ontario",2015-08-01,0.50656,0.08588,0.04624,0.36131,0.14569,0.13257,0.14609,0.18227,0.17531,0.21805,0.48745,0.51255,0.50621,0.09688,0.05644,0.03064,0.04939,0.26044,0.04833,0.13598,0.2267,0.06562,0.33559,0.12783,0.05995,0.56456,0.08876,0.16924,0.12428,0.17292,0.06642,0.09519,0.0642,0.02372,0.14246,0.00816,0.00443,0.03206,0.0184,0.01476,0.00426,0.0595,0.09191,0.07427,0.05369,0.06252,24.5636162587413
"Ontario",2015-09-01,0.54226,0.03915,0.0384,0.38019,0.14324,0.13232,0.14671,0.18306,0.17476,0.2199,0.48287,0.51713,0.5067,0.09624,0.05704,0.03089,0.05065,0.25848,0.04847,0.13512,0.22692,0.06303,0.33674,0.12939,0.06032,0.5625,0.08909,0.17001,0.12926,0.17987,0.06095,0.09521,0.05779,0.02286,0.13929,0.00799,0.00448,0.03245,0.01842,0.01341,0.00528,0.06272,0.09069,0.07475,0.05402,0.05899,25.0643216395203
"Ontario",2015-10-01,0.54629,0.03987,0.03668,0.37716,0.14094,0.13383,0.14657,0.18347,0.17566,0.21953,0.48439,0.51561,0.51032,0.09786,0.05826,0.03064,0.05031,0.25261,0.04707,0.13396,0.22685,0.06456,0.33942,0.12708,0.06105,0.56703,0.0865,0.16722,0.13152,0.18148,0.05892,0.09702,0.05692,0.02327,0.13863,0.00817,0.004,0.03241,0.01892,0.01314,0.00448,0.0639,0.09165,0.07646,0.05311,0.05817,25.0974702197123
"Ontario",2015-11-01,0.54556,0.03442,0.03805,0.38197,0.14086,0.1349,0.14297,0.1807,0.17609,0.22449,0.48505,0.51495,0.51105,0.09671,0.05813,0.03164,0.05226,0.25021,0.04621,0.1323,0.22789,0.06548,0.33743,0.12889,0.0618,0.56299,0.08506,0.1669,0.12871,0.17828,0.06064,0.09501,0.0571,0.02272,0.14498,0.00843,0.00403,0.03352,0.01896,0.01345,0.00574,0.06153,0.09241,0.07498,0.05369,0.05929,25.1282497975344
"Ontario",2015-12-01,0.54361,0.03217,0.03602,0.38821,0.14076,0.13206,0.14339,0.17954,0.17728,0.22697,0.48335,0.51665,0.51266,0.0965,0.0588,0.0309,0.05278,0.24836,0.04558,0.13424,0.22797,0.06651,0.33806,0.12354,0.06411,0.56177,0.08304,0.16704,0.12599,0.18326,0.06062,0.09487,0.05518,0.02437,0.14611,0.00888,0.00376,0.03325,0.01799,0.01377,0.00603,0.0589,0.09274,0.07588,0.05455,0.05976,25.3850928381963
"Quebec",2014-01-01,0.51268,0.04569,0.05494,0.38669,0.13427,0.13442,0.14004,0.17885,0.19445,0.21797,0.49139,0.50861,0.35364,0.25782,0.05479,0.02004,0.05538,0.25834,0.12303,0.13634,0.15054,0.05826,0.38299,0.10292,0.04591,0.56917,0.0837,0.20111,0.12177,0.17553,0.05486,0.09797,0.05035,0.01738,0.16015,0.00961,0.00577,0.03379,0.01575,0.00961,0.00562,0.04074,0.10152,0.06477,0.05235,0.05449,22.621193498452
"Quebec",2014-02-01,0.50827,0.04674,0.05651,0.38847,0.13314,0.13605,0.1409,0.17623,0.1983,0.21537,0.49351,0.50649,0.35448,0.26055,0.05353,0.02028,0.05539,0.25578,0.12151,0.13724,0.14425,0.06165,0.38721,0.10422,0.04391,0.56844,0.08476,0.19793,0.1195,0.17646,0.05114,0.10213,0.05248,0.01953,0.15953,0.01208,0.00596,0.03295,0.0161,0.0085,0.00365,0.04205,0.10265,0.06545,0.05315,0.05271,22.7693910306845
"Quebec",2014-03-01,0.51115,0.04614,0.0561,0.38661,0.13345,0.13925,0.1443,0.17566,0.19297,0.21437,0.49346,0.50654,0.35094,0.26237,0.05432,0.01917,0.05409,0.2591,0.12402,0.13702,0.14683,0.06048,0.38327,0.10551,0.04287,0.56962,0.08196,0.1981,0.12104,0.18034,0.04889,0.09808,0.05365,0.01925,0.15782,0.01271,0.00528,0.03136,0.01687,0.01018,0.00379,0.04265,0.10611,0.06784,0.05179,0.05172,22.8147228691197
"Quebec",2014-04-01,0.51081,0.04534,0.05487,0.38898,0.13294,0.13684,0.14195,0.17632,0.19336,0.21859,0.49384,0.50616,0.34672,0.26437,0.05735,0.01967,0.05412,0.25777,0.12386,0.13789,0.14397,0.0602,0.3859,0.10697,0.04121,0.56883,0.07927,0.19862,0.12461,0.17392,0.04684,0.09541,0.05562,0.02004,0.16011,0.01126,0.00368,0.03513,0.01681,0.00991,0.00473,0.04331,0.10321,0.06973,0.05067,0.05007,22.7418970910228
"Quebec",2014-05-01,0.52992,0.04163,0.04969,0.37877,0.13198,0.13429,0.14212,0.17689,0.19285,0.22187,0.49433,0.50567,0.34452,0.26634,0.05588,0.02029,0.05424,0.25873,0.1225,0.13585,0.1457,0.05998,0.38824,0.10624,0.04148,0.56871,0.07968,0.20121,0.12936,0.18383,0.04566,0.09057,0.04991,0.01865,0.15727,0.00873,0.0044,0.03342,0.01768,0.00947,0.0041,0.04573,0.10161,0.0699,0.05222,0.04902,22.4858334588164
"Quebec",2014-06-01,0.54065,0.04982,0.04061,0.36892,0.13282,0.13268,0.14158,0.17841,0.19252,0.22199,0.4918,0.5082,0.34019,0.26713,0.05687,0.02034,0.05576,0.25971,0.11983,0.13178,0.14953,0.05843,0.39127,0.10877,0.04039,0.56856,0.08234,0.20061,0.13973,0.18992,0.04737,0.0856,0.03987,0.0176,0.15257,0.00869,0.0049,0.03274,0.01893,0.00973,0.00319,0.04856,0.09867,0.07031,0.05026,0.04952,22.340388969521
"Quebec",2014-07-01,0.47643,0.1117,0.04321,0.36866,0.13141,0.13223,0.14142,0.17907,0.19286,0.22302,0.49511,0.50489,0.33768,0.26846,0.05737,0.02135,0.05514,0.26001,0.11711,0.13445,0.1495,0.05826,0.39075,0.10932,0.04062,0.57145,0.08005,0.20264,0.13756,0.18122,0.04647,0.08753,0.04432,0.02016,0.15483,0.00726,0.0043,0.03217,0.01786,0.01038,0.00408,0.04921,0.09583,0.06937,0.04996,0.04981,22.1339283642691
"Quebec",2014-08-01,0.46482,0.12068,0.04374,0.37076,0.13231,0.12975,0.14168,0.18015,0.19492,0.22118,0.49312,0.50688,0.33865,0.26485,0.0572,0.02136,0.05471,0.26324,0.11747,0.12975,0.15023,0.05639,0.39453,0.10979,0.04184,0.57022,0.08133,0.20297,0.13729,0.17678,0.05025,0.08441,0.0433,0.01821,0.15645,0.00673,0.00607,0.03357,0.01799,0.01236,0.00336,0.05025,0.09391,0.07168,0.04783,0.05266,22.2271591072714
"Quebec",2014-09-01,0.53471,0.04359,0.0386,0.38311,0.12724,0.12871,0.13971,0.17919,0.20062,0.22454,0.49362,0.50638,0.34356,0.26189,0.05731,0.02179,0.05547,0.25998,0.11726,0.12702,0.14969,0.05922,0.39712,0.1075,0.04219,0.57125,0.0802,0.20737,0.13758,0.17721,0.05188,0.08857,0.04109,0.01856,0.1505,0.00697,0.0058,0.03317,0.01798,0.00998,0.00271,0.05063,0.09855,0.0689,0.04593,0.05386,22.5622579701667
"Quebec",2014-10-01,0.5257,0.04414,0.04,0.39016,0.12952,0.13032,0.1407,0.17431,0.1982,0.22695,0.49274,0.50726,0.34616,0.261,0.05612,0.02091,0.0546,0.26122,0.11776,0.12611,0.15065,0.06425,0.39168,0.10651,0.04305,0.56302,0.07979,0.20626,0.13228,0.18034,0.05271,0.08756,0.04276,0.01488,0.15834,0.00704,0.00508,0.03267,0.01735,0.01053,0.00261,0.04959,0.09946,0.07057,0.04625,0.05155,22.7014378219279
"Quebec",2014-11-01,0.53151,0.0401,0.04309,0.3853,0.13115,0.13093,0.1441,0.17351,0.20306,0.21725,0.49105,0.50895,0.34432,0.26099,0.05502,0.02103,0.05531,0.26332,0.1163,0.12693,0.1476,0.06565,0.39418,0.10655,0.04279,0.56812,0.0829,0.20568,0.1321,0.17868,0.05415,0.09003,0.04178,0.01689,0.15582,0.00699,0.00444,0.03392,0.01732,0.01281,0.00378,0.04563,0.10124,0.07045,0.04607,0.05364,22.710410613697
"Quebec",2014-12-01,0.52468,0.03724,0.04723,0.39085,0.13317,0.13347,0.14184,0.17115,0.20317,0.2172,0.48913,0.51087,0.34296,0.2637,0.05502,0.02115,0.05553,0.26164,0.11496,0.12627,0.14566,0.06868,0.39562,0.10519,0.04363,0.56809,0.08087,0.20428,0.12531,0.17577,0.05237,0.09329,0.04628,0.01645,0.15712,0.00911,0.00544,0.0357,0.01851,0.01249,0.00286,0.04503,0.10379,0.07103,0.04664,0.05333,22.7530179222357
"Quebec",2015-01-01,0.50961,0.04461,0.05285,0.39293,0.13412,0.13397,0.14332,0.17242,0.19795,0.21821,0.48712,0.51288,0.33972,0.26779,0.05463,0.02063,0.0553,0.26193,0.11764,0.12529,0.14689,0.06695,0.39412,0.10473,0.04439,0.56936,0.08016,0.20367,0.12061,0.17687,0.04869,0.08855,0.0527,0.01752,0.16218,0.01032,0.00475,0.03377,0.019,0.01277,0.00245,0.04617,0.10836,0.07155,0.04728,0.05158,22.9332062850031
"Quebec",2015-02-01,0.51223,0.04408,0.05374,0.38996,0.13268,0.13328,0.14498,0.16943,0.19691,0.22272,0.48777,0.51223,0.33925,0.27034,0.05532,0.02,0.05479,0.2603,0.11547,0.12672,0.14657,0.06755,0.39275,0.1046,0.04634,0.57132,0.08,0.20604,0.12143,0.18038,0.05192,0.08642,0.04898,0.01645,0.16377,0.00928,0.00294,0.03351,0.01917,0.01109,0.00355,0.04506,0.10792,0.06981,0.04808,0.05223,22.9306949685535
"Quebec",2015-03-01,0.51407,0.04596,0.05342,0.38655,0.13665,0.13445,0.14512,0.17223,0.19255,0.219,0.48688,0.51312,0.33621,0.27176,0.05583,0.01995,0.05181,0.26445,0.11326,0.12824,0.14549,0.06562,0.39547,0.10479,0.04713,0.57706,0.0798,0.20409,0.12364,0.18429,0.05327,0.08725,0.0456,0.01549,0.162,0.00891,0.00322,0.03507,0.01783,0.01155,0.00424,0.04355,0.10391,0.07234,0.04947,0.05174,23.1079111245466
"Quebec",2015-04-01,0.52675,0.04738,0.05007,0.3758,0.13273,0.13345,0.1481,0.17515,0.19439,0.21618,0.48637,0.51363,0.33608,0.26873,0.05685,0.02114,0.05313,0.26407,0.1113,0.12522,0.14796,0.05787,0.40357,0.10671,0.04738,0.58141,0.08207,0.20736,0.12937,0.18367,0.05751,0.08688,0.04074,0.01669,0.15175,0.00969,0.00343,0.03615,0.01742,0.00991,0.00357,0.04585,0.10299,0.07223,0.04796,0.0543,23.2162083149699
"Quebec",2015-05-01,0.54544,0.03953,0.044,0.37103,0.13337,0.13221,0.14447,0.17383,0.19215,0.22396,0.48658,0.51342,0.34132,0.26515,0.05799,0.02135,0.0502,0.26399,0.11065,0.12904,0.15205,0.05619,0.39527,0.10913,0.04768,0.57862,0.07877,0.20586,0.13524,0.18573,0.05987,0.08295,0.03953,0.01443,0.15248,0.00894,0.00382,0.03794,0.01774,0.00808,0.00332,0.04407,0.10257,0.07206,0.04797,0.05395,23.2270203735144
"Quebec",2015-06-01,0.54669,0.04643,0.03577,0.37111,0.12827,0.12965,0.1438,0.17246,0.19524,0.23057,0.48712,0.51288,0.34506,0.26141,0.05928,0.02061,0.05122,0.26242,0.11238,0.13234,0.14939,0.0526,0.39135,0.11159,0.05035,0.5731,0.08104,0.20939,0.13785,0.18574,0.06116,0.08162,0.03562,0.01415,0.15606,0.00675,0.00247,0.03475,0.01567,0.00791,0.00363,0.04723,0.10027,0.0698,0.04607,0.05311,23.0752446763503
"Quebec",2015-07-01,0.48308,0.10505,0.04068,0.37118,0.12824,0.12961,0.14228,0.17432,0.19607,0.22948,0.48963,0.51037,0.34404,0.26469,0.05991,0.01987,0.05199,0.2595,0.11046,0.13674,0.14876,0.05235,0.39221,0.10988,0.04961,0.57402,0.07849,0.20709,0.13227,0.17584,0.05933,0.08669,0.04241,0.0162,0.15863,0.0067,0.00187,0.036,0.01426,0.00878,0.00511,0.04882,0.10117,0.06754,0.04637,0.05285,22.7877926280248
"Quebec",2015-08-01,0.46493,0.12385,0.04455,0.36667,0.13237,0.12864,0.13992,0.17713,0.19567,0.22626,0.4901,0.5099,0.34334,0.26397,0.05935,0.02101,0.05117,0.26115,0.10834,0.13731,0.14809,0.05209,0.39184,0.11144,0.05089,0.57524,0.07951,0.20822,0.13195,0.17685,0.0609,0.08811,0.04123,0.01762,0.15296,0.00705,0.00324,0.03574,0.01304,0.01086,0.00465,0.04758,0.10101,0.06781,0.04716,0.0547,23.093246628131
"Quebec",2015-09-01,0.54296,0.04121,0.03449,0.38134,0.13079,0.12885,0.14095,0.173,0.19697,0.22945,0.48787,0.51213,0.33841,0.26773,0.05996,0.02261,0.05244,0.25885,0.11004,0.13744,0.14889,0.05137,0.39043,0.11161,0.05023,0.56786,0.08199,0.21199,0.13451,0.18065,0.06289,0.08636,0.0372,0.01467,0.15039,0.0063,0.00229,0.03749,0.01581,0.0083,0.00487,0.04629,0.10281,0.06725,0.04686,0.05409,23.3450814562969
"Quebec",2015-10-01,0.53207,0.04738,0.03689,0.38366,0.13043,0.12886,0.13828,0.17017,0.20071,0.23154,0.48969,0.51031,0.33921,0.27149,0.05765,0.02205,0.0518,0.2578,0.10667,0.13821,0.14848,0.05387,0.38837,0.11381,0.05059,0.57003,0.0797,0.21049,0.13535,0.17995,0.06179,0.08805,0.03967,0.0142,0.15284,0.00649,0.00243,0.03503,0.01548,0.00828,0.0045,0.04545,0.10139,0.06536,0.04838,0.05337,23.4379713231119
"Quebec",2015-11-01,0.533,0.04034,0.03977,0.38689,0.12766,0.13521,0.13728,0.17056,0.20021,0.22908,0.48988,0.51012,0.33321,0.27434,0.05766,0.02238,0.05267,0.25973,0.10592,0.13614,0.1464,0.05474,0.39451,0.11319,0.04911,0.57234,0.07812,0.21333,0.13507,0.17862,0.05688,0.08681,0.0392,0.01525,0.15381,0.0082,0.00364,0.03507,0.01483,0.00884,0.00449,0.04597,0.10385,0.06529,0.04711,0.05217,23.6239426934097
"Quebec",2015-12-01,0.53404,0.03965,0.04298,0.38333,0.12929,0.13823,0.14199,0.16986,0.19496,0.22567,0.4917,0.5083,0.32851,0.27695,0.05716,0.02227,0.0539,0.26121,0.10596,0.13496,0.14397,0.05667,0.39752,0.11291,0.04801,0.57475,0.07943,0.21291,0.1322,0.17844,0.05589,0.09113,0.04142,0.01738,0.14801,0.00936,0.0034,0.03504,0.01525,0.00922,0.00518,0.04518,0.10064,0.07092,0.04709,0.05312,23.76073942157
"Toronto",2014-01-01,0.56486,0.03604,0.05102,0.34808,0.16437,0.1501,0.16559,0.20686,0.1541,0.15898,0.47937,0.52063,0.51663,0.04405,0.04562,0.02316,0.05154,0.319,0.05468,0.09873,0.20007,0.08445,0.25683,0.20129,0.10395,0.57426,0.10744,0.14418,0.10465,0.1898,0.07783,0.07296,0.09055,0.03308,0.08741,0.01376,0.00522,0.03604,0.01915,0.01428,0.00679,0.1043,0.09664,0.08201,0.06373,0.07122,25.3521463414634
"Toronto",2014-02-01,0.56997,0.0382,0.05052,0.34131,0.16476,0.15156,0.16388,0.19979,0.15842,0.16159,0.48231,0.51769,0.51171,0.04629,0.04735,0.02341,0.04982,0.32142,0.05228,0.09787,0.19996,0.08414,0.25576,0.20489,0.10509,0.57754,0.10562,0.14416,0.11336,0.18359,0.0822,0.07516,0.08977,0.02992,0.08555,0.01443,0.00616,0.04207,0.01831,0.01179,0.00352,0.09998,0.09505,0.08273,0.06267,0.07076,25.3308301625735
"Toronto",2014-03-01,0.53063,0.0749,0.04883,0.34564,0.16626,0.15663,0.16206,0.19321,0.15663,0.16521,0.48005,0.51995,0.50875,0.04533,0.04603,0.02485,0.05215,0.32289,0.05355,0.10046,0.20074,0.084,0.25184,0.20914,0.10028,0.57578,0.10658,0.14526,0.11323,0.18183,0.0777,0.0728,0.09258,0.0343,0.08715,0.01348,0.0084,0.0406,0.0189,0.01313,0.00455,0.09608,0.0973,0.08225,0.06143,0.0721,25.1196495489244
"Toronto",2014-04-01,0.56284,0.04578,0.04826,0.34311,0.16457,0.15485,0.16175,0.19622,0.15361,0.16899,0.47746,0.52254,0.51069,0.04614,0.04932,0.02475,0.05392,0.31518,0.05586,0.1027,0.2024,0.0822,0.24518,0.21107,0.10058,0.57168,0.10854,0.14831,0.11614,0.17872,0.07972,0.07159,0.09864,0.02987,0.08591,0.01556,0.00937,0.03677,0.0198,0.0122,0.0053,0.0921,0.09546,0.08273,0.06275,0.07195,25.1184009797061
"Toronto",2014-05-01,0.5706,0.03433,0.05651,0.33856,0.16056,0.15757,0.16285,0.18873,0.15317,0.17711,0.47641,0.52359,0.5125,0.05035,0.04982,0.0257,0.04965,0.31197,0.0588,0.10053,0.19736,0.07835,0.24947,0.21285,0.10264,0.57148,0.10317,0.14736,0.10581,0.17289,0.07218,0.08011,0.09331,0.03275,0.09489,0.01901,0.00968,0.03486,0.01901,0.01303,0.00669,0.09842,0.09718,0.07887,0.06127,0.06937,24.8096581792815
"Toronto",2014-06-01,0.56261,0.03742,0.05977,0.34019,0.16265,0.15325,0.1646,0.18464,0.1591,0.17577,0.47233,0.52767,0.51579,0.04842,0.04949,0.02625,0.04824,0.31181,0.05516,0.09879,0.20167,0.07627,0.25364,0.2077,0.10678,0.56616,0.09968,0.14083,0.10819,0.16939,0.07556,0.07982,0.09347,0.03157,0.09436,0.02093,0.00905,0.03317,0.02483,0.0149,0.00692,0.09702,0.0972,0.08017,0.05694,0.07183,24.9918262098199
"Toronto",2014-07-01,0.52485,0.07024,0.06427,0.34065,0.16155,0.15277,0.16418,0.17946,0.1626,0.17946,0.47357,0.52643,0.51378,0.04917,0.04987,0.02546,0.04899,0.31273,0.05584,0.09816,0.21299,0.07006,0.2453,0.20386,0.11378,0.56348,0.10061,0.14486,0.0957,0.1712,0.0676,0.08727,0.09096,0.03881,0.09078,0.02353,0.01018,0.03389,0.02318,0.01247,0.00702,0.10255,0.10167,0.07849,0.05478,0.07234,24.856065747614
"Toronto",2014-08-01,0.5215,0.0785,0.06102,0.33898,0.15843,0.15094,0.16574,0.18608,0.16182,0.17698,0.47279,0.52721,0.51204,0.05013,0.05138,0.02783,0.04888,0.30972,0.05656,0.09759,0.21963,0.06869,0.24353,0.19964,0.11436,0.5595,0.10919,0.14362,0.09866,0.17502,0.06494,0.07904,0.08921,0.03586,0.08921,0.02212,0.01195,0.03354,0.02605,0.0132,0.00928,0.1083,0.10705,0.07779,0.05459,0.07244,24.9546950559365
"Toronto",2014-09-01,0.56057,0.03443,0.05103,0.35397,0.1595,0.1463,0.16021,0.18983,0.16128,0.18287,0.47583,0.52417,0.50687,0.05049,0.05406,0.02605,0.04835,0.31418,0.0562,0.09581,0.22016,0.0694,0.24353,0.20268,0.11222,0.56021,0.10419,0.14558,0.10508,0.17734,0.0669,0.07565,0.081,0.03283,0.08831,0.01534,0.0107,0.03729,0.02801,0.01124,0.00892,0.11579,0.09831,0.07814,0.05424,0.07208,26.0621212121212
"Toronto",2014-10-01,0.56012,0.03877,0.04931,0.3518,0.15616,0.15062,0.16491,0.18546,0.15812,0.18474,0.47454,0.52546,0.50456,0.05342,0.05378,0.0268,0.04574,0.3157,0.05521,0.09523,0.21797,0.06736,0.24674,0.20797,0.10952,0.55941,0.10791,0.14847,0.11292,0.17706,0.07182,0.07218,0.0754,0.02859,0.09434,0.01322,0.00965,0.03841,0.02519,0.01465,0.0075,0.11059,0.09791,0.07879,0.05163,0.06932,25.8740758122744
"Toronto",2014-11-01,0.56396,0.0355,0.04829,0.35225,0.1582,0.14919,0.16685,0.18757,0.15694,0.18126,0.47459,0.52541,0.50919,0.05081,0.05369,0.02613,0.04523,0.31495,0.05622,0.09658,0.21946,0.07243,0.23874,0.20883,0.10775,0.56,0.10505,0.14523,0.11387,0.18324,0.07532,0.07063,0.07874,0.02865,0.09333,0.01117,0.01045,0.04162,0.02414,0.01351,0.00739,0.1027,0.0973,0.08342,0.05459,0.07117,26.1038241678726
"Toronto",2014-12-01,0.56295,0.03112,0.04406,0.36187,0.15971,0.14335,0.15809,0.19227,0.16043,0.18615,0.47806,0.52194,0.50845,0.04874,0.05629,0.02482,0.04838,0.31331,0.05612,0.09748,0.21151,0.07356,0.24371,0.20989,0.10773,0.55378,0.10935,0.14424,0.10701,0.17068,0.06763,0.08094,0.07788,0.03741,0.09514,0.01025,0.01079,0.03849,0.02158,0.01511,0.00737,0.11547,0.08813,0.07932,0.0554,0.07122,26.0870767535806
"Toronto",2015-01-01,0.54843,0.03899,0.04492,0.36765,0.16119,0.14735,0.15777,0.19497,0.15472,0.18401,0.47745,0.52255,0.50279,0.05265,0.05193,0.02588,0.04888,0.31788,0.05714,0.10009,0.20773,0.07439,0.24672,0.20988,0.10404,0.55256,0.11033,0.14915,0.11572,0.16712,0.06505,0.08212,0.08104,0.04295,0.08913,0.00845,0.01006,0.03576,0.01653,0.01797,0.00863,0.11033,0.08212,0.07493,0.05984,0.0708,25.7994091249065
"Toronto",2015-02-01,0.55184,0.0414,0.04558,0.36118,0.15925,0.15235,0.16579,0.19393,0.15362,0.17505,0.4803,0.5197,0.51062,0.05629,0.04776,0.02433,0.04758,0.31342,0.05411,0.09479,0.20646,0.07336,0.25822,0.21318,0.09987,0.56546,0.10369,0.14654,0.11858,0.17614,0.06356,0.07899,0.08934,0.03777,0.0897,0.00745,0.00981,0.03287,0.01707,0.01979,0.01035,0.10205,0.0897,0.08117,0.05738,0.06828,25.7119654665687
"Toronto",2015-03-01,0.52379,0.07085,0.04529,0.36006,0.16109,0.15421,0.16549,0.19351,0.15738,0.16831,0.47709,0.52291,0.51198,0.05763,0.046,0.02485,0.04776,0.31177,0.05182,0.09411,0.2159,0.07279,0.25379,0.21096,0.10063,0.56662,0.10381,0.14329,0.11738,0.17906,0.06803,0.08072,0.09605,0.03084,0.08671,0.0074,0.00969,0.03683,0.02133,0.01992,0.0074,0.09535,0.09341,0.0786,0.06327,0.0675,25.8202279202279
"Toronto",2015-04-01,0.56766,0.03449,0.04346,0.35439,0.16558,0.14992,0.16294,0.19796,0.15573,0.16787,0.48003,0.51997,0.52032,0.0542,0.04557,0.02446,0.04593,0.30952,0.0505,0.09115,0.21204,0.07725,0.25603,0.20887,0.10417,0.56942,0.10787,0.14341,0.11649,0.1925,0.06951,0.08165,0.08288,0.03854,0.08323,0.00985,0.00739,0.03255,0.0234,0.01707,0.00598,0.09555,0.09203,0.07901,0.06423,0.07162,25.9111924023918
"Toronto",2015-05-01,0.58144,0.03592,0.05032,0.33233,0.16358,0.15149,0.16501,0.19666,0.15896,0.1643,0.47795,0.52205,0.51867,0.05263,0.04356,0.02365,0.04748,0.31401,0.04765,0.09068,0.21159,0.07183,0.26102,0.21088,0.10633,0.57059,0.11042,0.14563,0.11202,0.19257,0.06277,0.08606,0.09086,0.03343,0.08001,0.0096,0.00782,0.03254,0.02489,0.01351,0.00587,0.10242,0.0905,0.08179,0.0665,0.06686,26.0426814866273
"Toronto",2015-06-01,0.58995,0.03273,0.04918,0.32814,0.16416,0.15266,0.1654,0.19759,0.15479,0.1654,0.47745,0.52255,0.52397,0.05042,0.04263,0.02317,0.04511,0.3147,0.04635,0.09181,0.21528,0.06828,0.25367,0.22377,0.10083,0.57403,0.11021,0.14612,0.11569,0.20485,0.06828,0.08067,0.08526,0.02936,0.08031,0.01168,0.00584,0.03131,0.02477,0.01574,0.00478,0.09535,0.09446,0.08155,0.06846,0.06581,26.5577094017094
"Toronto",2015-07-01,0.56014,0.07037,0.05097,0.31852,0.16173,0.15961,0.16508,0.18942,0.16138,0.16279,0.47513,0.52487,0.52663,0.04868,0.04374,0.02275,0.04515,0.31305,0.04515,0.08801,0.2127,0.06614,0.25079,0.2321,0.10511,0.57866,0.11235,0.14885,0.11728,0.197,0.06649,0.08078,0.08995,0.03122,0.08183,0.01041,0.00406,0.03069,0.02346,0.01587,0.00459,0.09753,0.09471,0.0806,0.06649,0.06473,26.5190881458967
"Toronto",2015-08-01,0.56197,0.07262,0.05652,0.30889,0.16097,0.1624,0.16097,0.1912,0.16062,0.16383,0.47344,0.52656,0.52298,0.04686,0.044,0.02486,0.04686,0.31443,0.04722,0.0948,0.2014,0.06421,0.24843,0.23198,0.11197,0.57968,0.11447,0.15364,0.11268,0.19764,0.07244,0.07441,0.08997,0.02987,0.07941,0.01055,0.00322,0.03041,0.01914,0.01467,0.00769,0.10427,0.09354,0.08317,0.06743,0.066,26.6094035446489
"Toronto",2015-09-01,0.58386,0.03531,0.04684,0.33399,0.15835,0.15799,0.16628,0.19132,0.16141,0.16466,0.47703,0.52297,0.52693,0.04648,0.04414,0.02342,0.04828,0.31075,0.05278,0.0944,0.19402,0.06395,0.24608,0.23041,0.11836,0.56765,0.12142,0.15475,0.11475,0.20285,0.06972,0.06864,0.08611,0.03207,0.08269,0.01135,0.00631,0.03333,0.01928,0.01531,0.00522,0.09764,0.09097,0.08917,0.06665,0.06683,27.1647755834829
"Toronto",2015-10-01,0.58191,0.03632,0.04388,0.33789,0.16022,0.15465,0.17407,0.19223,0.15519,0.16364,0.47366,0.52634,0.52634,0.05323,0.04603,0.02446,0.04729,0.30264,0.05269,0.09944,0.18756,0.06384,0.24276,0.23269,0.12102,0.57202,0.11293,0.14961,0.11023,0.2246,0.06671,0.06941,0.0856,0.02697,0.08344,0.01151,0.00557,0.03273,0.01798,0.01475,0.00737,0.09351,0.09728,0.09782,0.06689,0.06204,27.1241858000706
"Toronto",2015-11-01,0.58996,0.02852,0.04377,0.33776,0.15892,0.15713,0.17686,0.18762,0.14996,0.16951,0.47318,0.52682,0.527,0.05256,0.04735,0.02493,0.04592,0.30224,0.05202,0.10529,0.18332,0.06009,0.24233,0.23247,0.12448,0.56628,0.11803,0.14906,0.1096,0.2339,0.06439,0.0696,0.08377,0.02816,0.08574,0.00987,0.00664,0.03247,0.01812,0.01238,0.00771,0.08861,0.10224,0.10045,0.06188,0.06152,27.2870487718049
"Toronto",2015-12-01,0.57986,0.03886,0.04171,0.33957,0.15989,0.15561,0.18111,0.18806,0.14599,0.16934,0.47861,0.52139,0.52264,0.05223,0.04759,0.0262,0.04617,0.30517,0.05116,0.10749,0.18111,0.06221,0.24545,0.22692,0.12567,0.56845,0.11872,0.1492,0.10749,0.23761,0.0615,0.06934,0.07754,0.02816,0.08271,0.01141,0.0066,0.03654,0.01783,0.01337,0.00856,0.09216,0.10071,0.10357,0.0631,0.05971,26.9985785007072
"Vancouver",2014-01-01,0.54999,0.03918,0.04089,0.36994,0.15371,0.15371,0.16228,0.19525,0.15864,0.17641,0.48405,0.51595,0.49711,0.06273,0.04967,0.02762,0.04838,0.31449,0.03639,0.10469,0.21216,0.1064,0.27467,0.19289,0.07279,0.55149,0.10876,0.20124,0.10554,0.17662,0.06101,0.07964,0.07964,0.02248,0.09741,0.01135,0.00578,0.03404,0.01756,0.01434,0.00578,0.08756,0.08863,0.08242,0.05481,0.05802,24.5208134394341
"Vancouver",2014-02-01,0.54798,0.03554,0.04331,0.37317,0.1506,0.15215,0.16459,0.19436,0.15815,0.18014,0.47956,0.52044,0.49978,0.06753,0.05042,0.02488,0.05175,0.30564,0.03621,0.09818,0.21879,0.10529,0.27943,0.19236,0.06975,0.54531,0.10884,0.19924,0.11128,0.18347,0.05442,0.06975,0.07419,0.02732,0.09796,0.01466,0.00866,0.02865,0.01622,0.01444,0.00555,0.09418,0.0924,0.08219,0.05264,0.05775,24.6006116774791
"Vancouver",2014-03-01,0.55931,0.04061,0.03719,0.3629,0.15879,0.15687,0.15794,0.19748,0.1558,0.17311,0.47617,0.52383,0.49391,0.06732,0.04937,0.02629,0.05429,0.30883,0.03441,0.09553,0.22932,0.10045,0.2757,0.1962,0.06839,0.55268,0.10964,0.20282,0.11049,0.17931,0.05172,0.08015,0.07202,0.028,0.09147,0.01261,0.00812,0.03355,0.01603,0.01026,0.00577,0.09767,0.09019,0.0795,0.05429,0.05599,24.4119368785128
"Vancouver",2014-04-01,0.55997,0.03969,0.03669,0.36366,0.15383,0.16284,0.15791,0.19352,0.15941,0.1725,0.48187,0.51813,0.4971,0.06672,0.0487,0.02424,0.05449,0.30873,0.03411,0.09419,0.22828,0.09612,0.2729,0.20468,0.06973,0.5531,0.11028,0.20339,0.11156,0.18258,0.05578,0.08367,0.07059,0.02811,0.08989,0.01244,0.00751,0.03089,0.01545,0.01244,0.00493,0.09075,0.09526,0.0811,0.05042,0.0575,24.7492371044647
"Vancouver",2014-05-01,0.56185,0.04557,0.0408,0.35178,0.14518,0.17057,0.16319,0.18967,0.15365,0.17773,0.48524,0.51476,0.50152,0.06141,0.0497,0.02604,0.05642,0.3049,0.0395,0.09484,0.23307,0.08724,0.27365,0.20269,0.06901,0.56315,0.10503,0.2053,0.11567,0.18576,0.0536,0.07769,0.06641,0.0217,0.09679,0.01302,0.00499,0.03082,0.01237,0.01389,0.00629,0.0957,0.09527,0.07812,0.05208,0.05122,24.4729421841542
"Vancouver",2014-06-01,0.56446,0.04686,0.03779,0.3509,0.13885,0.16973,0.16562,0.18009,0.1613,0.18441,0.48456,0.51544,0.50875,0.06197,0.04967,0.0244,0.05636,0.29886,0.04427,0.09177,0.2412,0.08141,0.26884,0.20082,0.07169,0.55021,0.11207,0.19909,0.1233,0.17944,0.05809,0.07515,0.06845,0.02138,0.0989,0.01425,0.00626,0.02678,0.01512,0.01036,0.00432,0.09911,0.10171,0.07428,0.04772,0.0542,24.310910261915
"Vancouver",2014-07-01,0.53333,0.07374,0.03901,0.35391,0.14534,0.17128,0.16163,0.17985,0.16334,0.17856,0.4896,0.5104,0.49582,0.06302,0.05038,0.02615,0.05809,0.30654,0.04437,0.09046,0.24544,0.08253,0.2686,0.19571,0.07288,0.55584,0.10782,0.20665,0.11683,0.16442,0.05338,0.07953,0.07953,0.02358,0.09196,0.01372,0.00707,0.0268,0.01458,0.0105,0.0075,0.10397,0.09389,0.07674,0.04823,0.05402,24.3497656582872
"Vancouver",2014-08-01,0.51427,0.08862,0.04389,0.35322,0.14678,0.16894,0.16063,0.1847,0.15658,0.18236,0.48487,0.51513,0.49446,0.06199,0.05006,0.02706,0.05922,0.3072,0.04516,0.08756,0.24734,0.08202,0.26608,0.19813,0.07371,0.55986,0.10567,0.20217,0.10439,0.16937,0.05347,0.09012,0.08223,0.02642,0.08692,0.0081,0.00597,0.02173,0.01619,0.01491,0.0098,0.10822,0.09587,0.07435,0.04879,0.05731,24.6281833616299
"Vancouver",2014-09-01,0.55891,0.04781,0.04329,0.34999,0.14129,0.16433,0.16692,0.1891,0.15723,0.18113,0.48719,0.51281,0.49688,0.0616,0.04932,0.02735,0.05966,0.30519,0.04243,0.08852,0.24015,0.08184,0.27051,0.20159,0.07495,0.56084,0.10747,0.2059,0.11458,0.1723,0.04674,0.09003,0.07861,0.02455,0.08572,0.01443,0.00582,0.02003,0.01335,0.01228,0.00969,0.10597,0.09326,0.07775,0.04911,0.05255,24.7043223599829
"Vancouver",2014-10-01,0.56155,0.04576,0.04146,0.35124,0.14307,0.16391,0.16584,0.18904,0.15639,0.18174,0.48765,0.51235,0.49474,0.06767,0.04812,0.02793,0.058,0.30354,0.04082,0.08657,0.24296,0.08034,0.27433,0.20021,0.07476,0.56219,0.10999,0.20559,0.11729,0.17873,0.05134,0.08464,0.06681,0.02427,0.09237,0.0131,0.00709,0.0174,0.01332,0.0116,0.00752,0.10892,0.0928,0.07669,0.04554,0.05371,24.3397644539615
"Vancouver",2014-11-01,0.56623,0.04466,0.03486,0.35425,0.14227,0.15948,0.17386,0.18584,0.15839,0.18017,0.49477,0.50523,0.50458,0.06732,0.04749,0.02614,0.0573,0.29717,0.03747,0.08693,0.23704,0.07843,0.27364,0.2061,0.08039,0.56972,0.10697,0.20719,0.12222,0.18105,0.0549,0.08061,0.06972,0.02614,0.08519,0.01133,0.00697,0.01895,0.01307,0.01111,0.00566,0.10588,0.09717,0.0793,0.04444,0.05621,24.8405784061697
"Vancouver",2014-12-01,0.5708,0.03628,0.03097,0.36195,0.14314,0.15575,0.16814,0.19204,0.15841,0.18252,0.49248,0.50752,0.50487,0.06748,0.04801,0.02544,0.05597,0.29823,0.03385,0.08783,0.23119,0.07611,0.28274,0.20332,0.08496,0.57743,0.09558,0.20442,0.12168,0.17987,0.04934,0.08429,0.06726,0.0281,0.0896,0.01018,0.00642,0.02456,0.01261,0.00796,0.00575,0.10796,0.09093,0.0781,0.04535,0.05465,25.1935625268586
"Vancouver",2015-01-01,0.55457,0.04212,0.03646,0.36685,0.13949,0.16259,0.16304,0.1909,0.15806,0.18591,0.48868,0.51132,0.50974,0.06952,0.04529,0.02491,0.05571,0.29484,0.03442,0.08922,0.22871,0.07609,0.27989,0.20584,0.08582,0.56091,0.10711,0.19475,0.12183,0.17572,0.05322,0.08333,0.06997,0.03238,0.0942,0.00974,0.00634,0.02491,0.01268,0.00906,0.0043,0.10756,0.0942,0.07677,0.04484,0.05752,25.5292926045016
"Vancouver",2015-02-01,0.55731,0.03962,0.0375,0.36557,0.13208,0.16392,0.16132,0.18962,0.16745,0.18561,0.48892,0.51108,0.51156,0.0658,0.04528,0.02594,0.05778,0.29363,0.03774,0.08774,0.23019,0.07264,0.27382,0.21085,0.08703,0.55047,0.11321,0.19717,0.12901,0.16085,0.05896,0.07925,0.06698,0.0309,0.09882,0.00967,0.00684,0.02759,0.01415,0.01061,0.00401,0.10519,0.09269,0.07358,0.04222,0.05849,25.1591827852998
"Vancouver",2015-03-01,0.52934,0.07396,0.03613,0.36057,0.13652,0.15883,0.15931,0.18841,0.17216,0.18477,0.48812,0.51188,0.50921,0.06887,0.0451,0.02667,0.05529,0.29486,0.03468,0.09336,0.23181,0.07735,0.27013,0.20538,0.08729,0.55553,0.11178,0.19132,0.12561,0.16974,0.06086,0.07541,0.06668,0.02886,0.09481,0.008,0.00873,0.02813,0.016,0.01091,0.00485,0.11009,0.0953,0.06959,0.04753,0.05844,25.354595389897
"Vancouver",2015-04-01,0.56544,0.03272,0.03594,0.36589,0.14155,0.16063,0.1594,0.18443,0.16981,0.18418,0.48612,0.51388,0.51413,0.06544,0.04536,0.02405,0.0585,0.29251,0.04016,0.09197,0.23079,0.07908,0.26748,0.20302,0.08751,0.55478,0.11006,0.19187,0.12172,0.16386,0.0533,0.07982,0.07908,0.02975,0.0937,0.00892,0.00744,0.02677,0.0171,0.01239,0.00421,0.11006,0.0937,0.07065,0.04983,0.05454,25.4035282258065
"Vancouver",2015-05-01,0.57491,0.03981,0.03981,0.34547,0.14746,0.15636,0.15453,0.19251,0.16501,0.18413,0.48612,0.51388,0.50864,0.06653,0.04557,0.02462,0.05631,0.29832,0.0406,0.09193,0.23311,0.08015,0.27004,0.20299,0.08119,0.55841,0.11393,0.18963,0.12022,0.17496,0.05657,0.07517,0.0736,0.02986,0.09455,0.01126,0.00707,0.0275,0.01833,0.01048,0.00576,0.10503,0.09193,0.07177,0.05343,0.05684,25.1405471599792
"Vancouver",2015-06-01,0.57024,0.04026,0.03443,0.35508,0.14881,0.15713,0.14992,0.18962,0.16297,0.19156,0.4814,0.5186,0.49695,0.07274,0.05081,0.02304,0.05664,0.29983,0.04303,0.08634,0.23598,0.08995,0.26874,0.19795,0.07801,0.54248,0.1166,0.20322,0.12021,0.1724,0.05775,0.0769,0.07468,0.0286,0.093,0.0075,0.0075,0.02582,0.0161,0.0111,0.00527,0.09994,0.08662,0.07107,0.05303,0.05664,25.1030760626398
"Vancouver",2015-07-01,0.53989,0.0648,0.03893,0.35638,0.14321,0.16499,0.14974,0.18323,0.16009,0.19875,0.47917,0.52083,0.50286,0.07106,0.05255,0.0226,0.05472,0.29622,0.04166,0.08494,0.23822,0.08576,0.26817,0.20419,0.07705,0.55486,0.10918,0.20174,0.11898,0.17506,0.0569,0.07868,0.07324,0.01933,0.09883,0.00953,0.00545,0.02831,0.01198,0.01198,0.0049,0.10509,0.0923,0.06425,0.05391,0.04955,24.6849507119387
"Vancouver",2015-08-01,0.52869,0.08197,0.03798,0.35137,0.14344,0.16503,0.15027,0.18251,0.16311,0.19563,0.48443,0.51557,0.50847,0.06776,0.05219,0.02077,0.05519,0.29563,0.04372,0.08716,0.24016,0.08552,0.26503,0.19836,0.08005,0.5612,0.10492,0.20273,0.12158,0.18306,0.05574,0.08115,0.07268,0.02514,0.09235,0.00683,0.00847,0.02623,0.00956,0.00902,0.00437,0.10109,0.09071,0.06639,0.05273,0.05273,25.1017491926803
"Vancouver",2015-09-01,0.56245,0.04575,0.04098,0.35083,0.13949,0.16531,0.1611,0.18383,0.15914,0.19113,0.47797,0.52203,0.50126,0.06483,0.05445,0.02217,0.05754,0.29975,0.0407,0.09346,0.23912,0.07802,0.26523,0.20348,0.07999,0.56582,0.10188,0.20657,0.11844,0.17401,0.05585,0.08729,0.07213,0.02722,0.08476,0.01067,0.00674,0.03817,0.00898,0.01095,0.00337,0.09486,0.09093,0.07045,0.05501,0.05276,25.1846906077348
"Vancouver",2015-10-01,0.57978,0.03663,0.03918,0.34441,0.13941,0.15957,0.16496,0.18427,0.15786,0.19392,0.47558,0.52442,0.50114,0.06445,0.05679,0.02186,0.05593,0.29983,0.03634,0.09654,0.23538,0.07922,0.25951,0.2121,0.08092,0.56246,0.11016,0.20926,0.11414,0.18313,0.05991,0.07553,0.07183,0.03066,0.08859,0.00937,0.00454,0.0335,0.00965,0.00937,0.00312,0.09739,0.09256,0.07694,0.05395,0.05565,25.0603471444569
"Vancouver",2015-11-01,0.57446,0.04601,0.03151,0.34802,0.1372,0.16537,0.16899,0.17596,0.16174,0.19074,0.47602,0.52398,0.50613,0.06637,0.05466,0.02147,0.05549,0.29587,0.03179,0.09927,0.23675,0.0778,0.26269,0.20552,0.08617,0.56999,0.10959,0.20106,0.1227,0.18684,0.04992,0.07334,0.07557,0.03625,0.08533,0.00892,0.00474,0.03374,0.00837,0.00725,0.00502,0.10095,0.09704,0.07836,0.05354,0.0541,25.1728260869565
"Vancouver",2015-12-01,0.58001,0.04183,0.03481,0.34335,0.13756,0.16704,0.17125,0.17574,0.16143,0.18697,0.48259,0.51741,0.50674,0.06738,0.05081,0.02021,0.05474,0.30011,0.02948,0.10584,0.23779,0.0685,0.26446,0.20859,0.08535,0.57468,0.10837,0.19764,0.12325,0.1895,0.05334,0.0772,0.07468,0.03004,0.08984,0.00786,0.00281,0.03116,0.00814,0.0087,0.00225,0.10359,0.09573,0.0758,0.05531,0.05053,25.3640348015226
